job,kind,state,source,left,right,threshold,gradient_cosine,bf16_cosine,bf16_l2_difference,left_count,right_count,intersection,union,jaccard,layer_random_ratio,fixed_0.0001_defined,fixed_0.0001_count,fixed_0.0001_jaccard,fixed_0.0005_defined,fixed_0.0005_count,fixed_0.0005_jaccard,fixed_0.001_defined,fixed_0.001_count,fixed_0.001_jaccard
density-m-pg500-draw42,density,m-pg500,raw/density-m-pg500-draw42/measurements.json,zero_gradient,sampled_pg,0.0,,0.8744644502937836,0.016843277548467612,2793621,2973985,2487517,3280089,0.7583687515796065,0.0009224199332301944,,,,,,,,,
density-m-pg500-draw42,density,m-pg500,raw/density-m-pg500-draw42/measurements.json,zero_gradient,sampled_pg,1e-05,,0.8744644502937836,0.016843277548467612,624869,667131,552392,739608,0.7468713156158397,0.00021270775264653282,,,,,,,,,
density-m-pg500-draw42,density,m-pg500,raw/density-m-pg500-draw42/measurements.json,zero_gradient,student_topk,0.0,,0.8634959456779211,0.0176187419830663,2793621,3000684,2462937,3331368,0.7393170013039688,0.0009271590513579099,,,,,,,,,
density-m-pg500-draw42,density,m-pg500,raw/density-m-pg500-draw42/measurements.json,zero_gradient,student_topk,1e-05,,0.8634959456779211,0.0176187419830663,624869,674920,546984,752805,0.7265945364337378,0.00021416039165694561,,,,,,,,,
density-m-pg500-draw42,density,m-pg500,raw/density-m-pg500-draw42/measurements.json,zero_gradient,topk_intersection,0.0,,0.8625683354667208,0.017666020980205362,2793621,2999783,2457729,3335675,0.7368010972291965,0.0009267481245277478,,,,,,,,,
density-m-pg500-draw42,density,m-pg500,raw/density-m-pg500-draw42/measurements.json,zero_gradient,topk_intersection,1e-05,,0.8625683354667208,0.017666020980205362,624869,674231,545770,753330,0.7244766569763583,0.00021395734110009776,,,,,,,,,
density-m-pg500-draw42,density,m-pg500,raw/density-m-pg500-draw42/measurements.json,zero_gradient,teacher_topk,0.0,,0.8627271277089719,0.01765436625127373,2793621,2999333,2457549,3335405,0.7368067745895925,0.0009267211319554631,,,,,,,,,
density-m-pg500-draw42,density,m-pg500,raw/density-m-pg500-draw42/measurements.json,zero_gradient,teacher_topk,1e-05,,0.8627271277089719,0.01765436625127373,624869,674152,545757,753264,0.7245228764417256,0.0002139487519084189,,,,,,,,,
density-m-pg500-draw42,density,m-pg500,raw/density-m-pg500-draw42/measurements.json,zero_gradient,full_vocab,0.0,,0.8640624156614923,0.01759334093814722,2793621,3000873,2463707,3330787,0.7396771393667623,0.0009272456994526363,,,,,,,,,
density-m-pg500-draw42,density,m-pg500,raw/density-m-pg500-draw42/measurements.json,zero_gradient,full_vocab,1e-05,,0.8640624156614923,0.01759334093814722,624869,675333,547443,752759,0.727248694469279,0.0002142604501939931,,,,,,,,,
density-m-pg500-draw42,density,m-pg500,raw/density-m-pg500-draw42/measurements.json,zero_gradient,sampled_pg_draw1,0.0,,0.8755881621241725,0.01677851372875445,2793621,2955717,2494513,3254825,0.7664046454110436,0.00092069420715373,,,,,,,,,
density-m-pg500-draw42,density,m-pg500,raw/density-m-pg500-draw42/measurements.json,zero_gradient,sampled_pg_draw1,1e-05,,0.8755881621241725,0.01677851372875445,624869,664197,553889,735177,0.7534090429923678,0.00021265822130355855,,,,,,,,,
density-m-pg500-draw42,density,m-pg500,raw/density-m-pg500-draw42/measurements.json,zero_gradient,sampled_pg_draw2,0.0,,0.8700223469047847,0.01717120874902499,2793621,2997714,2480417,3310918,0.7491629209784114,0.0009262185350504519,,,,,,,,,
density-m-pg500-draw42,density,m-pg500,raw/density-m-pg500-draw42/measurements.json,zero_gradient,sampled_pg_draw2,1e-05,,0.8700223469047847,0.01717120874902499,624869,672856,550663,747062,0.7371048186094327,0.00021361924750712183,,,,,,,,,
density-m-pg500-draw42,density,m-pg500,raw/density-m-pg500-draw42/measurements.json,zero_gradient,sampled_pg_draw3,0.0,,0.8637806627572776,0.017606445426636336,2793621,2983631,2461682,3315570,0.742461175604798,0.0009251576794308318,,,,,,,,,
density-m-pg500-draw42,density,m-pg500,raw/density-m-pg500-draw42/measurements.json,zero_gradient,sampled_pg_draw3,1e-05,,0.8637806627572776,0.017606445426636336,624869,671402,546686,749585,0.7293182227499216,0.00021381670394720752,,,,,,,,,
density-m-pg500-draw42,density,m-pg500,raw/density-m-pg500-draw42/measurements.json,sampled_pg,student_topk,0.0,0.537279764250952,0.8825223804456237,0.016506919577025395,2973985,3000684,2608236,3366433,0.7747773385063657,0.0009582057710476001,,,,,,,,,
density-m-pg500-draw42,density,m-pg500,raw/density-m-pg500-draw42/measurements.json,sampled_pg,student_topk,1e-05,0.537279764250952,0.8825223804456237,0.016506919577025395,667131,674920,581314,760737,0.7641458217491722,0.00022135973239053024,,,,,,,,,
density-m-pg500-draw42,density,m-pg500,raw/density-m-pg500-draw42/measurements.json,sampled_pg,topk_intersection,0.0,0.6097154096969911,0.8948666636112755,0.01560621807094419,2973985,2999783,2647251,3326517,0.7958026368120169,0.0009578338899115207,,,,,,,,,
density-m-pg500-draw42,density,m-pg500,raw/density-m-pg500-draw42/measurements.json,sampled_pg,topk_intersection,1e-05,0.6097154096969911,0.8948666636112755,0.01560621807094419,667131,674231,590559,750803,0.7865698458850058,0.00022115696975509103,,,,,,,,,
density-m-pg500-draw42,density,m-pg500,raw/density-m-pg500-draw42/measurements.json,sampled_pg,teacher_topk,0.0,0.5973437911771237,0.8927135577373668,0.01576405592726368,2973985,2999333,2640476,3332842,0.7922595790619538,0.0009577819786354205,,,,,,,,,
density-m-pg500-draw42,density,m-pg500,raw/density-m-pg500-draw42/measurements.json,sampled_pg,teacher_topk,1e-05,0.5973437911771237,0.8927135577373668,0.01576405592726368,667131,674152,588958,752325,0.7828504967932742,0.00022114189603583941,,,,,,,,,
density-m-pg500-draw42,density,m-pg500,raw/density-m-pg500-draw42/measurements.json,sampled_pg,full_vocab,0.0,0.45760540567593777,0.8719067529633274,0.017245924720737764,2973985,3000873,2577233,3397625,0.7585395680806446,0.0009582376818476462,,,,,,,,,
density-m-pg500-draw42,density,m-pg500,raw/density-m-pg500-draw42/measurements.json,sampled_pg,full_vocab,1e-05,0.45760540567593777,0.8719067529633274,0.017245924720737764,667131,675333,573886,768578,0.7466854372620606,0.00022144897785927534,,,,,,,,,
density-m-pg500-draw42,density,m-pg500,raw/density-m-pg500-draw42/measurements.json,sampled_pg,sampled_pg_draw1,0.0,0.046181254612381525,0.8317904531310394,0.019708004227228217,2973985,2955717,2436900,3492802,0.6976919962826407,0.0009509586603092664,,,,,,,,,
density-m-pg500-draw42,density,m-pg500,raw/density-m-pg500-draw42/measurements.json,sampled_pg,sampled_pg_draw1,1e-05,0.046181254612381525,0.8317904531310394,0.019708004227228217,667131,664197,538137,793191,0.6784456707148719,0.00021967545356899217,,,,,,,,,
density-m-pg500-draw42,density,m-pg500,raw/density-m-pg500-draw42/measurements.json,sampled_pg,sampled_pg_draw2,0.0,0.7616221076575713,0.9323997499858747,0.01250784732708911,2973985,2997714,2772673,3199026,0.8667241216545286,0.0009574537551191123,,,,,,,,,
density-m-pg500-draw42,density,m-pg500,raw/density-m-pg500-draw42/measurements.json,sampled_pg,sampled_pg_draw2,1e-05,0.7616221076575713,0.9323997499858747,0.01250784732708911,667131,672856,619699,720288,0.8603489159891599,0.00022084337543560274,,,,,,,,,
density-m-pg500-draw42,density,m-pg500,raw/density-m-pg500-draw42/measurements.json,sampled_pg,sampled_pg_draw3,0.0,-0.302747752714087,0.7851045814281501,0.022331425772128804,2973985,2983631,2308693,3648923,0.6327053215428223,0.0009557757960604756,,,,,,,,,
density-m-pg500-draw42,density,m-pg500,raw/density-m-pg500-draw42/measurements.json,sampled_pg,sampled_pg_draw3,1e-05,-0.302747752714087,0.7851045814281501,0.022331425772128804,667131,671402,505848,832685,0.6074902273969148,0.00022091040419811814,,,,,,,,,
density-m-pg500-draw42,density,m-pg500,raw/density-m-pg500-draw42/measurements.json,student_topk,topk_intersection,0.0,0.891883552749123,0.9446620637337222,0.011352725556534748,3000684,2999783,2816372,3184095,0.8845125538025719,0.0009628257237918856,,,,,,,,,
density-m-pg500-draw42,density,m-pg500,raw/density-m-pg500-draw42/measurements.json,student_topk,topk_intersection,1e-05,0.891883552749123,0.9446620637337222,0.011352725556534748,674920,674231,631910,717241,0.8810288313133242,0.0002227081704659265,,,,,,,,,
density-m-pg500-draw42,density,m-pg500,raw/density-m-pg500-draw42/measurements.json,student_topk,teacher_topk,0.0,0.8869431824642243,0.9428015786762494,0.011541198388256669,3000684,2999333,2810168,3189849,0.880972108711102,0.0009627703747751562,,,,,,,,,
density-m-pg500-draw42,density,m-pg500,raw/density-m-pg500-draw42/measurements.json,student_topk,teacher_topk,1e-05,0.8869431824642243,0.9428015786762494,0.011541198388256669,674920,674152,630467,718605,0.877348473779058,0.00022269200682317457,,,,,,,,,
density-m-pg500-draw42,density,m-pg500,raw/density-m-pg500-draw42/measurements.json,student_topk,full_vocab,0.0,0.9725540649612994,0.9726849425509401,0.007984920827463651,3000684,3000873,2916515,3085042,0.9453728668847944,0.0009632766740133182,,,,,,,,,
density-m-pg500-draw42,density,m-pg500,raw/density-m-pg500-draw42/measurements.json,student_topk,full_vocab,1e-05,0.9725540649612994,0.9726849425509401,0.007984920827463651,674920,675333,655210,695043,0.942689876741439,0.00022301661777479102,,,,,,,,,
density-m-pg500-draw42,density,m-pg500,raw/density-m-pg500-draw42/measurements.json,student_topk,sampled_pg_draw1,0.0,0.06933013698709309,0.824052772490715,0.020211417052601353,3000684,2955717,2422849,3533552,0.685669547243114,0.0009559119014894801,,,,,,,,,
density-m-pg500-draw42,density,m-pg500,raw/density-m-pg500-draw42/measurements.json,student_topk,sampled_pg_draw1,1e-05,0.06933013698709309,0.824052772490715,0.020211417052601353,674920,664197,535452,803665,0.666262684078565,0.00022120798658524518,,,,,,,,,
density-m-pg500-draw42,density,m-pg500,raw/density-m-pg500-draw42/measurements.json,student_topk,sampled_pg_draw2,0.0,0.6688872053105337,0.8943935547301192,0.015675402073632272,3000684,2997714,2654185,3344213,0.7936650566216925,0.0009623990822685428,,,,,,,,,
density-m-pg500-draw42,density,m-pg500,raw/density-m-pg500-draw42/measurements.json,student_topk,sampled_pg_draw2,1e-05,0.6688872053105337,0.8943935547301192,0.015675402073632272,674920,672856,592549,755227,0.7845972138178322,0.00022237926526492313,,,,,,,,,
density-m-pg500-draw42,density,m-pg500,raw/density-m-pg500-draw42/measurements.json,student_topk,sampled_pg_draw3,0.0,-0.05435573581403732,0.8076736360492266,0.02118271499663312,3000684,2983631,2381663,3602652,0.6610860554946745,0.0009607095876983123,,,,,,,,,
density-m-pg500-draw42,density,m-pg500,raw/density-m-pg500-draw42/measurements.json,student_topk,sampled_pg_draw3,1e-05,-0.05435573581403732,0.8076736360492266,0.02118271499663312,674920,671402,524806,821516,0.6388262675346554,0.00022244161615823078,,,,,,,,,
density-m-pg500-draw42,density,m-pg500,raw/density-m-pg500-draw42/measurements.json,topk_intersection,teacher_topk,0.0,0.997230824770637,0.9910652128086124,0.004558746316373894,2999783,2999333,2970642,3028474,0.9809039139844027,0.0009623767430864147,,,,,,,,,
density-m-pg500-draw42,density,m-pg500,raw/density-m-pg500-draw42/measurements.json,topk_intersection,teacher_topk,1e-05,0.997230824770637,0.9910652128086124,0.004558746316373894,674231,674152,667445,680938,0.9801846864178531,0.0002224798126836795,,,,,,,,,
density-m-pg500-draw42,density,m-pg500,raw/density-m-pg500-draw42/measurements.json,topk_intersection,full_vocab,0.0,0.8489139183428044,0.9330564393488994,0.012493236091638198,2999783,3000873,2781367,3219289,0.8639693422988741,0.0009628555119147648,,,,,,,,,
density-m-pg500-draw42,density,m-pg500,raw/density-m-pg500-draw42/measurements.json,topk_intersection,full_vocab,1e-05,0.8489139183428044,0.9330564393488994,0.012493236091638198,674231,675333,623781,725783,0.8594593700872024,0.00022279644414014777,,,,,,,,,
density-m-pg500-draw42,density,m-pg500,raw/density-m-pg500-draw42/measurements.json,topk_intersection,sampled_pg_draw1,0.0,0.017694088713046376,0.8184401809323859,0.020519049300176905,2999783,2955717,2404470,3551030,0.6771190330692785,0.0009554979831382724,,,,,,,,,
density-m-pg500-draw42,density,m-pg500,raw/density-m-pg500-draw42/measurements.json,topk_intersection,sampled_pg_draw1,1e-05,0.017694088713046376,0.8184401809323859,0.020519049300176905,674231,664197,530734,807694,0.6570978613187668,0.00022099464076263264,,,,,,,,,
density-m-pg500-draw42,density,m-pg500,raw/density-m-pg500-draw42/measurements.json,topk_intersection,sampled_pg_draw2,0.0,0.763619925131405,0.9085154638214074,0.014581127759718239,2999783,2997714,2700982,3296515,0.8193446715698245,0.0009620123282936713,,,,,,,,,
density-m-pg500-draw42,density,m-pg500,raw/density-m-pg500-draw42/measurements.json,topk_intersection,sampled_pg_draw2,1e-05,0.763619925131405,0.9085154638214074,0.014581127759718239,674231,672856,603543,743544,0.8117112100965108,0.0002221694733761706,,,,,,,,,
density-m-pg500-draw42,density,m-pg500,raw/density-m-pg500-draw42/measurements.json,topk_intersection,sampled_pg_draw3,0.0,-0.0354275985158719,0.8073212930543067,0.021189855741686404,2999783,2983631,2379699,3603715,0.6603460595524341,0.000960338753581538,,,,,,,,,
density-m-pg500-draw42,density,m-pg500,raw/density-m-pg500-draw42/measurements.json,topk_intersection,sampled_pg_draw3,1e-05,-0.0354275985158719,0.8073212930543067,0.021189855741686404,674231,671402,524276,821357,0.6383046592407443,0.0002222365631021733,,,,,,,,,
density-m-pg500-draw42,density,m-pg500,raw/density-m-pg500-draw42/measurements.json,teacher_topk,full_vocab,0.0,0.8525638449800147,0.9337755360515275,0.012425118957676926,2999333,3000873,2783360,3216846,0.8652450257177372,0.0009628043465687814,,,,,,,,,
density-m-pg500-draw42,density,m-pg500,raw/density-m-pg500-draw42/measurements.json,teacher_topk,full_vocab,1e-05,0.8525638449800147,0.9337755360515275,0.012425118957676926,674152,675333,624276,725209,0.860822190568512,0.00022278123803619502,,,,,,,,,
density-m-pg500-draw42,density,m-pg500,raw/density-m-pg500-draw42/measurements.json,teacher_topk,sampled_pg_draw1,0.0,0.004644675841327598,0.8166871380188714,0.020616404033341355,2999333,2955717,2399209,3555841,0.6747233636149648,0.0009554529208580721,,,,,,,,,
density-m-pg500-draw42,density,m-pg500,raw/density-m-pg500-draw42/measurements.json,teacher_topk,sampled_pg_draw1,1e-05,0.004644675841327598,0.8166871380188714,0.020616404033341355,674152,664197,529385,808964,0.6543987124272527,0.00022098052768058652,,,,,,,,,
density-m-pg500-draw42,density,m-pg500,raw/density-m-pg500-draw42/measurements.json,teacher_topk,sampled_pg_draw2,0.0,0.7528058094831405,0.9067511322347329,0.014720019516456264,2999333,2997714,2695234,3301813,0.8162891114669426,0.0009619558492299219,,,,,,,,,
density-m-pg500-draw42,density,m-pg500,raw/density-m-pg500-draw42/measurements.json,teacher_topk,sampled_pg_draw2,1e-05,0.7528058094831405,0.9067511322347329,0.014720019516456264,674152,672856,602161,744847,0.8084358264180429,0.0002221532272521508,,,,,,,,,
density-m-pg500-draw42,density,m-pg500,raw/density-m-pg500-draw42/measurements.json,teacher_topk,sampled_pg_draw3,0.0,-0.03002881502814982,0.8080475457038216,0.02114841976884944,2999333,2983631,2381181,3601783,0.6611117327168239,0.0009603009961506233,,,,,,,,,
density-m-pg500-draw42,density,m-pg500,raw/density-m-pg500-draw42/measurements.json,teacher_topk,sampled_pg_draw3,1e-05,-0.03002881502814982,0.8080475457038216,0.02114841976884944,674152,671402,524692,820862,0.6391963570003241,0.00022222473691630088,,,,,,,,,
density-m-pg500-draw42,density,m-pg500,raw/density-m-pg500-draw42/measurements.json,full_vocab,sampled_pg_draw1,0.0,0.10683437724214145,0.8282935397083645,0.019977089966830456,3000873,2955717,2433571,3523019,0.690762950753317,0.0009559635442684211,,,,,,,,,
density-m-pg500-draw42,density,m-pg500,raw/density-m-pg500-draw42/measurements.json,full_vocab,sampled_pg_draw1,1e-05,0.10683437724214145,0.8282935397083645,0.019977089966830456,675333,664197,538454,801076,0.6721634401729674,0.00022130092602698582,,,,,,,,,
density-m-pg500-draw42,density,m-pg500,raw/density-m-pg500-draw42/measurements.json,full_vocab,sampled_pg_draw2,0.0,0.636979826199315,0.8909459025243543,0.015937732723548727,3000873,2997714,2643687,3354900,0.7880076902441205,0.0009624195852752049,,,,,,,,,
density-m-pg500-draw42,density,m-pg500,raw/density-m-pg500-draw42/measurements.json,full_vocab,sampled_pg_draw2,1e-05,0.636979826199315,0.8909459025243543,0.015937732723548727,675333,672856,590155,758034,0.7785336805473105,0.0002224652437367809,,,,,,,,,
density-m-pg500-draw42,density,m-pg500,raw/density-m-pg500-draw42/measurements.json,full_vocab,sampled_pg_draw3,0.0,-0.004011684068323788,0.8118865921798544,0.0209603569717074,3000873,2983631,2391320,3593184,0.665515598421901,0.000960779524216625,,,,,,,,,
density-m-pg500-draw42,density,m-pg500,raw/density-m-pg500-draw42/measurements.json,full_vocab,sampled_pg_draw3,1e-05,-0.004011684068323788,0.8118865921798544,0.0209603569717074,675333,671402,527676,819059,0.6442466293636966,0.00022254074401289683,,,,,,,,,
density-m-pg500-draw42,density,m-pg500,raw/density-m-pg500-draw42/measurements.json,sampled_pg_draw1,sampled_pg_draw2,0.0,0.09057195835908592,0.8324849142337382,0.019699445716021353,2955717,2997714,2443910,3509521,0.696365686371445,0.0009550389728859839,,,,,,,,,
density-m-pg500-draw42,density,m-pg500,raw/density-m-pg500-draw42/measurements.json,sampled_pg_draw1,sampled_pg_draw2,1e-05,0.09057195835908592,0.8324849142337382,0.019699445716021353,664197,672856,540263,796790,0.6780494233110356,0.00022066239103510102,,,,,,,,,
density-m-pg500-draw42,density,m-pg500,raw/density-m-pg500-draw42/measurements.json,sampled_pg_draw1,sampled_pg_draw3,0.0,0.05270156323812075,0.8178451448126792,0.020570844049582513,2955717,2983631,2403889,3535459,0.6799368907969234,0.0009536031560583156,,,,,,,,,
density-m-pg500-draw42,density,m-pg500,raw/density-m-pg500-draw42/measurements.json,sampled_pg_draw1,sampled_pg_draw3,1e-05,0.05270156323812075,0.8178451448126792,0.020570844049582513,664197,671402,530758,804841,0.6594569610643592,0.00022078487788792687,,,,,,,,,
density-m-pg500-draw42,density,m-pg500,raw/density-m-pg500-draw42/measurements.json,sampled_pg_draw2,sampled_pg_draw3,0.0,-0.32955156765589244,0.7817521743806625,0.02254087565174511,2997714,2983631,2306249,3675096,0.6275343555651335,0.0009598758442638122,,,,,,,,,
density-m-pg500-draw42,density,m-pg500,raw/density-m-pg500-draw42/measurements.json,sampled_pg_draw2,sampled_pg_draw3,1e-05,-0.32955156765589244,0.7817521743806625,0.02254087565174511,672856,671402,504958,839300,0.6016418443941379,0.000221900140711678,,,,,,,,,
density-m-pg500-draw43,density,m-pg500,raw/density-m-pg500-draw43/measurements.json,zero_gradient,sampled_pg,0.0,,0.8772070202655265,0.01661370822156075,2793621,2907740,2494036,3207325,0.7776062606689376,0.0009149082091489718,,,,,,,,,
density-m-pg500-draw43,density,m-pg500,raw/density-m-pg500-draw43/measurements.json,zero_gradient,sampled_pg,1e-05,,0.8772070202655265,0.01661370822156075,624869,653520,553137,725252,0.7626824882937241,0.0002115658969166395,,,,,,,,,
density-m-pg500-draw43,density,m-pg500,raw/density-m-pg500-draw43/measurements.json,zero_gradient,student_topk,0.0,,0.8820376702411001,0.016295310973770342,2793621,2911451,2509385,3195687,0.7852411703649325,0.0009156112917564749,,,,,,,,,
density-m-pg500-draw43,density,m-pg500,raw/density-m-pg500-draw43/measurements.json,zero_gradient,student_topk,1e-05,,0.8820376702411001,0.016295310973770342,624869,654830,556588,723111,0.769713086925797,0.00021183396666938658,,,,,,,,,
density-m-pg500-draw43,density,m-pg500,raw/density-m-pg500-draw43/measurements.json,zero_gradient,topk_intersection,0.0,,0.8820904265763654,0.016291555759416466,2793621,2911449,2509352,3195718,0.7852232268304025,0.0009156140234229955,,,,,,,,,
density-m-pg500-draw43,density,m-pg500,raw/density-m-pg500-draw43/measurements.json,zero_gradient,topk_intersection,1e-05,,0.8820904265763654,0.016291555759416466,624869,654819,556601,723087,0.7697566129663512,0.0002118331625762338,,,,,,,,,
density-m-pg500-draw43,density,m-pg500,raw/density-m-pg500-draw43/measurements.json,zero_gradient,teacher_topk,0.0,,0.882079711333808,0.016291947441378584,2793621,2911403,2509402,3195622,0.7852624622061057,0.0009156072635516626,,,,,,,,,
density-m-pg500-draw43,density,m-pg500,raw/density-m-pg500-draw43/measurements.json,zero_gradient,teacher_topk,1e-05,,0.882079711333808,0.016291947441378584,624869,654813,556584,723098,0.769721393227474,0.00021183230907301993,,,,,,,,,
density-m-pg500-draw43,density,m-pg500,raw/density-m-pg500-draw43/measurements.json,zero_gradient,full_vocab,0.0,,0.8820999125301112,0.016291804358750148,2793621,2911453,2509432,3195642,0.7852669354076584,0.0009156165328319541,,,,,,,,,
density-m-pg500-draw43,density,m-pg500,raw/density-m-pg500-draw43/measurements.json,zero_gradient,full_vocab,1e-05,,0.8820999125301112,0.016291804358750148,624869,654853,556647,723075,0.7698330048750129,0.00021183895083900446,,,,,,,,,
density-m-pg500-draw43,density,m-pg500,raw/density-m-pg500-draw43/measurements.json,zero_gradient,sampled_pg_draw1,0.0,,0.8845879579151591,0.01611311648684879,2793621,2909765,2516106,3187280,0.7894210737682287,0.000915341987215955,,,,,,,,,
density-m-pg500-draw43,density,m-pg500,raw/density-m-pg500-draw43/measurements.json,zero_gradient,sampled_pg_draw1,1e-05,,0.8845879579151591,0.01611311648684879,624869,654394,558127,721136,0.773955259479488,0.00021176580229521194,,,,,,,,,
density-m-pg500-draw43,density,m-pg500,raw/density-m-pg500-draw43/measurements.json,zero_gradient,sampled_pg_draw2,0.0,,0.8848585762002295,0.01609356042329621,2793621,2909141,2517089,3185673,0.7901278630920374,0.0009152698194115149,,,,,,,,,
density-m-pg500-draw43,density,m-pg500,raw/density-m-pg500-draw43/measurements.json,zero_gradient,sampled_pg_draw2,1e-05,,0.8848585762002295,0.01609356042329621,624869,654269,558306,720832,0.7745299875699192,0.0002117522327334605,,,,,,,,,
density-m-pg500-draw43,density,m-pg500,raw/density-m-pg500-draw43/measurements.json,zero_gradient,sampled_pg_draw3,0.0,,0.8800494001767055,0.016410297349119342,2793621,2905889,2495714,3203796,0.7789865522024498,0.0009139698522677387,,,,,,,,,
density-m-pg500-draw43,density,m-pg500,raw/density-m-pg500-draw43/measurements.json,zero_gradient,sampled_pg_draw3,1e-05,,0.8800494001767055,0.016410297349119342,624869,652384,553889,723364,0.7657126978948358,0.00021112540669967274,,,,,,,,,
density-m-pg500-draw43,density,m-pg500,raw/density-m-pg500-draw43/measurements.json,sampled_pg,student_topk,0.0,0.7806553063953656,0.9203196722789223,0.013502201580586395,2907740,2911451,2672755,3146436,0.8494547481658613,0.0009371622207225749,,,,,,,,,
density-m-pg500-draw43,density,m-pg500,raw/density-m-pg500-draw43/measurements.json,sampled_pg,student_topk,1e-05,0.7806553063953656,0.9203196722789223,0.013502201580586395,653520,654830,597587,710763,0.8407683011074015,0.00021744115784741946,,,,,,,,,
density-m-pg500-draw43,density,m-pg500,raw/density-m-pg500-draw43/measurements.json,sampled_pg,topk_intersection,0.0,0.7810270843883793,0.9204024304451395,0.013495103576595556,2907740,2911449,2672962,3146227,0.8495769694939367,0.0009371651777443944,,,,,,,,,
density-m-pg500-draw43,density,m-pg500,raw/density-m-pg500-draw43/measurements.json,sampled_pg,topk_intersection,1e-05,0.7810270843883793,0.9204024304451395,0.013495103576595556,653520,654819,597623,710716,0.8408745546744409,0.0002174401263569428,,,,,,,,,
density-m-pg500-draw43,density,m-pg500,raw/density-m-pg500-draw43/measurements.json,sampled_pg,teacher_topk,0.0,0.7808784516758006,0.9203514538772585,0.01349917253311554,2907740,2911403,2672824,3146319,0.8495082666442914,0.0009371581865279776,,,,,,,,,
density-m-pg500-draw43,density,m-pg500,raw/density-m-pg500-draw43/measurements.json,sampled_pg,teacher_topk,1e-05,0.7808784516758006,0.9203514538772585,0.01349917253311554,653520,654813,597580,710753,0.8407702816590292,0.00021743936878395676,,,,,,,,,
density-m-pg500-draw43,density,m-pg500,raw/density-m-pg500-draw43/measurements.json,sampled_pg,full_vocab,0.0,0.7797235723023715,0.9200958201843756,0.013521725238342573,2907740,2911453,2672175,3147018,0.8491133511152462,0.0009371678056296995,,,,,,,,,
density-m-pg500-draw43,density,m-pg500,raw/density-m-pg500-draw43/measurements.json,sampled_pg,full_vocab,1e-05,0.7797235723023715,0.9200958201843756,0.013521725238342573,653520,654853,597435,710938,0.8403475408544767,0.00021744626838311965,,,,,,,,,
density-m-pg500-draw43,density,m-pg500,raw/density-m-pg500-draw43/measurements.json,sampled_pg,sampled_pg_draw1,0.0,0.7155083714163356,0.9108171929825689,0.014280516461893735,2907740,2909765,2644858,3172647,0.8336439572382304,0.0009368777553735425,,,,,,,,,
density-m-pg500-draw43,density,m-pg500,raw/density-m-pg500-draw43/measurements.json,sampled_pg,sampled_pg_draw1,1e-05,0.7155083714163356,0.9108171929825689,0.014280516461893735,653520,654394,590641,717273,0.8234535525525148,0.00021736911776283876,,,,,,,,,
density-m-pg500-draw43,density,m-pg500,raw/density-m-pg500-draw43/measurements.json,sampled_pg,sampled_pg_draw2,0.0,0.7381364758397861,0.9143514607544254,0.013994177271353318,2907740,2909141,2655105,3161776,0.8397511398656957,0.0009368042839461115,,,,,,,,,
density-m-pg500-draw43,density,m-pg500,raw/density-m-pg500-draw43/measurements.json,sampled_pg,sampled_pg_draw2,1e-05,0.7381364758397861,0.9143514607544254,0.013994177271353318,653520,654269,593136,714653,0.8299636327000657,0.00021735505112164652,,,,,,,,,
density-m-pg500-draw43,density,m-pg500,raw/density-m-pg500-draw43/measurements.json,sampled_pg,sampled_pg_draw3,0.0,0.8011928678162882,0.9378290876672366,0.011913144043746724,2907740,2905889,2713675,3099954,0.8753920219461321,0.0009353887307475249,,,,,,,,,
density-m-pg500-draw43,density,m-pg500,raw/density-m-pg500-draw43/measurements.json,sampled_pg,sampled_pg_draw3,1e-05,0.8011928678162882,0.9378290876672366,0.011913144043746724,653520,652384,607555,698349,0.8699876422820109,0.00021668411095016193,,,,,,,,,
density-m-pg500-draw43,density,m-pg500,raw/density-m-pg500-draw43/measurements.json,student_topk,topk_intersection,0.0,0.9999537969958392,0.9991397224962614,0.0014037927600779596,2911451,2911449,2908502,2914398,0.9979769406923831,0.0009379206707294307,,,,,,,,,
density-m-pg500-draw43,density,m-pg500,raw/density-m-pg500-draw43/measurements.json,student_topk,topk_intersection,1e-05,0.9999537969958392,0.9991397224962614,0.0014037927600779596,654830,654819,654147,655502,0.9979328819744258,0.00021772716766520903,,,,,,,,,
density-m-pg500-draw43,density,m-pg500,raw/density-m-pg500-draw43/measurements.json,student_topk,teacher_topk,0.0,0.9999627861370693,0.9991694411274079,0.0013793079600866423,2911451,2911403,2908756,2914098,0.9981668427074175,0.0009379139392990423,,,,,,,,,
density-m-pg500-draw43,density,m-pg500,raw/density-m-pg500-draw43/measurements.json,student_topk,teacher_topk,1e-05,0.9999627861370693,0.9991694411274079,0.0013793079600866423,654830,654813,654197,655446,0.9980944273059871,0.0002177263653046862,,,,,,,,,
density-m-pg500-draw43,density,m-pg500,raw/density-m-pg500-draw43/measurements.json,student_topk,full_vocab,0.0,0.9999486276775451,0.9989807231620621,0.001528098106122347,2911451,2911453,2908042,2914862,0.9976602665923807,0.0009379236492097,,,,,,,,,
density-m-pg500-draw43,density,m-pg500,raw/density-m-pg500-draw43/measurements.json,student_topk,full_vocab,1e-05,0.9999486276775451,0.9989807231620621,0.001528098106122347,654830,654853,654035,655648,0.9975398384498999,0.00021773346425805722,,,,,,,,,
density-m-pg500-draw43,density,m-pg500,raw/density-m-pg500-draw43/measurements.json,student_topk,sampled_pg_draw1,0.0,0.9789311318767421,0.9756049799601502,0.007473330734018206,2911451,2909765,2836703,2984513,0.9504743319931929,0.0009376361679127769,,,,,,,,,
density-m-pg500-draw43,density,m-pg500,raw/density-m-pg500-draw43/measurements.json,student_topk,sampled_pg_draw1,1e-05,0.9789311318767421,0.9756049799601502,0.007473330734018206,654830,654394,637334,671890,0.9485689621813095,0.00021765616478201065,,,,,,,,,
density-m-pg500-draw43,density,m-pg500,raw/density-m-pg500-draw43/measurements.json,student_topk,sampled_pg_draw2,0.0,0.9815141752880921,0.97711303814152,0.007238395986329016,2911451,2909141,2841241,2979351,0.9536442668218682,0.0009375631065642553,,,,,,,,,
density-m-pg500-draw43,density,m-pg500,raw/density-m-pg500-draw43/measurements.json,student_topk,sampled_pg_draw2,1e-05,0.9815141752880921,0.97711303814152,0.007238395986329016,654830,654269,638396,670703,0.9518311383727224,0.0002176423974930117,,,,,,,,,
density-m-pg500-draw43,density,m-pg500,raw/density-m-pg500-draw43/measurements.json,student_topk,sampled_pg_draw3,0.0,0.6361722855850204,0.9024695524493435,0.014930209388227068,2911451,2905889,2613445,3203895,0.8157086920763633,0.0009360791122123717,,,,,,,,,
density-m-pg500-draw43,density,m-pg500,raw/density-m-pg500-draw43/measurements.json,student_topk,sampled_pg_draw3,1e-05,0.6361722855850204,0.9024695524493435,0.014930209388227068,654830,652384,583222,723992,0.8055641498801092,0.00021695476645213486,,,,,,,,,
density-m-pg500-draw43,density,m-pg500,raw/density-m-pg500-draw43/measurements.json,topk_intersection,teacher_topk,0.0,0.9999603911683764,0.9992556886963155,0.0013057214720035696,2911449,2911403,2908840,2914012,0.9982251274188301,0.0009379168484142942,,,,,,,,,
density-m-pg500-draw43,density,m-pg500,raw/density-m-pg500-draw43/measurements.json,topk_intersection,teacher_topk,1e-05,0.9999603911683764,0.9992556886963155,0.0013057214720035696,654819,654813,654221,655411,0.9981843453954846,0.0002177254564360801,,,,,,,,,
density-m-pg500-draw43,density,m-pg500,raw/density-m-pg500-draw43/measurements.json,topk_intersection,full_vocab,0.0,0.9999346834585602,0.9988803643995133,0.001601551769103088,2911449,2911453,2907547,2915355,0.9973217669889258,0.00093792656152933,,,,,,,,,
density-m-pg500-draw43,density,m-pg500,raw/density-m-pg500-draw43/measurements.json,topk_intersection,full_vocab,1e-05,0.9999346834585602,0.9988803643995133,0.001601551769103088,654819,654853,653948,655724,0.9972915433932569,0.00021773255473321352,,,,,,,,,
density-m-pg500-draw43,density,m-pg500,raw/density-m-pg500-draw43/measurements.json,topk_intersection,sampled_pg_draw1,0.0,0.9791295863122124,0.9756507802711005,0.007466265041861069,2911449,2909765,2836894,2984320,0.950599801629852,0.0009376391543842116,,,,,,,,,
density-m-pg500-draw43,density,m-pg500,raw/density-m-pg500-draw43/measurements.json,topk_intersection,sampled_pg_draw1,1e-05,0.9791295863122124,0.9756507802711005,0.007466265041861069,654819,654394,637360,671853,0.9486599003055728,0.00021765528413478694,,,,,,,,,
density-m-pg500-draw43,density,m-pg500,raw/density-m-pg500-draw43/measurements.json,topk_intersection,sampled_pg_draw2,0.0,0.9817073705310992,0.9771665623771256,0.0072298813476152,2911449,2909141,2841367,2979223,0.9537275323129554,0.000937566075034144,,,,,,,,,
density-m-pg500-draw43,density,m-pg500,raw/density-m-pg500-draw43/measurements.json,topk_intersection,sampled_pg_draw2,1e-05,0.9817073705310992,0.9771665623771256,0.0072298813476152,654819,654269,638405,670683,0.9518729414641492,0.00021764151060342898,,,,,,,,,
density-m-pg500-draw43,density,m-pg500,raw/density-m-pg500-draw43/measurements.json,topk_intersection,sampled_pg_draw3,0.0,0.6364622377339852,0.9025910623080181,0.014920812159681813,2911449,2905889,2613599,3203739,0.8157964803000494,0.0009360824395282247,,,,,,,,,
density-m-pg500-draw43,density,m-pg500,raw/density-m-pg500-draw43/measurements.json,topk_intersection,sampled_pg_draw3,1e-05,0.6364622377339852,0.9025910623080181,0.014920812159681813,654819,652384,583272,723931,0.8057010958226681,0.00021695377467399396,,,,,,,,,
density-m-pg500-draw43,density,m-pg500,raw/density-m-pg500-draw43/measurements.json,teacher_topk,full_vocab,0.0,0.9999377868180358,0.998779442717102,0.001672146819503527,2911403,2911453,2907582,2915274,0.9973614830029699,0.0009379198277071048,,,,,,,,,
density-m-pg500-draw43,density,m-pg500,raw/density-m-pg500-draw43/measurements.json,teacher_topk,full_vocab,1e-05,0.9999377868180358,0.998779442717102,0.001672146819503527,654813,654853,653913,655753,0.9971940654484234,0.00021773175006947916,,,,,,,,,
density-m-pg500-draw43,density,m-pg500,raw/density-m-pg500-draw43/measurements.json,teacher_topk,sampled_pg_draw1,0.0,0.9791088963643294,0.9756866992599247,0.007460615953957003,2911403,2909765,2836940,2984228,0.9506445217992727,0.0009376323784093947,,,,,,,,,
density-m-pg500-draw43,density,m-pg500,raw/density-m-pg500-draw43/measurements.json,teacher_topk,sampled_pg_draw1,1e-05,0.9791088963643294,0.9756866992599247,0.007460615953957003,654813,654394,637400,671807,0.9487843978999921,0.00021765444797721025,,,,,,,,,
density-m-pg500-draw43,density,m-pg500,raw/density-m-pg500-draw43/measurements.json,teacher_topk,sampled_pg_draw2,0.0,0.9816895689356564,0.9772062312544049,0.007223462089100834,2911403,2909141,2841475,2979069,0.9538130872430279,0.0009375593468442887,,,,,,,,,
density-m-pg500-draw43,density,m-pg500,raw/density-m-pg500-draw43/measurements.json,teacher_topk,sampled_pg_draw2,1e-05,0.9816895689356564,0.9772062312544049,0.007223462089100834,654813,654269,638458,670624,0.952035715989884,0.0002176406977772913,,,,,,,,,
density-m-pg500-draw43,density,m-pg500,raw/density-m-pg500-draw43/measurements.json,teacher_topk,sampled_pg_draw3,0.0,0.6362537549791848,0.9025142197647564,0.014926415515828644,2911403,2905889,2613472,3203820,0.8157362148934709,0.0009360744920542768,,,,,,,,,
density-m-pg500-draw43,density,m-pg500,raw/density-m-pg500-draw43/measurements.json,teacher_topk,sampled_pg_draw3,1e-05,0.6362537549791848,0.9025142197647564,0.014926415515828644,654813,652384,583227,723970,0.8055955357266185,0.00021695286275307552,,,,,,,,,
density-m-pg500-draw43,density,m-pg500,raw/density-m-pg500-draw43/measurements.json,full_vocab,sampled_pg_draw1,0.0,0.979072184646863,0.975690959296947,0.007460467392758442,2911453,2909765,2837011,2984207,0.9506750034431257,0.0009376421281893719,,,,,,,,,
density-m-pg500-draw43,density,m-pg500,raw/density-m-pg500-draw43/measurements.json,full_vocab,sampled_pg_draw1,1e-05,0.979072184646863,0.975690959296947,0.007460467392758442,654853,654394,637412,671835,0.948762717036177,0.00021766153942918469,,,,,,,,,
density-m-pg500-draw43,density,m-pg500,raw/density-m-pg500-draw43/measurements.json,full_vocab,sampled_pg_draw2,0.0,0.9816946674645994,0.9772611050289877,0.007215252823818998,2911453,2909141,2841691,2978903,0.9539387485930223,0.0009375690781734349,,,,,,,,,
density-m-pg500-draw43,density,m-pg500,raw/density-m-pg500-draw43/measurements.json,full_vocab,sampled_pg_draw2,1e-05,0.9816946674645994,0.9772611050289877,0.007215252823818998,654853,654269,638485,670637,0.952057521431117,0.0002176477862314158,,,,,,,,,
density-m-pg500-draw43,density,m-pg500,raw/density-m-pg500-draw43/measurements.json,full_vocab,sampled_pg_draw3,0.0,0.635010709179865,0.9023203981342841,0.014942257077872783,2911453,2905889,2612974,3204368,0.8154412976287367,0.0009360841083743043,,,,,,,,,
density-m-pg500-draw43,density,m-pg500,raw/density-m-pg500-draw43/measurements.json,full_vocab,sampled_pg_draw3,1e-05,0.635010709179865,0.9023203981342841,0.014942257077872783,654853,652384,583138,724099,0.8053291055504841,0.00021695965107097862,,,,,,,,,
density-m-pg500-draw43,density,m-pg500,raw/density-m-pg500-draw43/measurements.json,sampled_pg_draw1,sampled_pg_draw2,0.0,0.9977768526323713,0.9921661738356861,0.0042335931081622135,2909765,2909141,2884677,2934229,0.9831124291934952,0.0009372829963989639,,,,,,,,,
density-m-pg500-draw43,density,m-pg500,raw/density-m-pg500-draw43/measurements.json,sampled_pg_draw1,sampled_pg_draw2,1e-05,0.9977768526323713,0.9921661738356861,0.0042335931081622135,654394,654269,648619,660044,0.982690547902867,0.0002175710511658783,,,,,,,,,
density-m-pg500-draw43,density,m-pg500,raw/density-m-pg500-draw43/measurements.json,sampled_pg_draw1,sampled_pg_draw3,0.0,0.5841405765372251,0.8962943738309103,0.015391111789423883,2909765,2905889,2595375,3220279,0.8059472486700686,0.0009357965951734768,,,,,,,,,
density-m-pg500-draw43,density,m-pg500,raw/density-m-pg500-draw43/measurements.json,sampled_pg_draw1,sampled_pg_draw3,1e-05,0.5841405765372251,0.8962943738309103,0.015391111789423883,654394,652384,578681,728097,0.7947855848877279,0.00021688410020066743,,,,,,,,,
density-m-pg500-draw43,density,m-pg500,raw/density-m-pg500-draw43/measurements.json,sampled_pg_draw2,sampled_pg_draw3,0.0,0.5844343400562957,0.895853962034062,0.015423185279268472,2909141,2905889,2593530,3221500,0.8050690672047183,0.0009357194342096575,,,,,,,,,
density-m-pg500-draw43,density,m-pg500,raw/density-m-pg500-draw43/measurements.json,sampled_pg_draw2,sampled_pg_draw3,1e-05,0.5844343400562957,0.895853962034062,0.015423185279268472,654269,652384,578253,728400,0.7938673805601318,0.0002168692580570696,,,,,,,,,
density-m-pg500-draw44,density,m-pg500,raw/density-m-pg500-draw44/measurements.json,zero_gradient,sampled_pg,0.0,,0.8841657634819527,0.016142482415573273,2793621,2906580,2505530,3194671,0.7842842032872869,0.0009137181481193275,,,,,,,,,
density-m-pg500-draw44,density,m-pg500,raw/density-m-pg500-draw44/measurements.json,zero_gradient,sampled_pg,1e-05,,0.8841657634819527,0.016142482415573273,624869,652526,556366,721029,0.771627770866359,0.00021111428088450685,,,,,,,,,
density-m-pg500-draw44,density,m-pg500,raw/density-m-pg500-draw44/measurements.json,zero_gradient,student_topk,0.0,,0.8747463733774483,0.016810702502403775,2793621,2931513,2484502,3240632,0.7666720565618065,0.0009172554450472885,,,,,,,,,
density-m-pg500-draw44,density,m-pg500,raw/density-m-pg500-draw44/measurements.json,zero_gradient,student_topk,1e-05,,0.8747463733774483,0.016810702502403775,624869,658566,551651,731784,0.7538440304789391,0.00021192022378881698,,,,,,,,,
density-m-pg500-draw44,density,m-pg500,raw/density-m-pg500-draw44/measurements.json,zero_gradient,topk_intersection,0.0,,0.8747652363411454,0.016809955398242624,2793621,2931710,2484676,3240655,0.7667203080858653,0.0009172937276247518,,,,,,,,,
density-m-pg500-draw44,density,m-pg500,raw/density-m-pg500-draw44/measurements.json,zero_gradient,topk_intersection,1e-05,,0.8747652363411454,0.016809955398242624,624869,658602,551731,731740,0.7539986880586,0.00021192541856098878,,,,,,,,,
density-m-pg500-draw44,density,m-pg500,raw/density-m-pg500-draw44/measurements.json,zero_gradient,teacher_topk,0.0,,0.8747055837959787,0.016812947503623606,2793621,2931484,2484537,3240568,0.7666979986224637,0.0009172570734436893,,,,,,,,,
density-m-pg500-draw44,density,m-pg500,raw/density-m-pg500-draw44/measurements.json,zero_gradient,teacher_topk,1e-05,,0.8747055837959787,0.016812947503623606,624869,658508,551682,731695,0.7539780919645481,0.0002119084000398336,,,,,,,,,
density-m-pg500-draw44,density,m-pg500,raw/density-m-pg500-draw44/measurements.json,zero_gradient,full_vocab,0.0,,0.8747355734248343,0.016811323514224878,2793621,2931633,2484620,3240634,0.7667079960279377,0.0009172761037837988,,,,,,,,,
density-m-pg500-draw44,density,m-pg500,raw/density-m-pg500-draw44/measurements.json,zero_gradient,full_vocab,1e-05,,0.8747355734248343,0.016811323514224878,624869,658500,551667,731702,0.7539503787060853,0.00021190837879227697,,,,,,,,,
density-m-pg500-draw44,density,m-pg500,raw/density-m-pg500-draw44/measurements.json,zero_gradient,sampled_pg_draw1,0.0,,0.8735993726936548,0.016897603824827617,2793621,2939307,2485773,3247155,0.7655233581396638,0.0009186586346407465,,,,,,,,,
density-m-pg500-draw44,density,m-pg500,raw/density-m-pg500-draw44/measurements.json,zero_gradient,sampled_pg_draw1,1e-05,,0.8735993726936548,0.016897603824827617,624869,660727,552140,733456,0.7527922602037478,0.00021227410772123117,,,,,,,,,
density-m-pg500-draw44,density,m-pg500,raw/density-m-pg500-draw44/measurements.json,zero_gradient,sampled_pg_draw2,0.0,,0.8865158736340125,0.015978946590576786,2793621,2896930,2519076,3171475,0.7942916151002294,0.0009125230930042495,,,,,,,,,
density-m-pg500-draw44,density,m-pg500,raw/density-m-pg500-draw44/measurements.json,zero_gradient,sampled_pg_draw2,1e-05,,0.8865158736340125,0.015978946590576786,624869,651110,559444,716535,0.7807629773842171,0.00021101869846110267,,,,,,,,,
density-m-pg500-draw44,density,m-pg500,raw/density-m-pg500-draw44/measurements.json,zero_gradient,sampled_pg_draw3,0.0,,0.8828542915549126,0.01623595340507331,2793621,2916367,2501815,3208173,0.7798254645245128,0.000914770719436699,,,,,,,,,
density-m-pg500-draw44,density,m-pg500,raw/density-m-pg500-draw44/measurements.json,zero_gradient,sampled_pg_draw3,1e-05,,0.8828542915549126,0.01623595340507331,624869,654631,555676,723824,0.7676949092597095,0.0002112727612591319,,,,,,,,,
density-m-pg500-draw44,density,m-pg500,raw/density-m-pg500-draw44/measurements.json,sampled_pg,student_topk,0.0,0.8107856510276978,0.9248531028495928,0.013130294166619864,2906580,2931513,2687804,3150289,0.8531928340542725,0.0009375521660758274,,,,,,,,,
density-m-pg500-draw44,density,m-pg500,raw/density-m-pg500-draw44/measurements.json,sampled_pg,student_topk,1e-05,0.8107856510276978,0.9248531028495928,0.013130294166619864,652526,658566,600826,710266,0.8459168818442668,0.00021704065015029343,,,,,,,,,
density-m-pg500-draw44,density,m-pg500,raw/density-m-pg500-draw44/measurements.json,sampled_pg,topk_intersection,0.0,0.8124852284763195,0.9253572797157258,0.013086531598521248,2906580,2931710,2689267,3149023,0.8540004312448655,0.0009375921142932929,,,,,,,,,
density-m-pg500-draw44,density,m-pg500,raw/density-m-pg500-draw44/measurements.json,sampled_pg,topk_intersection,1e-05,0.8124852284763195,0.9253572797157258,0.013086531598521248,652526,658602,601205,709923,0.8468594481373332,0.00021704614500217404,,,,,,,,,
density-m-pg500-draw44,density,m-pg500,raw/density-m-pg500-draw44/measurements.json,sampled_pg,teacher_topk,0.0,0.8119233154544965,0.9251135642681144,0.013107183862321134,2906580,2931484,2688658,3149406,0.8537032062554019,0.0009375540577062303,,,,,,,,,
density-m-pg500-draw44,density,m-pg500,raw/density-m-pg500-draw44/measurements.json,sampled_pg,teacher_topk,1e-05,0.8119233154544965,0.9251135642681144,0.013107183862321134,652526,658508,601025,710009,0.8465033541828343,0.0002170282946439061,,,,,,,,,
density-m-pg500-draw44,density,m-pg500,raw/density-m-pg500-draw44/measurements.json,sampled_pg,full_vocab,0.0,0.809173053220856,0.9243346194856967,0.013175439953769175,2906580,2931633,2686614,3151599,0.8524606080913213,0.0009375733055652947,,,,,,,,,
density-m-pg500-draw44,density,m-pg500,raw/density-m-pg500-draw44/measurements.json,sampled_pg,full_vocab,1e-05,0.809173053220856,0.9243346194856967,0.013175439953769175,652526,658500,600490,710536,0.8451225553666528,0.0002170281246706288,,,,,,,,,
density-m-pg500-draw44,density,m-pg500,raw/density-m-pg500-draw44/measurements.json,sampled_pg,sampled_pg_draw1,0.0,0.6147729988455565,0.8982898717207386,0.015283763944495711,2906580,2939307,2615247,3230640,0.8095135948295075,0.0009390037187879432,,,,,,,,,
density-m-pg500-draw44,density,m-pg500,raw/density-m-pg500-draw44/measurements.json,sampled_pg,sampled_pg_draw1,1e-05,0.6147729988455565,0.8982898717207386,0.015283763944495711,652526,660727,583122,730131,0.7986539401833369,0.0002174076833668405,,,,,,,,,
density-m-pg500-draw44,density,m-pg500,raw/density-m-pg500-draw44/measurements.json,sampled_pg,sampled_pg_draw2,0.0,0.8168418377641308,0.922679573538683,0.013301556175748547,2906580,2896930,2673957,3129553,0.8544213822229565,0.0009326445809074406,,,,,,,,,
density-m-pg500-draw44,density,m-pg500,raw/density-m-pg500-draw44/measurements.json,sampled_pg,sampled_pg_draw2,1e-05,0.8168418377641308,0.922679573538683,0.013301556175748547,652526,651110,597415,706221,0.8459320807509264,0.00021610362518031042,,,,,,,,,
density-m-pg500-draw44,density,m-pg500,raw/density-m-pg500-draw44/measurements.json,sampled_pg,sampled_pg_draw3,0.0,0.6785620962530439,0.9051874912006365,0.014730803028026122,2906580,2916367,2621835,3201112,0.8190388215095254,0.0009349664245575905,,,,,,,,,
density-m-pg500-draw44,density,m-pg500,raw/density-m-pg500-draw44/measurements.json,sampled_pg,sampled_pg_draw3,1e-05,0.6785620962530439,0.9051874912006365,0.014730803028026122,652526,654631,584343,722814,0.8084278943130598,0.00021636341277281844,,,,,,,,,
density-m-pg500-draw44,density,m-pg500,raw/density-m-pg500-draw44/measurements.json,student_topk,topk_intersection,0.0,0.9998327508060219,0.9977649512699449,0.0022674439052910774,2931513,2931710,2924704,2938519,0.9952986521441584,0.0009413856023068592,,,,,,,,,
density-m-pg500-draw44,density,m-pg500,raw/density-m-pg500-draw44/measurements.json,student_topk,topk_intersection,1e-05,0.9998327508060219,0.9977649512699449,0.0022674439052910774,658566,658602,656991,660177,0.9951740215124126,0.00021791608021746848,,,,,,,,,
density-m-pg500-draw44,density,m-pg500,raw/density-m-pg500-draw44/measurements.json,student_topk,teacher_topk,0.0,0.9998350141337825,0.997749951810503,0.002274923235962523,2931513,2931484,2924640,2938357,0.9953317449173127,0.0009413473156007373,,,,,,,,,
density-m-pg500-draw44,density,m-pg500,raw/density-m-pg500-draw44/measurements.json,student_topk,teacher_topk,1e-05,0.9998350141337825,0.997749951810503,0.002274923235962523,658566,658508,656935,660139,0.9951464767268712,0.0002178983469912784,,,,,,,,,
density-m-pg500-draw44,density,m-pg500,raw/density-m-pg500-draw44/measurements.json,student_topk,full_vocab,0.0,0.9998856298418247,0.9980606858142561,0.0021120457548656642,2931513,2931633,2925713,2937433,0.9960101217627773,0.0009413679681376653,,,,,,,,,
density-m-pg500-draw44,density,m-pg500,raw/density-m-pg500-draw44/measurements.json,student_topk,full_vocab,1e-05,0.9998856298418247,0.9980606858142561,0.0021120457548656642,658566,658500,657200,659866,0.9959597857746876,0.00021789813409807754,,,,,,,,,
density-m-pg500-draw44,density,m-pg500,raw/density-m-pg500-draw44/measurements.json,student_topk,sampled_pg_draw1,0.0,0.7285278211724311,0.9080305472829079,0.014552228344266374,2931513,2939307,2654116,3216704,0.825104206044448,0.0009428153125098085,,,,,,,,,
density-m-pg500-draw44,density,m-pg500,raw/density-m-pg500-draw44/measurements.json,student_topk,sampled_pg_draw1,1e-05,0.7285278211724311,0.9080305472829079,0.014552228344266374,658566,660727,592856,726437,0.8161148179401655,0.0002182852967672829,,,,,,,,,
density-m-pg500-draw44,density,m-pg500,raw/density-m-pg500-draw44/measurements.json,student_topk,sampled_pg_draw2,0.0,0.6475471972116206,0.8922716298684624,0.01572170084334062,2931513,2896930,2590966,3237477,0.8003040639362071,0.0009362596100555367,,,,,,,,,
density-m-pg500-draw44,density,m-pg500,raw/density-m-pg500-draw44/measurements.json,student_topk,sampled_pg_draw2,1e-05,0.6475471972116206,0.8922716298684624,0.01572170084334062,658566,651110,577481,732195,0.7886983658724793,0.0002169294423253922,,,,,,,,,
density-m-pg500-draw44,density,m-pg500,raw/density-m-pg500-draw44/measurements.json,student_topk,sampled_pg_draw3,0.0,0.6335186659302672,0.894931666780435,0.01552772666922161,2931513,2916367,2600309,3247571,0.8006935029288044,0.0009387237984068568,,,,,,,,,
density-m-pg500-draw44,density,m-pg500,raw/density-m-pg500-draw44/measurements.json,student_topk,sampled_pg_draw3,1e-05,0.6335186659302672,0.894931666780435,0.01552772666922161,658566,654631,579378,733819,0.7895380195933874,0.00021722383061593498,,,,,,,,,
density-m-pg500-draw44,density,m-pg500,raw/density-m-pg500-draw44/measurements.json,topk_intersection,teacher_topk,0.0,0.9999369343000135,0.998576328517443,0.0018096218525942489,2931710,2931484,2927184,2936010,0.9969938794486395,0.0009413868895759897,,,,,,,,,
density-m-pg500-draw44,density,m-pg500,raw/density-m-pg500-draw44/measurements.json,topk_intersection,teacher_topk,1e-05,0.9999369343000135,0.998576328517443,0.0018096218525942489,658602,658508,657560,659550,0.9969827912970965,0.00021790386193500777,,,,,,,,,
density-m-pg500-draw44,density,m-pg500,raw/density-m-pg500-draw44/measurements.json,topk_intersection,full_vocab,0.0,0.9996858338345357,0.9968289124433551,0.0027008154293793707,2931710,2931633,2922158,2941185,0.9935308387605676,0.0009414075143227196,,,,,,,,,
density-m-pg500-draw44,density,m-pg500,raw/density-m-pg500-draw44/measurements.json,topk_intersection,full_vocab,1e-05,0.9996858338345357,0.9968289124433551,0.0027008154293793707,658602,658500,656380,660722,0.9934284010521823,0.0002179036143686434,,,,,,,,,
density-m-pg500-draw44,density,m-pg500,raw/density-m-pg500-draw44/measurements.json,topk_intersection,sampled_pg_draw1,0.0,0.7281442539441203,0.9080212245027441,0.014553344503283813,2931710,2939307,2654029,3216988,0.8250043208118899,0.000942854871588191,,,,,,,,,
density-m-pg500-draw44,density,m-pg500,raw/density-m-pg500-draw44/measurements.json,topk_intersection,sampled_pg_draw1,1e-05,0.7281442539441203,0.9080212245027441,0.014553344503283813,658602,660727,592882,726447,0.8161393742420301,0.00021829070239641008,,,,,,,,,
density-m-pg500-draw44,density,m-pg500,raw/density-m-pg500-draw44/measurements.json,topk_intersection,sampled_pg_draw2,0.0,0.6490695966565817,0.8927039395916865,0.015690547438434975,2931710,2896930,2592036,3236604,0.8008505211017474,0.0009362999313556831,,,,,,,,,
density-m-pg500-draw44,density,m-pg500,raw/density-m-pg500-draw44/measurements.json,topk_intersection,sampled_pg_draw2,1e-05,0.6490695966565817,0.8927039395916865,0.015690547438434975,658602,651110,577763,731949,0.7893487114539401,0.00021693506737241336,,,,,,,,,
density-m-pg500-draw44,density,m-pg500,raw/density-m-pg500-draw44/measurements.json,topk_intersection,sampled_pg_draw3,0.0,0.6337245311475593,0.8951319810489594,0.015513335495145322,2931710,2916367,2600876,3247201,0.800959349298057,0.0009387632037966444,,,,,,,,,
density-m-pg500-draw44,density,m-pg500,raw/density-m-pg500-draw44/measurements.json,topk_intersection,sampled_pg_draw3,1e-05,0.6337245311475593,0.8951319810489594,0.015513335495145322,658602,654631,579517,733716,0.7898383025584831,0.00021722934766504244,,,,,,,,,
density-m-pg500-draw44,density,m-pg500,raw/density-m-pg500-draw44/measurements.json,teacher_topk,full_vocab,0.0,0.9996958638701028,0.9969980169403397,0.0026276809113671834,2931484,2931633,2922245,2940872,0.9936661643213306,0.0009413692215605961,,,,,,,,,
density-m-pg500-draw44,density,m-pg500,raw/density-m-pg500-draw44/measurements.json,teacher_topk,full_vocab,1e-05,0.9996958638701028,0.9969980169403397,0.0026276809113671834,658508,658500,656382,660626,0.9935757902353223,0.00021788589122656533,,,,,,,,,
density-m-pg500-draw44,density,m-pg500,raw/density-m-pg500-draw44/measurements.json,teacher_topk,sampled_pg_draw1,0.0,0.7281404725607753,0.9079932135798096,0.014554824639596963,2931484,2939307,2653885,3216906,0.8249805869366403,0.0009428158565948458,,,,,,,,,
density-m-pg500-draw44,density,m-pg500,raw/density-m-pg500-draw44/measurements.json,teacher_topk,sampled_pg_draw1,1e-05,0.7281404725607753,0.9079932135798096,0.014554824639596963,658508,660727,592816,726419,0.8160799758816881,0.00021827293851751044,,,,,,,,,
density-m-pg500-draw44,density,m-pg500,raw/density-m-pg500-draw44/measurements.json,teacher_topk,sampled_pg_draw2,0.0,0.6486649169167132,0.89251860363656,0.01570327073478998,2931484,2896930,2591593,3236821,0.8006599685308518,0.0009362621607676639,,,,,,,,,
density-m-pg500-draw44,density,m-pg500,raw/density-m-pg500-draw44/measurements.json,teacher_topk,sampled_pg_draw2,1e-05,0.6486649169167132,0.89251860363656,0.01570327073478998,658508,651110,577617,732001,0.7890931842989286,0.00021691717787980378,,,,,,,,,
density-m-pg500-draw44,density,m-pg500,raw/density-m-pg500-draw44/measurements.json,teacher_topk,sampled_pg_draw3,0.0,0.6335053016715337,0.8950548418620248,0.01551822869752288,2931484,2916367,2600579,3247272,0.8008503753304312,0.0009387253308433236,,,,,,,,,
density-m-pg500-draw44,density,m-pg500,raw/density-m-pg500-draw44/measurements.json,teacher_topk,sampled_pg_draw3,1e-05,0.6335053016715337,0.8950548418620248,0.01551822869752288,658508,654631,579450,733689,0.7897760495250713,0.00021721162704808192,,,,,,,,,
density-m-pg500-draw44,density,m-pg500,raw/density-m-pg500-draw44/measurements.json,full_vocab,sampled_pg_draw1,0.0,0.7285817532593,0.9080367886431692,0.014551659492426714,2931633,2939307,2654321,3216619,0.8251897411536772,0.0009428373774641385,,,,,,,,,
density-m-pg500-draw44,density,m-pg500,raw/density-m-pg500-draw44/measurements.json,full_vocab,sampled_pg_draw1,1e-05,0.7285817532593,0.9080367886431692,0.014551659492426714,658500,660727,592874,726353,0.816233979896827,0.00021827270273524032,,,,,,,,,
density-m-pg500-draw44,density,m-pg500,raw/density-m-pg500-draw44/measurements.json,full_vocab,sampled_pg_draw2,0.0,0.6462737641458819,0.8919485034384812,0.015745176663265494,2931633,2896930,2590262,3238301,0.7998830250801269,0.0009362805073115015,,,,,,,,,
density-m-pg500-draw44,density,m-pg500,raw/density-m-pg500-draw44/measurements.json,full_vocab,sampled_pg_draw2,1e-05,0.6462737641458819,0.8919485034384812,0.015745176663265494,658500,651110,577251,732359,0.7882076959523949,0.00021691691754006462,,,,,,,,,
density-m-pg500-draw44,density,m-pg500,raw/density-m-pg500-draw44/measurements.json,full_vocab,sampled_pg_draw3,0.0,0.63339735522027,0.8947407150659669,0.015541747056213964,2931633,2916367,2599987,3248013,0.8004854044611275,0.0009387454571363669,,,,,,,,,
density-m-pg500-draw44,density,m-pg500,raw/density-m-pg500-draw44/measurements.json,full_vocab,sampled_pg_draw3,1e-05,0.63339735522027,0.8947407150659669,0.015541747056213964,658500,654631,579264,733867,0.7893310368227485,0.00021721142903013632,,,,,,,,,
density-m-pg500-draw44,density,m-pg500,raw/density-m-pg500-draw44/measurements.json,sampled_pg_draw1,sampled_pg_draw2,0.0,0.25592639600155215,0.8489923457110701,0.018623512449759603,2939307,2896930,2468899,3367338,0.7331901341653259,0.0009376958723781505,,,,,,,,,
density-m-pg500-draw44,density,m-pg500,raw/density-m-pg500-draw44/measurements.json,sampled_pg_draw1,sampled_pg_draw2,1e-05,0.25592639600155215,0.8489923457110701,0.018623512449759603,660727,651110,547345,764492,0.7159590944051736,0.00021729209482452413,,,,,,,,,
density-m-pg500-draw44,density,m-pg500,raw/density-m-pg500-draw44/measurements.json,sampled_pg_draw1,sampled_pg_draw3,0.0,0.3569710212252989,0.8602334126603843,0.01791850543346994,2939307,2916367,2507735,3347939,0.7490384382750104,0.0009401799458656587,,,,,,,,,
density-m-pg500-draw44,density,m-pg500,raw/density-m-pg500-draw44/measurements.json,sampled_pg_draw1,sampled_pg_draw3,1e-05,0.3569710212252989,0.8602334126603843,0.01791850543346994,660727,654631,556275,759083,0.7328250006916239,0.00021759433830949074,,,,,,,,,
density-m-pg500-draw44,density,m-pg500,raw/density-m-pg500-draw44/measurements.json,sampled_pg_draw2,sampled_pg_draw3,0.0,0.659286930470669,0.9022301845777195,0.014959428648656346,2896930,2916367,2615700,3197597,0.8180205322934692,0.0009336862854137756,,,,,,,,,
density-m-pg500-draw44,density,m-pg500,raw/density-m-pg500-draw44/measurements.json,sampled_pg_draw2,sampled_pg_draw3,1e-05,0.659286930470669,0.9022301845777195,0.014959428648656346,651110,654631,583369,722372,0.8075742138399605,0.00021625505349700207,,,,,,,,,
density-m-pg500-draw45,density,m-pg500,raw/density-m-pg500-draw45/measurements.json,zero_gradient,sampled_pg,0.0,,0.8966227002653478,0.015247997921037554,2793621,2904727,2547731,3150617,0.8086451003089237,0.00091422367805982,,,,,,,,,
density-m-pg500-draw45,density,m-pg500,raw/density-m-pg500-draw45/measurements.json,zero_gradient,sampled_pg,1e-05,,0.8966227002653478,0.015247997921037554,624869,653011,565847,712033,0.7946920999448059,0.0002114978216007599,,,,,,,,,
density-m-pg500-draw45,density,m-pg500,raw/density-m-pg500-draw45/measurements.json,zero_gradient,student_topk,0.0,,0.8769437922599658,0.016669901149799538,2793621,2937025,2489997,3240649,0.7683636827067665,0.0009185498876246665,,,,,,,,,
density-m-pg500-draw45,density,m-pg500,raw/density-m-pg500-draw45/measurements.json,zero_gradient,student_topk,1e-05,,0.8769437922599658,0.016669901149799538,624869,659728,552838,731759,0.7554919037551981,0.0002123118003264256,,,,,,,,,
density-m-pg500-draw45,density,m-pg500,raw/density-m-pg500-draw45/measurements.json,zero_gradient,topk_intersection,0.0,,0.8768674259377948,0.016673730143247235,2793621,2936239,2489804,3240056,0.7684447429303691,0.0009184229024828131,,,,,,,,,
density-m-pg500-draw45,density,m-pg500,raw/density-m-pg500-draw45/measurements.json,zero_gradient,topk_intersection,1e-05,,0.8768674259377948,0.016673730143247235,624869,659576,552752,731693,0.7554425148252067,0.00021228722301986275,,,,,,,,,
density-m-pg500-draw45,density,m-pg500,raw/density-m-pg500-draw45/measurements.json,zero_gradient,teacher_topk,0.0,,0.8769298406719256,0.016669709766212744,2793621,2936178,2489833,3239966,0.7684750395528842,0.0009184086053580001,,,,,,,,,
density-m-pg500-draw45,density,m-pg500,raw/density-m-pg500-draw45/measurements.json,zero_gradient,teacher_topk,1e-05,,0.8769298406719256,0.016669709766212744,624869,659612,552822,731659,0.7555732930231159,0.00021229280918594077,,,,,,,,,
density-m-pg500-draw45,density,m-pg500,raw/density-m-pg500-draw45/measurements.json,zero_gradient,full_vocab,0.0,,0.8768654306243516,0.016674644509538098,2793621,2937033,2489791,3240863,0.7682493829575641,0.0009185497718788436,,,,,,,,,
density-m-pg500-draw45,density,m-pg500,raw/density-m-pg500-draw45/measurements.json,zero_gradient,full_vocab,1e-05,,0.8768654306243516,0.016674644509538098,624869,659654,552757,731766,0.7553739856730157,0.00021230258762802384,,,,,,,,,
density-m-pg500-draw45,density,m-pg500,raw/density-m-pg500-draw45/measurements.json,zero_gradient,sampled_pg_draw1,0.0,,0.8839706497991895,0.016187254245088024,2793621,2941965,2510455,3225131,0.7784040400219402,0.000918687097753193,,,,,,,,,
density-m-pg500-draw45,density,m-pg500,raw/density-m-pg500-draw45/measurements.json,zero_gradient,sampled_pg_draw1,1e-05,,0.8839706497991895,0.016187254245088024,624869,660728,557756,727841,0.7663157200542426,0.00021225755145772184,,,,,,,,,
density-m-pg500-draw45,density,m-pg500,raw/density-m-pg500-draw45/measurements.json,zero_gradient,sampled_pg_draw2,0.0,,0.9009410786999267,0.014915692099890666,2793621,2895730,2557466,3131885,0.8165900088924083,0.0009121632406012265,,,,,,,,,
density-m-pg500-draw45,density,m-pg500,raw/density-m-pg500-draw45/measurements.json,zero_gradient,sampled_pg_draw2,1e-05,,0.9009410786999267,0.014915692099890666,624869,650285,568027,707127,0.8032885181869734,0.0002108195305820442,,,,,,,,,
density-m-pg500-draw45,density,m-pg500,raw/density-m-pg500-draw45/measurements.json,zero_gradient,sampled_pg_draw3,0.0,,0.8999028351288123,0.014998320614631161,2793621,2901573,2556025,3139169,0.8142361879847819,0.0009136363915278747,,,,,,,,,
density-m-pg500-draw45,density,m-pg500,raw/density-m-pg500-draw45/measurements.json,zero_gradient,sampled_pg_draw3,1e-05,,0.8999028351288123,0.014998320614631161,624869,652214,567730,709353,0.8003490504727547,0.0002113322220049949,,,,,,,,,
density-m-pg500-draw45,density,m-pg500,raw/density-m-pg500-draw45/measurements.json,sampled_pg,student_topk,0.0,0.8162732394953248,0.9263179022610767,0.013004395978928903,2904727,2937025,2685179,3156573,0.8506627282182291,0.0009395067601296038,,,,,,,,,
density-m-pg500-draw45,density,m-pg500,raw/density-m-pg500-draw45/measurements.json,sampled_pg,student_topk,1e-05,0.8162732394953248,0.9263179022610767,0.013004395978928903,653011,659728,601283,711456,0.8451443237529798,0.00021787548093126763,,,,,,,,,
density-m-pg500-draw45,density,m-pg500,raw/density-m-pg500-draw45/measurements.json,sampled_pg,topk_intersection,0.0,0.8170178204483008,0.9263714641818007,0.012998741771369123,2904727,2936239,2685341,3155625,0.8509696177460884,0.000939372664929117,,,,,,,,,
density-m-pg500-draw45,density,m-pg500,raw/density-m-pg500-draw45/measurements.json,sampled_pg,topk_intersection,1e-05,0.8170178204483008,0.9263714641818007,0.012998741771369123,653011,659576,601245,711342,0.8452263468205167,0.00021784946756354782,,,,,,,,,
density-m-pg500-draw45,density,m-pg500,raw/density-m-pg500-draw45/measurements.json,sampled_pg,teacher_topk,0.0,0.8173563918864171,0.9265312028869724,0.012984772394486085,2904727,2936178,2685684,3155221,0.8511872860886766,0.0009393577705750646,,,,,,,,,
density-m-pg500-draw45,density,m-pg500,raw/density-m-pg500-draw45/measurements.json,sampled_pg,teacher_topk,1e-05,0.8173563918864171,0.9265312028869724,0.012984772394486085,653011,659612,601374,711249,0.8455182362295062,0.00021785523183004613,,,,,,,,,
density-m-pg500-draw45,density,m-pg500,raw/density-m-pg500-draw45/measurements.json,sampled_pg,full_vocab,0.0,0.8157319520371232,0.9261521873205889,0.013018624723424996,2904727,2937033,2684685,3157075,0.8503709921367089,0.0009395068731885843,,,,,,,,,
density-m-pg500-draw45,density,m-pg500,raw/density-m-pg500-draw45/measurements.json,sampled_pg,full_vocab,1e-05,0.8157319520371232,0.9261521873205889,0.013018624723424996,653011,659654,601137,711528,0.8448536108206564,0.00021786613453102596,,,,,,,,,
density-m-pg500-draw45,density,m-pg500,raw/density-m-pg500-draw45/measurements.json,sampled_pg,sampled_pg_draw1,0.0,0.8959186170622255,0.9509499361583328,0.010610197728601504,2904727,2941965,2757276,3089416,0.8924910080092807,0.0009396022865089228,,,,,,,,,
density-m-pg500-draw45,density,m-pg500,raw/density-m-pg500-draw45/measurements.json,sampled_pg,sampled_pg_draw1,1e-05,0.8959186170622255,0.9509499361583328,0.010610197728601504,653011,660728,618523,695216,0.8896846447722722,0.00021780944171946712,,,,,,,,,
density-m-pg500-draw45,density,m-pg500,raw/density-m-pg500-draw45/measurements.json,sampled_pg,sampled_pg_draw2,0.0,0.23432914783083056,0.8762161857985807,0.01681302113297186,2904727,2895730,2535301,3265156,0.7764716295331678,0.0009328426447949708,,,,,,,,,
density-m-pg500-draw45,density,m-pg500,raw/density-m-pg500-draw45/measurements.json,sampled_pg,sampled_pg_draw2,1e-05,0.23432914783083056,0.8762161857985807,0.01681302113297186,653011,650285,562433,740863,0.7591592507656612,0.0002163065622761046,,,,,,,,,
density-m-pg500-draw45,density,m-pg500,raw/density-m-pg500-draw45/measurements.json,sampled_pg,sampled_pg_draw3,0.0,0.959020843861244,0.9693435726207714,0.008369377705165501,2904727,2901573,2807381,2998919,0.9361309858652401,0.000934487331340382,,,,,,,,,
density-m-pg500-draw45,density,m-pg500,raw/density-m-pg500-draw45/measurements.json,sampled_pg,sampled_pg_draw3,1e-05,0.959020843861244,0.9693435726207714,0.008369377705165501,653011,652214,630276,674949,0.9338127769653707,0.0002168716466965749,,,,,,,,,
density-m-pg500-draw45,density,m-pg500,raw/density-m-pg500-draw45/measurements.json,student_topk,topk_intersection,0.0,0.9995371590341726,0.9965155404976636,0.0028329130501325785,2937025,2936239,2925779,2947485,0.9926357555678824,0.0009439766646432543,,,,,,,,,
density-m-pg500-draw45,density,m-pg500,raw/density-m-pg500-draw45/measurements.json,student_topk,topk_intersection,1e-05,0.9995371590341726,0.9965155404976636,0.0028329130501325785,659728,659576,657069,662235,0.9921991438084667,0.00021871701721673398,,,,,,,,,
density-m-pg500-draw45,density,m-pg500,raw/density-m-pg500-draw45/measurements.json,student_topk,teacher_topk,0.0,0.9995430669470263,0.9964801899798432,0.0028472747122620357,2937025,2936178,2925805,2947398,0.9926738770943049,0.0009439615948889385,,,,,,,,,
density-m-pg500-draw45,density,m-pg500,raw/density-m-pg500-draw45/measurements.json,student_topk,teacher_topk,1e-05,0.9995430669470263,0.9964801899798432,0.0028472747122620357,659728,659612,657082,662258,0.9921843148742635,0.00021872279969887336,,,,,,,,,
density-m-pg500-draw45,density,m-pg500,raw/density-m-pg500-draw45/measurements.json,student_topk,full_vocab,0.0,0.9999301488346759,0.9984599351252114,0.0018834407290285826,2937025,2937033,2932220,2941838,0.9967306153499955,0.0009441119010912876,,,,,,,,,
density-m-pg500-draw45,density,m-pg500,raw/density-m-pg500-draw45/measurements.json,student_topk,full_vocab,1e-05,0.9999301488346759,0.9984599351252114,0.0018834407290285826,659728,659654,658544,660838,0.9965286499868349,0.0002187336225200012,,,,,,,,,
density-m-pg500-draw45,density,m-pg500,raw/density-m-pg500-draw45/measurements.json,student_topk,sampled_pg_draw1,0.0,0.7406293220136226,0.9117210966502547,0.014259633049888884,2937025,2941965,2651520,3227470,0.8215475279398414,0.0009443035742842742,,,,,,,,,
density-m-pg500-draw45,density,m-pg500,raw/density-m-pg500-draw45/measurements.json,student_topk,sampled_pg_draw1,1e-05,0.7406293220136226,0.9117210966502547,0.014259633049888884,659728,660728,592856,727600,0.8148103353490929,0.00021869322967515504,,,,,,,,,
density-m-pg500-draw45,density,m-pg500,raw/density-m-pg500-draw45/measurements.json,student_topk,sampled_pg_draw2,0.0,0.1740691839340991,0.8533642849018757,0.018333952280713047,2937025,2895730,2467560,3365195,0.7332591424865423,0.0009373099495427211,,,,,,,,,
density-m-pg500-draw45,density,m-pg500,raw/density-m-pg500-draw45/measurements.json,student_topk,sampled_pg_draw2,1e-05,0.1740691839340991,0.8533642849018757,0.018333952280713047,659728,650285,546849,763164,0.7165550261804802,0.00021715072050830755,,,,,,,,,
density-m-pg500-draw45,density,m-pg500,raw/density-m-pg500-draw45/measurements.json,student_topk,sampled_pg_draw3,0.0,0.7387911072268742,0.9120012335291319,0.014206873765822305,2937025,2901573,2639688,3198910,0.8251835781563095,0.0009388775439888326,,,,,,,,,
density-m-pg500-draw45,density,m-pg500,raw/density-m-pg500-draw45/measurements.json,student_topk,sampled_pg_draw3,1e-05,0.7387911072268742,0.9120012335291319,0.014206873765822305,659728,652214,590441,721501,0.8183509101165487,0.0002176979757656581,,,,,,,,,
density-m-pg500-draw45,density,m-pg500,raw/density-m-pg500-draw45/measurements.json,topk_intersection,teacher_topk,0.0,0.9999387217966424,0.9986874986800272,0.001738560224595449,2936239,2936178,2931892,2940525,0.9970641297047296,0.0009438268925327024,,,,,,,,,
density-m-pg500-draw45,density,m-pg500,raw/density-m-pg500-draw45/measurements.json,topk_intersection,teacher_topk,1e-05,0.9999387217966424,0.9986874986800272,0.001738560224595449,659576,659612,658563,660625,0.9968787133396405,0.00021869673855999598,,,,,,,,,
density-m-pg500-draw45,density,m-pg500,raw/density-m-pg500-draw45/measurements.json,topk_intersection,full_vocab,0.0,0.9995177429159838,0.9963732768277078,0.002890081589033208,2936239,2937033,2925383,2947889,0.9923653841783052,0.0009439770764966453,,,,,,,,,
density-m-pg500-draw45,density,m-pg500,raw/density-m-pg500-draw45/measurements.json,topk_intersection,full_vocab,1e-05,0.9995177429159838,0.9963732768277078,0.002890081589033208,659576,659654,656965,662265,0.9919971612572007,0.00021870749457221812,,,,,,,,,
density-m-pg500-draw45,density,m-pg500,raw/density-m-pg500-draw45/measurements.json,topk_intersection,sampled_pg_draw1,0.0,0.7410015080829621,0.9116694415229484,0.014262835009172603,2936239,2941965,2651312,3226892,0.8216302249966841,0.0009441684450554048,,,,,,,,,
density-m-pg500-draw45,density,m-pg500,raw/density-m-pg500-draw45/measurements.json,topk_intersection,sampled_pg_draw1,1e-05,0.7410015080829621,0.9116694415229484,0.014262835009172603,659576,660728,592770,727534,0.8147660452982266,0.0002186669096508691,,,,,,,,,
density-m-pg500-draw45,density,m-pg500,raw/density-m-pg500-draw45/measurements.json,topk_intersection,sampled_pg_draw2,0.0,0.17468016837912823,0.8531620219043372,0.0183453030781688,2936239,2895730,2467317,3364652,0.7333052571261456,0.0009371776356817469,,,,,,,,,
density-m-pg500-draw45,density,m-pg500,raw/density-m-pg500-draw45/measurements.json,topk_intersection,sampled_pg_draw2,1e-05,0.17468016837912823,0.8531620219043372,0.0183453030781688,659576,650285,546764,763097,0.7165065515917374,0.00021712491071018678,,,,,,,,,
density-m-pg500-draw45,density,m-pg500,raw/density-m-pg500-draw45/measurements.json,topk_intersection,sampled_pg_draw3,0.0,0.7392354953591731,0.9121419001649648,0.014194503178494616,2936239,2901573,2639583,3198229,0.8253264541094462,0.0009387437257947822,,,,,,,,,
density-m-pg500-draw45,density,m-pg500,raw/density-m-pg500-draw45/measurements.json,topk_intersection,sampled_pg_draw3,1e-05,0.7392354953591731,0.9121419001649648,0.014194503178494616,659576,652214,590373,721417,0.8183519379221726,0.00021767190404739555,,,,,,,,,
density-m-pg500-draw45,density,m-pg500,raw/density-m-pg500-draw45/measurements.json,teacher_topk,full_vocab,0.0,0.9995244152134011,0.9963658864716125,0.0028930533897962253,2936178,2937033,2925419,2947792,0.9924102514695745,0.0009439619884086784,,,,,,,,,
density-m-pg500-draw45,density,m-pg500,raw/density-m-pg500-draw45/measurements.json,teacher_topk,full_vocab,1e-05,0.9995244152134011,0.9963658864716125,0.0028930533897962253,659612,659654,656990,662276,0.9920184334023882,0.00021871327037695725,,,,,,,,,
density-m-pg500-draw45,density,m-pg500,raw/density-m-pg500-draw45/measurements.json,teacher_topk,sampled_pg_draw1,0.0,0.7411765907905332,0.9117233609408676,0.014258625086400174,2936178,2941965,2651486,3226657,0.8217439907619558,0.0009441533532790943,,,,,,,,,
density-m-pg500-draw45,density,m-pg500,raw/density-m-pg500-draw45/measurements.json,teacher_topk,sampled_pg_draw1,1e-05,0.7411765907905332,0.9117233609408676,0.014258625086400174,659612,660728,592845,727495,0.8149128172702218,0.00021867272917535917,,,,,,,,,
density-m-pg500-draw45,density,m-pg500,raw/density-m-pg500-draw45/measurements.json,teacher_topk,sampled_pg_draw2,0.0,0.17427822402246432,0.8532145078292566,0.01834221576872324,2936178,2895730,2467253,3364655,0.7332855820284695,0.0009371627065318949,,,,,,,,,
density-m-pg500-draw45,density,m-pg500,raw/density-m-pg500-draw45/measurements.json,teacher_topk,sampled_pg_draw2,1e-05,0.17427822402246432,0.8532145078292566,0.01834221576872324,659612,650285,546789,763108,0.7165289841018572,0.000217130783152146,,,,,,,,,
density-m-pg500-draw45,density,m-pg500,raw/density-m-pg500-draw45/measurements.json,teacher_topk,sampled_pg_draw3,0.0,0.7396669114284452,0.9123416500024986,0.014178509964904584,2936178,2901573,2640093,3197658,0.8256333228881888,0.0009387289484207961,,,,,,,,,
density-m-pg500-draw45,density,m-pg500,raw/density-m-pg500-draw45/measurements.json,teacher_topk,sampled_pg_draw3,1e-05,0.7396669114284452,0.9123416500024986,0.014178509964904584,659612,652214,590549,721277,0.8187547918483468,0.00021767769514035456,,,,,,,,,
density-m-pg500-draw45,density,m-pg500,raw/density-m-pg500-draw45/measurements.json,full_vocab,sampled_pg_draw1,0.0,0.7404491970672992,0.9116637067674519,0.014263864911441331,2937033,2941965,2651287,3227711,0.8214139989608735,0.000944304053215882,,,,,,,,,
density-m-pg500-draw45,density,m-pg500,raw/density-m-pg500-draw45/measurements.json,full_vocab,sampled_pg_draw1,1e-05,0.7404491970672992,0.9116637067674519,0.014263864911441331,659654,660728,592794,727588,0.8147385608338785,0.0002186835259013383,,,,,,,,,
density-m-pg500-draw45,density,m-pg500,raw/density-m-pg500-draw45/measurements.json,full_vocab,sampled_pg_draw2,0.0,0.17440623122232982,0.8532542652066901,0.01834029370702337,2937033,2895730,2467317,3365446,0.7331322505248933,0.0009373101976089011,,,,,,,,,
density-m-pg500-draw45,density,m-pg500,raw/density-m-pg500-draw45/measurements.json,full_vocab,sampled_pg_draw2,1e-05,0.17440623122232982,0.8532542652066901,0.01834029370702337,659654,650285,546755,763184,0.7164130799387828,0.00021714135874877617,,,,,,,,,
density-m-pg500-draw45,density,m-pg500,raw/density-m-pg500-draw45/measurements.json,full_vocab,sampled_pg_draw3,0.0,0.738049314944167,0.9119158553639566,0.014213342419061092,2937033,2901573,2639222,3199384,0.8249156712667188,0.0009388775689498678,,,,,,,,,
density-m-pg500-draw45,density,m-pg500,raw/density-m-pg500-draw45/measurements.json,full_vocab,sampled_pg_draw3,1e-05,0.738049314944167,0.9119158553639566,0.014213342419061092,659654,652214,590326,721542,0.8181450282866417,0.00021768863665939654,,,,,,,,,
density-m-pg500-draw45,density,m-pg500,raw/density-m-pg500-draw45/measurements.json,sampled_pg_draw1,sampled_pg_draw2,0.0,0.20888285494289727,0.8626464737306558,0.01774362027874184,2941965,2895730,2495373,3342322,0.7465986221554954,0.0009374466583599705,,,,,,,,,
density-m-pg500-draw45,density,m-pg500,raw/density-m-pg500-draw45/measurements.json,sampled_pg_draw1,sampled_pg_draw2,1e-05,0.20888285494289727,0.8626464737306558,0.01774362027874184,660728,650285,553626,757387,0.7309684480985282,0.0002170927552566009,,,,,,,,,
density-m-pg500-draw45,density,m-pg500,raw/density-m-pg500-draw45/measurements.json,sampled_pg_draw1,sampled_pg_draw3,0.0,0.848779049638315,0.9375902346448493,0.011964119343664138,2941965,2901573,2713888,3129650,0.8671538350933811,0.0009389739544053261,,,,,,,,,
density-m-pg500-draw45,density,m-pg500,raw/density-m-pg500-draw45/measurements.json,sampled_pg_draw1,sampled_pg_draw3,1e-05,0.848779049638315,0.9375902346448493,0.011964119343664138,660728,652214,608332,704610,0.8633598728374562,0.00021763307741848995,,,,,,,,,
density-m-pg500-draw45,density,m-pg500,raw/density-m-pg500-draw45/measurements.json,sampled_pg_draw2,sampled_pg_draw3,0.0,0.09870474424295887,0.8685963784159456,0.017316641350856667,2895730,2901573,2514904,3282399,0.7661786394646111,0.0009322249015074901,,,,,,,,,
density-m-pg500-draw45,density,m-pg500,raw/density-m-pg500-draw45/measurements.json,sampled_pg_draw2,sampled_pg_draw3,1e-05,0.09870474424295887,0.8685963784159456,0.017316641350856667,650285,652214,556999,745500,0.7471482226693494,0.00021613246892595488,,,,,,,,,
density-m-pg250-draw42,density,m-pg250,raw/density-m-pg250-draw42/measurements.json,zero_gradient,sampled_pg,0.0,,0.8958467779262109,0.011535871976436893,3129143,3268932,2804612,3593463,0.780476103413337,0.0009966416836592927,,,,,,,,,
density-m-pg250-draw42,density,m-pg250,raw/density-m-pg250-draw42/measurements.json,zero_gradient,sampled_pg,1e-05,,0.8958467779262109,0.011535871976436893,604788,632054,539961,696881,0.7748252571098939,0.00020055799252988467,,,,,,,,,
density-m-pg250-draw42,density,m-pg250,raw/density-m-pg250-draw42/measurements.json,zero_gradient,student_topk,0.0,,0.8955771422864315,0.011628820210103686,3129143,3313354,2840283,3602214,0.788482583211325,0.0010051650512169956,,,,,,,,,
density-m-pg250-draw42,density,m-pg250,raw/density-m-pg250-draw42/measurements.json,zero_gradient,student_topk,1e-05,,0.8955771422864315,0.011628820210103686,604788,644885,546890,702783,0.7781776167038759,0.0002031966227144115,,,,,,,,,
density-m-pg250-draw42,density,m-pg250,raw/density-m-pg250-draw42/measurements.json,zero_gradient,topk_intersection,0.0,,0.8955385328723483,0.01163054840578769,3129143,3313346,2840262,3602227,0.7884739079463898,0.0010051626494238337,,,,,,,,,
density-m-pg250-draw42,density,m-pg250,raw/density-m-pg250-draw42/measurements.json,zero_gradient,topk_intersection,1e-05,,0.8955385328723483,0.01163054840578769,604788,644943,546901,702830,0.7781412290312024,0.0002032060383136606,,,,,,,,,
density-m-pg250-draw42,density,m-pg250,raw/density-m-pg250-draw42/measurements.json,zero_gradient,teacher_topk,0.0,,0.8955901972963829,0.011627759347462864,3129143,3313283,2840548,3601878,0.788629709279437,0.0010051532717440716,,,,,,,,,
density-m-pg250-draw42,density,m-pg250,raw/density-m-pg250-draw42/measurements.json,zero_gradient,teacher_topk,1e-05,,0.8955901972963829,0.011627759347462864,604788,644896,546953,702731,0.7783248497647037,0.00020319745851084454,,,,,,,,,
density-m-pg250-draw42,density,m-pg250,raw/density-m-pg250-draw42/measurements.json,zero_gradient,full_vocab,0.0,,0.8957531608429746,0.01162021614410124,3129143,3313393,2840733,3601803,0.7886974940050858,0.0010051748042578608,,,,,,,,,
density-m-pg250-draw42,density,m-pg250,raw/density-m-pg250-draw42/measurements.json,zero_gradient,full_vocab,1e-05,,0.8957531608429746,0.01162021614410124,604788,644984,547038,702734,0.7784424832155552,0.0002032164204773265,,,,,,,,,
density-m-pg250-draw42,density,m-pg250,raw/density-m-pg250-draw42/measurements.json,zero_gradient,sampled_pg_draw1,0.0,,0.9007305254891905,0.011252181973367295,3129143,3261188,2816441,3573890,0.7880603488076018,0.0009949525671762386,,,,,,,,,
density-m-pg250-draw42,density,m-pg250,raw/density-m-pg250-draw42/measurements.json,zero_gradient,sampled_pg_draw1,1e-05,,0.9007305254891905,0.011252181973367295,604788,630176,542438,692526,0.783274562976697,0.0002001579219671055,,,,,,,,,
density-m-pg250-draw42,density,m-pg250,raw/density-m-pg250-draw42/measurements.json,zero_gradient,sampled_pg_draw2,0.0,,0.8976346963358572,0.011504960379126777,3129143,3307447,2848184,3588406,0.7937184365425762,0.0010042712353200295,,,,,,,,,
density-m-pg250-draw42,density,m-pg250,raw/density-m-pg250-draw42/measurements.json,zero_gradient,sampled_pg_draw2,1e-05,,0.8976346963358572,0.011504960379126777,604788,643392,547908,700272,0.7824216875728288,0.0002029475944426979,,,,,,,,,
density-m-pg250-draw42,density,m-pg250,raw/density-m-pg250-draw42/measurements.json,zero_gradient,sampled_pg_draw3,0.0,,0.8925523907487217,0.011704878987133766,3129143,3261958,2793423,3597678,0.7764516446441287,0.000995315460917666,,,,,,,,,
density-m-pg250-draw42,density,m-pg250,raw/density-m-pg250-draw42/measurements.json,zero_gradient,sampled_pg_draw3,1e-05,,0.8925523907487217,0.011704878987133766,604788,630124,537258,697654,0.7700923380357598,0.00020023928997733092,,,,,,,,,
density-m-pg250-draw42,density,m-pg250,raw/density-m-pg250-draw42/measurements.json,sampled_pg,student_topk,0.0,0.13909680377741357,0.8605446042162254,0.01351929114115933,3268932,3313354,2768492,3813794,0.7259154532205987,0.0010295529778790796,,,,,,,,,
density-m-pg250-draw42,density,m-pg250,raw/density-m-pg250-draw42/measurements.json,sampled_pg,student_topk,1e-05,0.13909680377741357,0.8605446042162254,0.01351929114115933,632054,644885,532024,744915,0.7142076612767899,0.00020808777074839369,,,,,,,,,
density-m-pg250-draw42,density,m-pg250,raw/density-m-pg250-draw42/measurements.json,sampled_pg,topk_intersection,0.0,0.13830614227018373,0.8604759883735614,0.013522197917050595,3268932,3313346,2768138,3814140,0.725756789210674,0.0010295509258923497,,,,,,,,,
density-m-pg250-draw42,density,m-pg250,raw/density-m-pg250-draw42/measurements.json,sampled_pg,topk_intersection,1e-05,0.13830614227018373,0.8604759883735614,0.013522197917050595,632054,644943,531980,745017,0.7140508203168519,0.00020809754341185417,,,,,,,,,
density-m-pg250-draw42,density,m-pg250,raw/density-m-pg250-draw42/measurements.json,sampled_pg,teacher_topk,0.0,0.13758787024315786,0.8604317793604286,0.013524417775515208,3268932,3313283,2768039,3814176,0.7257239833715067,0.0010295408230074294,,,,,,,,,
density-m-pg250-draw42,density,m-pg250,raw/density-m-pg250-draw42/measurements.json,sampled_pg,teacher_topk,1e-05,0.13758787024315786,0.8604317793604286,0.013524417775515208,632054,644896,531953,744997,0.7140337477869039,0.00020808845918418426,,,,,,,,,
density-m-pg250-draw42,density,m-pg250,raw/density-m-pg250-draw42/measurements.json,sampled_pg,full_vocab,0.0,0.13969265488981206,0.8606070053152671,0.013517444681865269,3268932,3313393,2768518,3813807,0.7259197961511948,0.0010295635790428148,,,,,,,,,
density-m-pg250-draw42,density,m-pg250,raw/density-m-pg250-draw42/measurements.json,sampled_pg,full_vocab,1e-05,0.13969265488981206,0.8606070053152671,0.013517444681865269,632054,644984,532077,744961,0.7142347049040151,0.00020810838695605404,,,,,,,,,
density-m-pg250-draw42,density,m-pg250,raw/density-m-pg250-draw42/measurements.json,sampled_pg,sampled_pg_draw1,0.0,0.20003848181708417,0.8746575621118565,0.012731908290782388,3268932,3261188,2781770,3748350,0.7421318713567303,0.0010190683061477846,,,,,,,,,
density-m-pg250-draw42,density,m-pg250,raw/density-m-pg250-draw42/measurements.json,sampled_pg,sampled_pg_draw1,1e-05,0.20003848181708417,0.8746575621118565,0.012731908290782388,632054,630176,534703,727527,0.7349596647272197,0.00020494407224421818,,,,,,,,,
density-m-pg250-draw42,density,m-pg250,raw/density-m-pg250-draw42/measurements.json,sampled_pg,sampled_pg_draw2,0.0,0.020515480549434376,0.8491545370428729,0.014050776413659607,3268932,3307447,2723317,3853062,0.7067929350734559,0.0010286101357651668,,,,,,,,,
density-m-pg250-draw42,density,m-pg250,raw/density-m-pg250-draw42/measurements.json,sampled_pg,sampled_pg_draw2,1e-05,0.020515480549434376,0.8491545370428729,0.014050776413659607,632054,643392,522482,752964,0.6939003723949618,0.0002078265843296028,,,,,,,,,
density-m-pg250-draw42,density,m-pg250,raw/density-m-pg250-draw42/measurements.json,sampled_pg,sampled_pg_draw3,0.0,0.22538114005099572,0.8728581382402958,0.012821777787848633,3268932,3261958,2784969,3745921,0.7434670939403153,0.0010194330031218042,,,,,,,,,
density-m-pg250-draw42,density,m-pg250,raw/density-m-pg250-draw42/measurements.json,sampled_pg,sampled_pg_draw3,1e-05,0.22538114005099572,0.8728581382402958,0.012821777787848633,632054,630124,534604,727574,0.7347761189927072,0.00020502599543306804,,,,,,,,,
density-m-pg250-draw42,density,m-pg250,raw/density-m-pg250-draw42/measurements.json,student_topk,topk_intersection,0.0,0.9998918931959868,0.9984455106348298,0.0014350488170513547,3313354,3313346,3306906,3319794,0.9961178314076115,0.001039746815730691,,,,,,,,,
density-m-pg250-draw42,density,m-pg250,raw/density-m-pg250-draw42/measurements.json,student_topk,topk_intersection,1e-05,0.9998918931959868,0.9984455106348298,0.0014350488170513547,644885,644943,643652,646176,0.9960939434457485,0.00021116153980341523,,,,,,,,,
density-m-pg250-draw42,density,m-pg250,raw/density-m-pg250-draw42/measurements.json,student_topk,teacher_topk,0.0,0.999877394506024,0.9983697144857849,0.001469626202765171,3313354,3313283,3306381,3320256,0.9958211053605505,0.0010397390651032828,,,,,,,,,
density-m-pg250-draw42,density,m-pg250,raw/density-m-pg250-draw42/measurements.json,student_topk,teacher_topk,1e-05,0.999877394506024,0.9983697144857849,0.001469626202765171,644885,644896,643557,646224,0.9958729480799228,0.0002111535479531044,,,,,,,,,
density-m-pg250-draw42,density,m-pg250,raw/density-m-pg250-draw42/measurements.json,student_topk,full_vocab,0.0,0.9998282984736862,0.9982907400737175,0.001504962400731953,3313354,3313393,3306456,3320291,0.9958331965481338,0.0010397585042501924,,,,,,,,,
density-m-pg250-draw42,density,m-pg250,raw/density-m-pg250-draw42/measurements.json,student_topk,full_vocab,1e-05,0.9998282984736862,0.9982907400737175,0.001504962400731953,644885,644984,643608,646261,0.9958948474377999,0.00021117182000551172,,,,,,,,,
density-m-pg250-draw42,density,m-pg250,raw/density-m-pg250-draw42/measurements.json,student_topk,sampled_pg_draw1,0.0,0.054312991295664644,0.8617054366366956,0.013453101501711936,3313354,3261188,2763326,3811216,0.7250510073425385,0.0010277682780522488,,,,,,,,,
density-m-pg250-draw42,density,m-pg250,raw/density-m-pg250-draw42/measurements.json,student_topk,sampled_pg_draw1,1e-05,0.054312991295664644,0.8617054366366956,0.013453101501711936,644885,630176,531263,743798,0.7142570966848526,0.00020766164171826088,,,,,,,,,
density-m-pg250-draw42,density,m-pg250,raw/density-m-pg250-draw42/measurements.json,student_topk,sampled_pg_draw2,0.0,0.9777394972474165,0.9766871777231906,0.005554112609811447,3313354,3307447,3218991,3401810,0.9462583154261995,0.001038829118934385,,,,,,,,,
density-m-pg250-draw42,density,m-pg250,raw/density-m-pg250-draw42/measurements.json,student_topk,sampled_pg_draw2,1e-05,0.9777394972474165,0.9766871777231906,0.005554112609811447,644885,643392,626207,662070,0.945832011720815,0.00021089080695636852,,,,,,,,,
density-m-pg250-draw42,density,m-pg250,raw/density-m-pg250-draw42/measurements.json,student_topk,sampled_pg_draw3,0.0,0.047564843268860006,0.8568226614897398,0.01368722159231692,3313354,3261958,2751093,3824219,0.7193868865773639,0.0010282010991755465,,,,,,,,,
density-m-pg250-draw42,density,m-pg250,raw/density-m-pg250-draw42/measurements.json,student_topk,sampled_pg_draw3,1e-05,0.047564843268860006,0.8568226614897398,0.01368722159231692,644885,630124,528173,746836,0.7072141675012988,0.00020775415593262078,,,,,,,,,
density-m-pg250-draw42,density,m-pg250,raw/density-m-pg250-draw42/measurements.json,topk_intersection,teacher_topk,0.0,0.9999255591832633,0.9987833422426953,0.0012695410049859827,3313346,3313283,3308298,3318331,0.9969764920979854,0.001039737331509948,,,,,,,,,
density-m-pg250-draw42,density,m-pg250,raw/density-m-pg250-draw42/measurements.json,topk_intersection,teacher_topk,1e-05,0.9999255591832633,0.9987833422426953,0.0012695410049859827,644943,644896,643941,645898,0.9969701098315833,0.00021116434075725026,,,,,,,,,
density-m-pg250-draw42,density,m-pg250,raw/density-m-pg250-draw42/measurements.json,topk_intersection,full_vocab,0.0,0.9996884982772307,0.9976021429404283,0.0017824663754168182,3313346,3313393,3303714,3323025,0.9941887286433295,0.0010397567514385394,,,,,,,,,
density-m-pg250-draw42,density,m-pg250,raw/density-m-pg250-draw42/measurements.json,topk_intersection,full_vocab,1e-05,0.9996884982772307,0.9976021429404283,0.0017824663754168182,644943,644984,643101,646826,0.9942411096647321,0.0002111825946981213,,,,,,,,,
density-m-pg250-draw42,density,m-pg250,raw/density-m-pg250-draw42/measurements.json,topk_intersection,sampled_pg_draw1,0.0,0.05368391421345577,0.8615279779938191,0.013461305011377855,3313346,3261188,2762897,3811637,0.7248583744989358,0.0010277662064430444,,,,,,,,,
density-m-pg250-draw42,density,m-pg250,raw/density-m-pg250-draw42/measurements.json,topk_intersection,sampled_pg_draw1,1e-05,0.05368391421345577,0.8615279779938191,0.013461305011377855,644943,630176,531172,743947,0.713991722528621,0.00020767134258681212,,,,,,,,,
density-m-pg250-draw42,density,m-pg250,raw/density-m-pg250-draw42/measurements.json,topk_intersection,sampled_pg_draw2,0.0,0.9782775211168053,0.9770163476937741,0.005514597422725622,3313346,3307447,3220155,3400638,0.9469267237500728,0.001038827407575374,,,,,,,,,
density-m-pg250-draw42,density,m-pg250,raw/density-m-pg250-draw42/measurements.json,topk_intersection,sampled_pg_draw2,1e-05,0.9782775211168053,0.9770163476937741,0.005514597422725622,644943,643392,626489,661846,0.9465782070149249,0.0002109015965261523,,,,,,,,,
density-m-pg250-draw42,density,m-pg250,raw/density-m-pg250-draw42/measurements.json,topk_intersection,sampled_pg_draw3,0.0,0.047071764036784224,0.8567145578011437,0.013691958180468505,3313346,3261958,2750781,3824523,0.7192481258447132,0.0010281989057346773,,,,,,,,,
density-m-pg250-draw42,density,m-pg250,raw/density-m-pg250-draw42/measurements.json,topk_intersection,sampled_pg_draw3,1e-05,0.047071764036784224,0.8567145578011437,0.013691958180468505,644943,630124,528124,746943,0.7070472579567652,0.00020776395062432646,,,,,,,,,
density-m-pg250-draw42,density,m-pg250,raw/density-m-pg250-draw42/measurements.json,teacher_topk,full_vocab,0.0,0.9996797729617233,0.9976157893988118,0.0017773958053813473,3313283,3313393,3303644,3323032,0.9941655692752883,0.001039748999054874,,,,,,,,,
density-m-pg250-draw42,density,m-pg250,raw/density-m-pg250-draw42/measurements.json,teacher_topk,full_vocab,1e-05,0.9996797729617233,0.9976157893988118,0.0017773958053813473,644896,644984,643079,646801,0.9942455252852114,0.00021117459647766,,,,,,,,,
density-m-pg250-draw42,density,m-pg250,raw/density-m-pg250-draw42/measurements.json,teacher_topk,sampled_pg_draw1,0.0,0.05166528349678397,0.8614418351212291,0.013465568225988569,3313283,3261188,2762450,3812021,0.7246680960047177,0.0010277563479444394,,,,,,,,,
density-m-pg250-draw42,density,m-pg250,raw/density-m-pg250-draw42/measurements.json,teacher_topk,sampled_pg_draw1,1e-05,0.05166528349678397,0.8614418351212291,0.013465568225988569,644896,630176,531088,743984,0.7138433084582464,0.00020766237673159696,,,,,,,,,
density-m-pg250-draw42,density,m-pg250,raw/density-m-pg250-draw42/measurements.json,teacher_topk,sampled_pg_draw2,0.0,0.9785886404295712,0.9770937653688866,0.005505333481377482,3313283,3307447,3220666,3400064,0.9472368755411663,0.0010388197381917,,,,,,,,,
density-m-pg250-draw42,density,m-pg250,raw/density-m-pg250-draw42/measurements.json,teacher_topk,sampled_pg_draw2,1e-05,0.9785886404295712,0.9770937653688866,0.005505333481377482,644896,643392,626568,661720,0.9468778335247536,0.00021089365668469556,,,,,,,,,
density-m-pg250-draw42,density,m-pg250,raw/density-m-pg250-draw42/measurements.json,teacher_topk,sampled_pg_draw3,0.0,0.04585469689644425,0.8566629160979616,0.013694504324104356,3313283,3261958,2750565,3824676,0.7191628781104595,0.0010281889480903898,,,,,,,,,
density-m-pg250-draw42,density,m-pg250,raw/density-m-pg250-draw42/measurements.json,teacher_topk,sampled_pg_draw3,1e-05,0.04585469689644425,0.8566629160979616,0.013694504324104356,644896,630124,528096,746924,0.7070277565053472,0.00020775498217274113,,,,,,,,,
density-m-pg250-draw42,density,m-pg250,raw/density-m-pg250-draw42/measurements.json,full_vocab,sampled_pg_draw1,0.0,0.052128928422483956,0.8616761682002659,0.013455709185396725,3313393,3261188,2762972,3811609,0.7248833760230916,0.0010277788157368858,,,,,,,,,
density-m-pg250-draw42,density,m-pg250,raw/density-m-pg250-draw42/measurements.json,full_vocab,sampled_pg_draw1,1e-05,0.052128928422483956,0.8616761682002659,0.013455709185396725,644984,630176,531251,743909,0.714134390093412,0.00020768216242135747,,,,,,,,,
density-m-pg250-draw42,density,m-pg250,raw/density-m-pg250-draw42/measurements.json,full_vocab,sampled_pg_draw2,0.0,0.97711393193489,0.9764746367315904,0.00557984757703294,3313393,3307447,3218477,3402363,0.9459534447088686,0.0010388389966826575,,,,,,,,,
density-m-pg250-draw42,density,m-pg250,raw/density-m-pg250-draw42/measurements.json,full_vocab,sampled_pg_draw2,1e-05,0.97711393193489,0.9764746367315904,0.00557984757703294,644984,643392,626145,662231,0.9455084404082563,0.00021091179729606496,,,,,,,,,
density-m-pg250-draw42,density,m-pg250,raw/density-m-pg250-draw42/measurements.json,full_vocab,sampled_pg_draw3,0.0,0.047740508190839574,0.856844270168678,0.013687392703570618,3313393,3261958,2751229,3824122,0.7194406977601656,0.0010282114229062053,,,,,,,,,
density-m-pg250-draw42,density,m-pg250,raw/density-m-pg250-draw42/measurements.json,full_vocab,sampled_pg_draw3,1e-05,0.047740508190839574,0.856844270168678,0.013687392703570618,644984,630124,528236,746872,0.707264430852944,0.00020777463281845365,,,,,,,,,
density-m-pg250-draw42,density,m-pg250,raw/density-m-pg250-draw42/measurements.json,sampled_pg_draw1,sampled_pg_draw2,0.0,-0.015092756521669961,0.8548898081444608,0.013770963342106857,3261188,3307447,2735852,3832783,0.7138029990218596,0.0010268275164343962,,,,,,,,,
density-m-pg250-draw42,density,m-pg250,raw/density-m-pg250-draw42/measurements.json,sampled_pg_draw1,sampled_pg_draw2,1e-05,-0.015092756521669961,0.8548898081444608,0.013770963342106857,630176,643392,525426,748142,0.7023078506486736,0.0002074016875328621,,,,,,,,,
density-m-pg250-draw42,density,m-pg250,raw/density-m-pg250-draw42/measurements.json,sampled_pg_draw1,sampled_pg_draw3,0.0,0.36809243261312474,0.8955356431006762,0.011612822463415454,3261188,3261958,2863237,3659909,0.7823246424979419,0.001017684570558521,,,,,,,,,
density-m-pg250-draw42,density,m-pg250,raw/density-m-pg250-draw42/measurements.json,sampled_pg_draw1,sampled_pg_draw3,1e-05,0.36809243261312474,0.8955356431006762,0.011612822463415454,630176,630124,550795,709505,0.7763088350328751,0.00020461029914663447,,,,,,,,,
density-m-pg250-draw42,density,m-pg250,raw/density-m-pg250-draw42/measurements.json,sampled_pg_draw2,sampled_pg_draw3,0.0,-0.02976514846505018,0.8481687127826416,0.014084898249217374,3307447,3261958,2716254,3853151,0.7049435643710823,0.001027261883182981,,,,,,,,,
density-m-pg250-draw42,density,m-pg250,raw/density-m-pg250-draw42/measurements.json,sampled_pg_draw2,sampled_pg_draw3,1e-05,-0.02976514846505018,0.8481687127826416,0.014084898249217374,643392,630124,520797,752719,0.691887676543305,0.00020749388525401368,,,,,,,,,
density-m-pg250-draw43,density,m-pg250,raw/density-m-pg250-draw43/measurements.json,zero_gradient,sampled_pg,0.0,,0.8789237080711664,0.012458140840028706,3129143,3296349,2764558,3660934,0.7551510079121885,0.0010033388738739674,,,,,,,,,
density-m-pg250-draw43,density,m-pg250,raw/density-m-pg250-draw43/measurements.json,zero_gradient,sampled_pg,1e-05,,0.8789237080711664,0.012458140840028706,604788,638550,530374,712964,0.7439001127686672,0.00020239145893372567,,,,,,,,,
density-m-pg250-draw43,density,m-pg250,raw/density-m-pg250-draw43/measurements.json,zero_gradient,student_topk,0.0,,0.8836225943703748,0.01221798410524917,3129143,3300260,2779887,3649516,0.7617138820599773,0.001004323367579918,,,,,,,,,
density-m-pg250-draw43,density,m-pg250,raw/density-m-pg250-draw43/measurements.json,zero_gradient,student_topk,1e-05,,0.8836225943703748,0.01221798410524917,604788,639612,533761,710639,0.7511000662783777,0.00020267516185128713,,,,,,,,,
density-m-pg250-draw43,density,m-pg250,raw/density-m-pg250-draw43/measurements.json,zero_gradient,topk_intersection,0.0,,0.8835643027742539,0.012219186566837478,3129143,3299653,2779604,3649192,0.7617039607672055,0.0010042471926861465,,,,,,,,,
density-m-pg250-draw43,density,m-pg250,raw/density-m-pg250-draw43/measurements.json,zero_gradient,topk_intersection,1e-05,,0.8835643027742539,0.012219186566837478,604788,639442,533688,710542,0.751099864610396,0.00020264852872666351,,,,,,,,,
density-m-pg250-draw43,density,m-pg250,raw/density-m-pg250-draw43/measurements.json,zero_gradient,teacher_topk,0.0,,0.8836819191144754,0.012212773843751497,3129143,3299555,2779914,3648784,0.7618740928484667,0.0010042376006635895,,,,,,,,,
density-m-pg250-draw43,density,m-pg250,raw/density-m-pg250-draw43/measurements.json,zero_gradient,teacher_topk,1e-05,,0.8836819191144754,0.012212773843751497,604788,639420,533747,710461,0.7512685425378733,0.00020264928967283398,,,,,,,,,
density-m-pg250-draw43,density,m-pg250,raw/density-m-pg250-draw43/measurements.json,zero_gradient,full_vocab,0.0,,0.8837985761789463,0.012209415337668865,3129143,3300466,2780446,3649163,0.7619407518929683,0.0010043729701511312,,,,,,,,,
density-m-pg250-draw43,density,m-pg250,raw/density-m-pg250-draw43/measurements.json,zero_gradient,full_vocab,1e-05,,0.8837985761789463,0.012209415337668865,604788,639676,533882,710582,0.751330599424134,0.00020269479113516113,,,,,,,,,
density-m-pg250-draw43,density,m-pg250,raw/density-m-pg250-draw43/measurements.json,zero_gradient,sampled_pg_draw1,0.0,,0.8782335638413902,0.012487049953258287,3129143,3294518,2757627,3666034,0.7522098813049742,0.0010024342787362914,,,,,,,,,
density-m-pg250-draw43,density,m-pg250,raw/density-m-pg250-draw43/measurements.json,zero_gradient,sampled_pg_draw1,1e-05,,0.8782335638413902,0.012487049953258287,604788,637262,529316,712734,0.7426557453411792,0.00020199671688802816,,,,,,,,,
density-m-pg250-draw43,density,m-pg250,raw/density-m-pg250-draw43/measurements.json,zero_gradient,sampled_pg_draw2,0.0,,0.8794945460933026,0.012420487721603944,3129143,3298297,2763215,3664225,0.7541062571212194,0.001003769533752665,,,,,,,,,
density-m-pg250-draw43,density,m-pg250,raw/density-m-pg250-draw43/measurements.json,zero_gradient,sampled_pg_draw2,1e-05,,0.8794945460933026,0.012420487721603944,604788,638689,530370,713107,0.7437453285411586,0.00020246211425854426,,,,,,,,,
density-m-pg250-draw43,density,m-pg250,raw/density-m-pg250-draw43/measurements.json,zero_gradient,sampled_pg_draw3,0.0,,0.880580334659119,0.012367723181123927,3129143,3291938,2765337,3655744,0.7564361727735859,0.0010026376726085396,,,,,,,,,
density-m-pg250-draw43,density,m-pg250,raw/density-m-pg250-draw43/measurements.json,zero_gradient,sampled_pg_draw3,1e-05,,0.880580334659119,0.012367723181123927,604788,637385,530925,711248,0.746469585854723,0.00020222821148205744,,,,,,,,,
density-m-pg250-draw43,density,m-pg250,raw/density-m-pg250-draw43/measurements.json,sampled_pg,student_topk,0.0,0.805434608755103,0.930257240443189,0.009535856324769255,3296349,3300260,3035848,3560761,0.8525840403217178,0.0010362978400280266,,,,,,,,,
density-m-pg250-draw43,density,m-pg250,raw/density-m-pg250-draw43/measurements.json,sampled_pg,student_topk,1e-05,0.805434608755103,0.930257240443189,0.009535856324769255,638550,639612,586339,691823,0.8475274745129896,0.0002095791609662819,,,,,,,,,
density-m-pg250-draw43,density,m-pg250,raw/density-m-pg250-draw43/measurements.json,sampled_pg,topk_intersection,0.0,0.8056107960786084,0.9303097908794862,0.00953100564233159,3296349,3299653,3035667,3560335,0.852635215506406,0.0010362203216327985,,,,,,,,,
density-m-pg250-draw43,density,m-pg250,raw/density-m-pg250-draw43/measurements.json,sampled_pg,topk_intersection,1e-05,0.8056107960786084,0.9303097908794862,0.00953100564233159,638550,639442,586282,691710,0.8475835248875974,0.00020955066740696487,,,,,,,,,
density-m-pg250-draw43,density,m-pg250,raw/density-m-pg250-draw43/measurements.json,sampled_pg,teacher_topk,0.0,0.8056693348923,0.9303223960183284,0.009529975307401491,3296349,3299555,3035722,3560182,0.8526873064354575,0.0010362110794266198,,,,,,,,,
density-m-pg250-draw43,density,m-pg250,raw/density-m-pg250-draw43/measurements.json,sampled_pg,teacher_topk,1e-05,0.8056693348923,0.9303223960183284,0.009529975307401491,638550,639420,586260,691710,0.8475517196512989,0.00020955196725521658,,,,,,,,,
density-m-pg250-draw43,density,m-pg250,raw/density-m-pg250-draw43/measurements.json,sampled_pg,full_vocab,0.0,0.8054382670663905,0.930325289487512,0.009531651341537026,3296349,3300466,3036049,3560766,0.8526392916580309,0.0010363520938513823,,,,,,,,,
density-m-pg250-draw43,density,m-pg250,raw/density-m-pg250-draw43/measurements.json,sampled_pg,full_vocab,1e-05,0.8054382670663905,0.930325289487512,0.009531651341537026,638550,639676,586397,691829,0.8476039599380771,0.00020960050057935845,,,,,,,,,
density-m-pg250-draw43,density,m-pg250,raw/density-m-pg250-draw43/measurements.json,sampled_pg,sampled_pg_draw1,0.0,0.5701996620330859,0.9061837028968909,0.011051956618701975,3296349,3294518,2939427,3651440,0.8050048747891243,0.0010341830416152817,,,,,,,,,
density-m-pg250-draw43,density,m-pg250,raw/density-m-pg250-draw43/measurements.json,sampled_pg,sampled_pg_draw1,1e-05,0.5701996620330859,0.9061837028968909,0.011051956618701975,638550,637262,566510,709302,0.7986865961184375,0.0002088440576158714,,,,,,,,,
density-m-pg250-draw43,density,m-pg250,raw/density-m-pg250-draw43/measurements.json,sampled_pg,sampled_pg_draw2,0.0,0.6652890611569044,0.9067055308536652,0.01101977991487048,3296349,3298297,2949664,3644982,0.8092396615401667,0.001035677383067621,,,,,,,,,
density-m-pg250-draw43,density,m-pg250,raw/density-m-pg250-draw43/measurements.json,sampled_pg,sampled_pg_draw2,1e-05,0.6652890611569044,0.9067055308536652,0.01101977991487048,638550,638689,568161,709078,0.8012672794812419,0.00020934844560412588,,,,,,,,,
density-m-pg250-draw43,density,m-pg250,raw/density-m-pg250-draw43/measurements.json,sampled_pg,sampled_pg_draw3,0.0,0.8144667473877198,0.9424804915664966,0.008654701546148438,3296349,3291938,3073853,3514434,0.8746367124834326,0.0010344629952890954,,,,,,,,,
density-m-pg250-draw43,density,m-pg250,raw/density-m-pg250-draw43/measurements.json,sampled_pg,sampled_pg_draw3,1e-05,0.8144667473877198,0.9424804915664966,0.008654701546148438,638550,637385,594412,681523,0.8721818632680042,0.00020909780154387884,,,,,,,,,
density-m-pg250-draw43,density,m-pg250,raw/density-m-pg250-draw43/measurements.json,student_topk,topk_intersection,0.0,0.9993085147802943,0.9959254610114222,0.002305188932402662,3300260,3299653,3284263,3315650,0.9905336811786527,0.001037372406579344,,,,,,,,,
density-m-pg250-draw43,density,m-pg250,raw/density-m-pg250-draw43/measurements.json,student_topk,topk_intersection,1e-05,0.9993085147802943,0.9959254610114222,0.002305188932402662,639612,639442,636456,642598,0.9904419248114684,0.00020987498205135745,,,,,,,,,
density-m-pg250-draw43,density,m-pg250,raw/density-m-pg250-draw43/measurements.json,student_topk,teacher_topk,0.0,0.9992269094525609,0.995719927671685,0.002362575019740581,3300260,3299555,3283479,3316336,0.9900923790592991,0.0010373638242068182,,,,,,,,,
density-m-pg250-draw43,density,m-pg250,raw/density-m-pg250-draw43/measurements.json,student_topk,teacher_topk,1e-05,0.9992269094525609,0.995719927671685,0.002362575019740581,639612,639420,636306,642726,0.9900112956376435,0.00020987648237038035,,,,,,,,,
density-m-pg250-draw43,density,m-pg250,raw/density-m-pg250-draw43/measurements.json,student_topk,full_vocab,0.0,0.9998373764262797,0.9982473870733783,0.0015121199175052095,3300260,3300466,3293237,3307489,0.9956909909602119,0.0010375041713401748,,,,,,,,,
density-m-pg250-draw43,density,m-pg250,raw/density-m-pg250-draw43/measurements.json,student_topk,full_vocab,1e-05,0.9998373764262797,0.9982473870733783,0.0015121199175052095,639612,639676,638300,640988,0.995806473756139,0.00020992510000812458,,,,,,,,,
density-m-pg250-draw43,density,m-pg250,raw/density-m-pg250-draw43/measurements.json,student_topk,sampled_pg_draw1,0.0,0.5812282852354943,0.8983904504532912,0.011504857089195943,3300260,3294518,2911393,3683385,0.7904123516819447,0.0010352640341047786,,,,,,,,,
density-m-pg250-draw43,density,m-pg250,raw/density-m-pg250-draw43/measurements.json,student_topk,sampled_pg_draw1,1e-05,0.5812282852354943,0.8983904504532912,0.011504857089195943,639612,637262,560974,715900,0.7835926805419752,0.00020915445210030782,,,,,,,,,
density-m-pg250-draw43,density,m-pg250,raw/density-m-pg250-draw43/measurements.json,student_topk,sampled_pg_draw2,0.0,0.8928782067744546,0.9453932760926146,0.008433052740377188,3300260,3298297,3087548,3511009,0.8793905113886066,0.0010368161872470125,,,,,,,,,
density-m-pg250-draw43,density,m-pg250,raw/density-m-pg250-draw43/measurements.json,student_topk,sampled_pg_draw2,1e-05,0.8928782067744546,0.9453932760926146,0.008433052740377188,639612,638689,597165,681136,0.8767191867703367,0.00020967037451969988,,,,,,,,,
density-m-pg250-draw43,density,m-pg250,raw/density-m-pg250-draw43/measurements.json,student_topk,sampled_pg_draw3,0.0,0.8393382856854081,0.9363826954875837,0.00910429829545746,3300260,3291938,3051961,3540237,0.862078160303957,0.0010355809946562748,,,,,,,,,
density-m-pg250-draw43,density,m-pg250,raw/density-m-pg250-draw43/measurements.json,student_topk,sampled_pg_draw3,1e-05,0.8393382856854081,0.9363826954875837,0.00910429829545746,639612,637385,590017,686980,0.8588561530175551,0.00020941492683655498,,,,,,,,,
density-m-pg250-draw43,density,m-pg250,raw/density-m-pg250-draw43/measurements.json,topk_intersection,teacher_topk,0.0,0.9999355018026166,0.9988891456456301,0.0012034540517207011,3299653,3299555,3295092,3304116,0.997268861020618,0.0010372870680226826,,,,,,,,,
density-m-pg250-draw43,density,m-pg250,raw/density-m-pg250-draw43/measurements.json,topk_intersection,teacher_topk,1e-05,0.9999355018026166,0.9988891456456301,0.0012034540517207011,639442,639420,638544,640318,0.9972295015913968,0.0002098481550047467,,,,,,,,,
density-m-pg250-draw43,density,m-pg250,raw/density-m-pg250-draw43/measurements.json,topk_intersection,full_vocab,0.0,0.9988560089819979,0.9949364571283411,0.0025698967313709594,3299653,3300466,3280431,3319688,0.9881744910967537,0.0010374272770136857,,,,,,,,,
density-m-pg250-draw43,density,m-pg250,raw/density-m-pg250-draw43/measurements.json,topk_intersection,full_vocab,1e-05,0.9988560089819979,0.9949364571283411,0.0025698967313709594,639442,639676,635730,643388,0.9880973844709569,0.00020989665374111763,,,,,,,,,
density-m-pg250-draw43,density,m-pg250,raw/density-m-pg250-draw43/measurements.json,topk_intersection,sampled_pg_draw1,0.0,0.5746827585890804,0.8976839629672305,0.011543250120569152,3299653,3294518,2908817,3685354,0.7892910694603558,0.0010351864396190272,,,,,,,,,
density-m-pg250-draw43,density,m-pg250,raw/density-m-pg250-draw43/measurements.json,topk_intersection,sampled_pg_draw1,1e-05,0.5746827585890804,0.8976839629672305,0.011543250120569152,639442,637262,560418,716286,0.7823941833290055,0.00020912615895343078,,,,,,,,,
density-m-pg250-draw43,density,m-pg250,raw/density-m-pg250-draw43/measurements.json,topk_intersection,sampled_pg_draw2,0.0,0.8980908656886456,0.9465269586883619,0.008343930627937486,3299653,3298297,3091445,3506505,0.8816314250229217,0.0010367390798690992,,,,,,,,,
density-m-pg250-draw43,density,m-pg250,raw/density-m-pg250-draw43/measurements.json,topk_intersection,sampled_pg_draw2,1e-05,0.8980908656886456,0.9465269586883619,0.008343930627937486,639442,638689,597945,680186,0.8790904252660302,0.00020964195457130386,,,,,,,,,
density-m-pg250-draw43,density,m-pg250,raw/density-m-pg250-draw43/measurements.json,topk_intersection,sampled_pg_draw3,0.0,0.8410417955789126,0.9367493265924766,0.009076814849803203,3299653,3291938,3052831,3538760,0.862683821451582,0.0010355040174898826,,,,,,,,,
density-m-pg250-draw43,density,m-pg250,raw/density-m-pg250-draw43/measurements.json,topk_intersection,sampled_pg_draw3,1e-05,0.8410417955789126,0.9367493265924766,0.009076814849803203,639442,637385,590164,686663,0.8594667253077565,0.00020938656952041855,,,,,,,,,
density-m-pg250-draw43,density,m-pg250,raw/density-m-pg250-draw43/measurements.json,teacher_topk,full_vocab,0.0,0.9987779216263861,0.9948568072208487,0.0025899876633267644,3299555,3300466,3279998,3320023,0.9879443606264173,0.0010374187001939417,,,,,,,,,
density-m-pg250-draw43,density,m-pg250,raw/density-m-pg250-draw43/measurements.json,teacher_topk,full_vocab,1e-05,0.9987779216263861,0.9948568072208487,0.0025899876633267644,639420,639676,635675,643421,0.9879612260090982,0.00020989815992969454,,,,,,,,,
density-m-pg250-draw43,density,m-pg250,raw/density-m-pg250-draw43/measurements.json,teacher_topk,sampled_pg_draw1,0.0,0.5747254282831302,0.8976485084436994,0.011545044392081231,3299555,3294518,2908784,3685289,0.7892960362131708,0.001035176742145033,,,,,,,,,
density-m-pg250-draw43,density,m-pg250,raw/density-m-pg250-draw43/measurements.json,teacher_topk,sampled_pg_draw1,1e-05,0.5747254282831302,0.8976485084436994,0.011545044392081231,639420,637262,560398,716284,0.7823684460353715,0.00020912741549965514,,,,,,,,,
density-m-pg250-draw43,density,m-pg250,raw/density-m-pg250-draw43/measurements.json,teacher_topk,sampled_pg_draw2,0.0,0.8983930946423876,0.9466082129272355,0.00833743824446579,3299555,3298297,3091615,3506237,0.8817472977439916,0.0010367302378677435,,,,,,,,,
density-m-pg250-draw43,density,m-pg250,raw/density-m-pg250-draw43/measurements.json,teacher_topk,sampled_pg_draw2,1e-05,0.8983930946423876,0.9466082129272355,0.00833743824446579,639420,638689,597977,680132,0.8792072715296443,0.00020964339753797712,,,,,,,,,
density-m-pg250-draw43,density,m-pg250,raw/density-m-pg250-draw43/measurements.json,teacher_topk,sampled_pg_draw3,0.0,0.8416693502903931,0.9368769057320403,0.00906749413131719,3299555,3291938,3053411,3538082,0.8630130675320696,0.0010354949624543786,,,,,,,,,
density-m-pg250-draw43,density,m-pg250,raw/density-m-pg250-draw43/measurements.json,teacher_topk,sampled_pg_draw3,1e-05,0.8416693502903931,0.9368769057320403,0.00906749413131719,639420,637385,590248,686557,0.8597217710983939,0.00020938800849496907,,,,,,,,,
density-m-pg250-draw43,density,m-pg250,raw/density-m-pg250-draw43/measurements.json,full_vocab,sampled_pg_draw1,0.0,0.5837836060569694,0.8986088807879309,0.011493028533948027,3300466,3294518,2912509,3682475,0.7909107325915316,0.0010353169214468952,,,,,,,,,
density-m-pg250-draw43,density,m-pg250,raw/density-m-pg250-draw43/measurements.json,full_vocab,sampled_pg_draw1,1e-05,0.5837836060569694,0.8986088807879309,0.011493028533948027,639676,637262,561184,715754,0.7840459152166805,0.0002091754689104828,,,,,,,,,
density-m-pg250-draw43,density,m-pg250,raw/density-m-pg250-draw43/measurements.json,full_vocab,sampled_pg_draw2,0.0,0.8900475536342486,0.9449167037021622,0.008470178563763276,3300466,3298297,3085660,3513103,0.8783289302932479,0.0010368706788333284,,,,,,,,,
density-m-pg250-draw43,density,m-pg250,raw/density-m-pg250-draw43/measurements.json,full_vocab,sampled_pg_draw2,1e-05,0.8900475536342486,0.9449167037021622,0.008470178563763276,639676,638689,596829,681536,0.8757116278523805,0.00020969189157315834,,,,,,,,,
density-m-pg250-draw43,density,m-pg250,raw/density-m-pg250-draw43/measurements.json,full_vocab,sampled_pg_draw3,0.0,0.8390396431480042,0.9363950619581255,0.009103846585867801,3300466,3291938,3051944,3540460,0.8620190596702123,0.0010356352093071936,,,,,,,,,
density-m-pg250-draw43,density,m-pg250,raw/density-m-pg250-draw43/measurements.json,full_vocab,sampled_pg_draw3,1e-05,0.8390396431480042,0.9363950619581255,0.009103846585867801,639676,637385,590023,687038,0.8587923812074442,0.00020943630908804186,,,,,,,,,
density-m-pg250-draw43,density,m-pg250,raw/density-m-pg250-draw43/measurements.json,sampled_pg_draw1,sampled_pg_draw2,0.0,0.47390998360739245,0.8827463261797422,0.012348344508679995,3294518,3298297,2856225,3736590,0.7643934710524837,0.0010346595667012324,,,,,,,,,
density-m-pg250-draw43,density,m-pg250,raw/density-m-pg250-draw43/measurements.json,sampled_pg_draw1,sampled_pg_draw2,1e-05,0.47390998360739245,0.8827463261797422,0.012348344508679995,637262,638689,549128,726823,0.7555181935629445,0.00020892624235892496,,,,,,,,,
density-m-pg250-draw43,density,m-pg250,raw/density-m-pg250-draw43/measurements.json,sampled_pg_draw1,sampled_pg_draw3,0.0,0.5498328278271046,0.9021652161018243,0.011282161829018606,3294518,3291938,2923577,3662879,0.7981636849046884,0.001033458526952537,,,,,,,,,
density-m-pg250-draw43,density,m-pg250,raw/density-m-pg250-draw43/measurements.json,sampled_pg_draw1,sampled_pg_draw3,1e-05,0.5498328278271046,0.9021652161018243,0.011282161829018606,637262,637385,563186,711461,0.7915908250768489,0.00020867732829998225,,,,,,,,,
density-m-pg250-draw43,density,m-pg250,raw/density-m-pg250-draw43/measurements.json,sampled_pg_draw2,sampled_pg_draw3,0.0,0.7518985376600067,0.9184187244835029,0.01030114452566171,3298297,3291938,2985315,3604920,0.8281223993875038,0.0010349584733064722,,,,,,,,,
density-m-pg250-draw43,density,m-pg250,raw/density-m-pg250-draw43/measurements.json,sampled_pg_draw2,sampled_pg_draw3,1e-05,0.7518985376600067,0.9184187244835029,0.01030114452566171,638689,637385,575953,700121,0.822647799451809,0.0002091836763425315,,,,,,,,,
density-m-pg250-draw44,density,m-pg250,raw/density-m-pg250-draw44/measurements.json,zero_gradient,sampled_pg,0.0,,0.8841047759809579,0.012161047865845162,3129143,3279661,2772848,3635956,0.7626186895550991,0.001000146540924183,,,,,,,,,
density-m-pg250-draw44,density,m-pg250,raw/density-m-pg250-draw44/measurements.json,zero_gradient,sampled_pg,1e-05,,0.8841047759809579,0.012161047865845162,604788,633896,531909,706775,0.7525860422340914,0.0002015114683729427,,,,,,,,,
density-m-pg250-draw44,density,m-pg250,raw/density-m-pg250-draw44/measurements.json,zero_gradient,student_topk,0.0,,0.8830515217802192,0.012238704607946694,3129143,3297461,2759869,3666735,0.7526775182826139,0.001000940185760172,,,,,,,,,
density-m-pg250-draw44,density,m-pg250,raw/density-m-pg250-draw44/measurements.json,zero_gradient,student_topk,1e-05,,0.8830515217802192,0.012238704607946694,604788,636699,530822,710665,0.7469370237735079,0.00020129953573563733,,,,,,,,,
density-m-pg250-draw44,density,m-pg250,raw/density-m-pg250-draw44/measurements.json,zero_gradient,topk_intersection,0.0,,0.8838999899975798,0.012188757491716905,3129143,3292532,2761418,3660257,0.7544328171491783,0.0010002223828072343,,,,,,,,,
density-m-pg250-draw44,density,m-pg250,raw/density-m-pg250-draw44/measurements.json,zero_gradient,topk_intersection,1e-05,,0.8838999899975798,0.012188757491716905,604788,635805,531264,709329,0.7489669814712214,0.00020117987330013398,,,,,,,,,
density-m-pg250-draw44,density,m-pg250,raw/density-m-pg250-draw44/measurements.json,zero_gradient,teacher_topk,0.0,,0.8846125981099571,0.012148739472445656,3129143,3288460,2763560,3654043,0.7563019920674169,0.0009996615825975858,,,,,,,,,
density-m-pg250-draw44,density,m-pg250,raw/density-m-pg250-draw44/measurements.json,zero_gradient,teacher_topk,1e-05,,0.8846125981099571,0.012148739472445656,604788,635016,531641,708163,0.7507325290928784,0.00020107844817727273,,,,,,,,,
density-m-pg250-draw44,density,m-pg250,raw/density-m-pg250-draw44/measurements.json,zero_gradient,full_vocab,0.0,,0.8829669117607886,0.012244823412245608,3129143,3299248,2759402,3668989,0.752087836731045,0.0010012089043283632,,,,,,,,,
density-m-pg250-draw44,density,m-pg250,raw/density-m-pg250-draw44/measurements.json,zero_gradient,full_vocab,1e-05,,0.8829669117607886,0.012244823412245608,604788,637047,530825,711010,0.7465788104246073,0.0002013537325657115,,,,,,,,,
density-m-pg250-draw44,density,m-pg250,raw/density-m-pg250-draw44/measurements.json,zero_gradient,sampled_pg_draw1,0.0,,0.8980327873144731,0.011404023572651136,3129143,3259049,2808603,3579589,0.7846160550834188,0.0009957089174815763,,,,,,,,,
density-m-pg250-draw44,density,m-pg250,raw/density-m-pg250-draw44/measurements.json,zero_gradient,sampled_pg_draw1,1e-05,,0.8980327873144731,0.011404023572651136,604788,629584,540236,694136,0.778285523298028,0.00020041333850921318,,,,,,,,,
density-m-pg250-draw44,density,m-pg250,raw/density-m-pg250-draw44/measurements.json,zero_gradient,sampled_pg_draw2,0.0,,0.904359705345291,0.011063388460497262,3129143,3307837,2825840,3611140,0.7825340474199284,0.0010001271992620482,,,,,,,,,
density-m-pg250-draw44,density,m-pg250,raw/density-m-pg250-draw44/measurements.json,zero_gradient,sampled_pg_draw2,1e-05,,0.904359705345291,0.011063388460497262,604788,638129,545000,697917,0.7808951494232123,0.00020075265317371846,,,,,,,,,
density-m-pg250-draw44,density,m-pg250,raw/density-m-pg250-draw44/measurements.json,zero_gradient,sampled_pg_draw3,0.0,,0.8856419636674618,0.01209001971979491,3129143,3281247,2778919,3631471,0.7652323259637761,0.0009996962778935847,,,,,,,,,
density-m-pg250-draw44,density,m-pg250,raw/density-m-pg250-draw44/measurements.json,zero_gradient,sampled_pg_draw3,1e-05,,0.8856419636674618,0.01209001971979491,604788,634705,533880,705613,0.7566187130906035,0.0002014317401883834,,,,,,,,,
density-m-pg250-draw44,density,m-pg250,raw/density-m-pg250-draw44/measurements.json,sampled_pg,student_topk,0.0,0.4131055238726922,0.8740400880287035,0.012781247204975199,3279661,3297461,2800014,3777108,0.7413116066577922,0.0010288946311704705,,,,,,,,,
density-m-pg250-draw44,density,m-pg250,raw/density-m-pg250-draw44/measurements.json,sampled_pg,student_topk,1e-05,0.4131055238726922,0.8740400880287035,0.012781247204975199,633896,636699,537888,732707,0.7341106335820458,0.00020711389485157693,,,,,,,,,
density-m-pg250-draw44,density,m-pg250,raw/density-m-pg250-draw44/measurements.json,sampled_pg,topk_intersection,0.0,0.42212245569910184,0.8757375545236944,0.012689687154010325,3279661,3292532,2805126,3767067,0.7446445736165563,0.0010281405872598075,,,,,,,,,
density-m-pg250-draw44,density,m-pg250,raw/density-m-pg250-draw44/measurements.json,sampled_pg,topk_intersection,1e-05,0.42212245569910184,0.8757375545236944,0.012689687154010325,633896,635805,538982,730719,0.737605016429024,0.00020698977434730677,,,,,,,,,
density-m-pg250-draw44,density,m-pg250,raw/density-m-pg250-draw44/measurements.json,sampled_pg,teacher_topk,0.0,0.4247728545959202,0.8763357530391035,0.012656687451540164,3279661,3288460,2806595,3761526,0.7461320219506657,0.0010275566193885372,,,,,,,,,
density-m-pg250-draw44,density,m-pg250,raw/density-m-pg250-draw44/measurements.json,sampled_pg,teacher_topk,1e-05,0.4247728545959202,0.8763357530391035,0.012656687451540164,633896,635016,539281,729631,0.7391147031855828,0.0002068845315661446,,,,,,,,,
density-m-pg250-draw44,density,m-pg250,raw/density-m-pg250-draw44/measurements.json,sampled_pg,full_vocab,0.0,0.4046030596833587,0.8726473913320062,0.012853305613678945,3279661,3299248,2794405,3784504,0.7383807759220231,0.0010291809420687505,,,,,,,,,
density-m-pg250-draw44,density,m-pg250,raw/density-m-pg250-draw44/measurements.json,sampled_pg,full_vocab,1e-05,0.4046030596833587,0.8726473913320062,0.012853305613678945,633896,637047,536868,734075,0.7313530633790826,0.00020717130511986094,,,,,,,,,
density-m-pg250-draw44,density,m-pg250,raw/density-m-pg250-draw44/measurements.json,sampled_pg,sampled_pg_draw1,0.0,-0.198985266236526,0.8312593177592208,0.014764900842911051,3279661,3259049,2645459,3893251,0.6794987017276821,0.0010234859970607271,,,,,,,,,
density-m-pg250-draw44,density,m-pg250,raw/density-m-pg250-draw44/measurements.json,sampled_pg,sampled_pg_draw1,1e-05,-0.198985266236526,0.8312593177592208,0.014764900842911051,633896,629584,503418,760062,0.6623380724204078,0.00020619723229481352,,,,,,,,,
density-m-pg250-draw44,density,m-pg250,raw/density-m-pg250-draw44/measurements.json,sampled_pg,sampled_pg_draw2,0.0,0.03234437105831648,0.8431369234461706,0.014256600187183966,3279661,3307837,2687219,3900279,0.6889812241637072,0.001027813788043525,,,,,,,,,
density-m-pg250-draw44,density,m-pg250,raw/density-m-pg250-draw44/measurements.json,sampled_pg,sampled_pg_draw2,1e-05,0.03234437105831648,0.8431369234461706,0.014256600187183966,633896,638129,513683,758342,0.6773764343792115,0.00020649447783350295,,,,,,,,,
density-m-pg250-draw44,density,m-pg250,raw/density-m-pg250-draw44/measurements.json,sampled_pg,sampled_pg_draw3,0.0,0.6546919349293463,0.9097535944092544,0.010808619610557943,3279661,3281247,2929081,3631827,0.806503448539812,0.0010277740062406963,,,,,,,,,
density-m-pg250-draw44,density,m-pg250,raw/density-m-pg250-draw44/measurements.json,sampled_pg,sampled_pg_draw3,1e-05,0.6546919349293463,0.9097535944092544,0.010808619610557943,633896,634705,564712,703889,0.8022742222140139,0.00020729370991421348,,,,,,,,,
density-m-pg250-draw44,density,m-pg250,raw/density-m-pg250-draw44/measurements.json,student_topk,topk_intersection,0.0,0.9949364075086353,0.9890489038585666,0.003773282493036673,3297461,3292532,3249012,3340981,0.9724724564431824,0.0010291444774542537,,,,,,,,,
density-m-pg250-draw44,density,m-pg250,raw/density-m-pg250-draw44/measurements.json,student_topk,topk_intersection,1e-05,0.9949364075086353,0.9890489038585666,0.003773282493036673,636699,635805,627496,645008,0.9728499491479176,0.00020680270710481385,,,,,,,,,
density-m-pg250-draw44,density,m-pg250,raw/density-m-pg250-draw44/measurements.json,student_topk,teacher_topk,0.0,0.9928145677792172,0.9870380695877384,0.004104394117543674,3297461,3288460,3239058,3346863,0.9677892402527382,0.0010285393236496442,,,,,,,,,
density-m-pg250-draw44,density,m-pg250,raw/density-m-pg250-draw44/measurements.json,student_topk,teacher_topk,1e-05,0.9928145677792172,0.9870380695877384,0.004104394117543674,636699,635016,625476,646239,0.9678710198548834,0.00020669340310252186,,,,,,,,,
density-m-pg250-draw44,density,m-pg250,raw/density-m-pg250-draw44/measurements.json,student_topk,full_vocab,0.0,0.9966139866200018,0.9907282245372234,0.003473691332002172,3297461,3299248,3258596,3338113,0.9761790568503822,0.0010302120084716858,,,,,,,,,
density-m-pg250-draw44,density,m-pg250,raw/density-m-pg250-draw44/measurements.json,student_topk,full_vocab,1e-05,0.9966139866200018,0.9907282245372234,0.003473691332002172,636699,637047,629412,644334,0.9768412034752163,0.00020699079207716581,,,,,,,,,
density-m-pg250-draw44,density,m-pg250,raw/density-m-pg250-draw44/measurements.json,student_topk,sampled_pg_draw1,0.0,0.23304046283668856,0.8603675626471435,0.013453446075653184,3297461,3259049,2739741,3816769,0.7178168236013235,0.0010242827592329615,,,,,,,,,
density-m-pg250-draw44,density,m-pg250,raw/density-m-pg250-draw44/measurements.json,student_topk,sampled_pg_draw1,1e-05,0.23304046283668856,0.8603675626471435,0.013453446075653184,636699,629584,525154,741129,0.708586494388966,0.00020597067731583827,,,,,,,,,
density-m-pg250-draw44,density,m-pg250,raw/density-m-pg250-draw44/measurements.json,student_topk,sampled_pg_draw2,0.0,0.1123405681503537,0.8533800547750893,0.01380567139517314,3297461,3307837,2719987,3885311,0.7000693123407624,0.001029305361889407,,,,,,,,,
density-m-pg250-draw44,density,m-pg250,raw/density-m-pg250-draw44/measurements.json,student_topk,sampled_pg_draw2,1e-05,0.1123405681503537,0.8533800547750893,0.01380567139517314,636699,638129,521547,753281,0.6923671246188341,0.00020640332333342774,,,,,,,,,
density-m-pg250-draw44,density,m-pg250,raw/density-m-pg250-draw44/measurements.json,student_topk,sampled_pg_draw3,0.0,0.33383938702840144,0.8666142207191326,0.013161908861295193,3297461,3281247,2772463,3806245,0.7283984609503592,0.0010284699100674437,,,,,,,,,
density-m-pg250-draw44,density,m-pg250,raw/density-m-pg250-draw44/measurements.json,student_topk,sampled_pg_draw3,1e-05,0.33383938702840144,0.8666142207191326,0.013161908861295193,636699,634705,532450,738954,0.7205455278677698,0.00020703997862512745,,,,,,,,,
density-m-pg250-draw44,density,m-pg250,raw/density-m-pg250-draw44/measurements.json,topk_intersection,teacher_topk,0.0,0.9991991468034815,0.9955621133957969,0.0024006125823913217,3292532,3288460,3271633,3309359,0.9886002092852423,0.0010277979432320944,,,,,,,,,
density-m-pg250-draw44,density,m-pg250,raw/density-m-pg250-draw44/measurements.json,topk_intersection,teacher_topk,1e-05,0.9991991468034815,0.9955621133957969,0.0024006125823913217,635805,635016,631810,639011,0.9887310234096127,0.00020657149275207052,,,,,,,,,
density-m-pg250-draw44,density,m-pg250,raw/density-m-pg250-draw44/measurements.json,topk_intersection,full_vocab,0.0,0.9879589196034686,0.9825495522674925,0.004763726247494868,3292532,3299248,3221332,3370448,0.9557578102376895,0.0010294255713219362,,,,,,,,,
density-m-pg250-draw44,density,m-pg250,raw/density-m-pg250-draw44/measurements.json,topk_intersection,full_vocab,1e-05,0.9879589196034686,0.9825495522674925,0.004763726247494868,635805,637047,622367,650485,0.9567737918629945,0.0002068593844229097,,,,,,,,,
density-m-pg250-draw44,density,m-pg250,raw/density-m-pg250-draw44/measurements.json,topk_intersection,sampled_pg_draw1,0.0,0.23793815436383492,0.8611970494938351,0.01340797890818169,3292532,3259049,2741562,3810019,0.7195664903508355,0.001023568618537526,,,,,,,,,
density-m-pg250-draw44,density,m-pg250,raw/density-m-pg250-draw44/measurements.json,topk_intersection,sampled_pg_draw1,1e-05,0.23793815436383492,0.8611970494938351,0.01340797890818169,635805,629584,525671,739718,0.7106370265425473,0.00020585337772849208,,,,,,,,,
density-m-pg250-draw44,density,m-pg250,raw/density-m-pg250-draw44/measurements.json,topk_intersection,sampled_pg_draw2,0.0,0.10742737067294096,0.8529076539978516,0.013822391918966833,3292532,3307837,2716433,3883936,0.699402101373452,0.0010283893526976833,,,,,,,,,
density-m-pg250-draw44,density,m-pg250,raw/density-m-pg250-draw44/measurements.json,topk_intersection,sampled_pg_draw2,1e-05,0.10742737067294096,0.8529076539978516,0.013822391918966833,635805,638129,520912,753022,0.6917619936734916,0.00020624128116636652,,,,,,,,,
density-m-pg250-draw44,density,m-pg250,raw/density-m-pg250-draw44/measurements.json,topk_intersection,sampled_pg_draw3,0.0,0.3413879255646943,0.8679250838981877,0.013091825615501878,3292532,3281247,2775426,3798353,0.7306919604365366,0.00102774060052258,,,,,,,,,
density-m-pg250-draw44,density,m-pg250,raw/density-m-pg250-draw44/measurements.json,topk_intersection,sampled_pg_draw3,1e-05,0.3413879255646943,0.8679250838981877,0.013091825615501878,635805,634705,533175,737335,0.7231109332935505,0.0002069214894406712,,,,,,,,,
density-m-pg250-draw44,density,m-pg250,raw/density-m-pg250-draw44/measurements.json,teacher_topk,full_vocab,0.0,0.9856181924988752,0.9812235396932116,0.004940531779996904,3288460,3299248,3214244,3373464,0.9528022234711857,0.0010288144768746724,,,,,,,,,
density-m-pg250-draw44,density,m-pg250,raw/density-m-pg250-draw44/measurements.json,teacher_topk,full_vocab,1e-05,0.9856181924988752,0.9812235396932116,0.004940531779996904,635016,637047,620843,651220,0.9533537053530297,0.00020674881148040697,,,,,,,,,
density-m-pg250-draw44,density,m-pg250,raw/density-m-pg250-draw44/measurements.json,teacher_topk,sampled_pg_draw1,0.0,0.23979799970442173,0.8621503237359966,0.013359300197806677,3288460,3259049,2743910,3803599,0.7213983387838728,0.0010229987123486547,,,,,,,,,
density-m-pg250-draw44,density,m-pg250,raw/density-m-pg250-draw44/measurements.json,teacher_topk,sampled_pg_draw1,1e-05,0.23979799970442173,0.8621503237359966,0.013359300197806677,635016,629584,526148,738452,0.7125012864749503,0.0002057509572352592,,,,,,,,,
density-m-pg250-draw44,density,m-pg250,raw/density-m-pg250-draw44/measurements.json,teacher_topk,sampled_pg_draw2,0.0,0.09910151127952257,0.8520798284785552,0.013858633111045182,3288460,3307837,2711415,3884882,0.6979401176148979,0.0010277065470985392,,,,,,,,,
density-m-pg250-draw44,density,m-pg250,raw/density-m-pg250-draw44/measurements.json,teacher_topk,sampled_pg_draw2,1e-05,0.09910151127952257,0.8520798284785552,0.013858633111045182,635016,638129,519892,753253,0.6901957244113199,0.00020611374236941023,,,,,,,,,
density-m-pg250-draw44,density,m-pg250,raw/density-m-pg250-draw44/measurements.json,teacher_topk,sampled_pg_draw3,0.0,0.34608719273392863,0.869011963850749,0.013035384003388209,3288460,3281247,2778955,3790752,0.7330880521859515,0.0010271638430983526,,,,,,,,,
density-m-pg250-draw44,density,m-pg250,raw/density-m-pg250-draw44/measurements.json,teacher_topk,sampled_pg_draw3,1e-05,0.34608719273392863,0.869011963850749,0.013035384003388209,635016,634705,533928,735793,0.7256497411636154,0.0002068183123609525,,,,,,,,,
density-m-pg250-draw44,density,m-pg250,raw/density-m-pg250-draw44/measurements.json,full_vocab,sampled_pg_draw1,0.0,0.23167012903052142,0.859977445453772,0.013473901859423116,3299248,3259049,2739288,3819009,0.7172771784512684,0.001024543743489602,,,,,,,,,
density-m-pg250-draw44,density,m-pg250,raw/density-m-pg250-draw44/measurements.json,full_vocab,sampled_pg_draw1,1e-05,0.23167012903052142,0.859977445453772,0.013473901859423116,637047,629584,525057,741574,0.7080304865057298,0.00020602373957784515,,,,,,,,,
density-m-pg250-draw44,density,m-pg250,raw/density-m-pg250-draw44/measurements.json,full_vocab,sampled_pg_draw2,0.0,0.10414030305989701,0.8524633955395123,0.013850447746065373,3299248,3307837,2716156,3890929,0.6980739047153006,0.0010296807800009653,,,,,,,,,
density-m-pg250-draw44,density,m-pg250,raw/density-m-pg250-draw44/measurements.json,full_vocab,sampled_pg_draw2,1e-05,0.10414030305989701,0.8524633955395123,0.013850447746065373,637047,638129,520847,754329,0.6904772320830831,0.00020648045357167505,,,,,,,,,
density-m-pg250-draw44,density,m-pg250,raw/density-m-pg250-draw44/measurements.json,full_vocab,sampled_pg_draw3,0.0,0.3270381888215357,0.8656641846736451,0.013210319347220355,3299248,3281247,2769359,3811136,0.7266492195502863,0.0010287410185893687,,,,,,,,,
density-m-pg250-draw44,density,m-pg250,raw/density-m-pg250-draw44/measurements.json,full_vocab,sampled_pg_draw3,1e-05,0.3270381888215357,0.8656641846736451,0.013210319347220355,637047,634705,531793,739959,0.7186790078909777,0.00020709423983747394,,,,,,,,,
density-m-pg250-draw44,density,m-pg250,raw/density-m-pg250-draw44/measurements.json,sampled_pg_draw1,sampled_pg_draw2,0.0,0.021259511505081465,0.8538217086159019,0.013758803911931456,3259049,3307837,2703994,3862892,0.6999921302485288,0.0010231869931455512,,,,,,,,,
density-m-pg250-draw44,density,m-pg250,raw/density-m-pg250-draw44/measurements.json,sampled_pg_draw1,sampled_pg_draw2,1e-05,0.021259511505081465,0.8538217086159019,0.013758803911931456,629584,638129,518542,749171,0.6921543946575615,0.0002053475176569473,,,,,,,,,
density-m-pg250-draw44,density,m-pg250,raw/density-m-pg250-draw44/measurements.json,sampled_pg_draw1,sampled_pg_draw3,0.0,-0.142061518242191,0.8353523440967483,0.014595345170557788,3259049,3281247,2658941,3881355,0.6850548326550908,0.0010230569563775985,,,,,,,,,
density-m-pg250-draw44,density,m-pg250,raw/density-m-pg250-draw44/measurements.json,sampled_pg_draw1,sampled_pg_draw3,1e-05,-0.142061518242191,0.8353523440967483,0.014595345170557788,629584,634705,507017,757272,0.6695308951077024,0.00020612434646009452,,,,,,,,,
density-m-pg250-draw44,density,m-pg250,raw/density-m-pg250-draw44/measurements.json,sampled_pg_draw2,sampled_pg_draw3,0.0,0.017243738141480284,0.8422996756317609,0.014304812190799482,3307837,3281247,2678541,3910543,0.684953726375084,0.001027371955265361,,,,,,,,,
density-m-pg250-draw44,density,m-pg250,raw/density-m-pg250-draw44/measurements.json,sampled_pg_draw2,sampled_pg_draw3,1e-05,0.017243738141480284,0.8422996756317609,0.014304812190799482,638129,634705,513001,759833,0.6751496710461378,0.00020640293510716033,,,,,,,,,
density-m-pg250-draw45,density,m-pg250,raw/density-m-pg250-draw45/measurements.json,zero_gradient,sampled_pg,0.0,,0.9038046593202712,0.011064346536955962,3129143,3246940,2821409,3554674,0.7937180737249042,0.0009924647650986268,,,,,,,,,
density-m-pg250-draw45,density,m-pg250,raw/density-m-pg250-draw45/measurements.json,zero_gradient,sampled_pg,1e-05,,0.9038046593202712,0.011064346536955962,604788,627237,543363,688662,0.7890126070554205,0.00019963944416684674,,,,,,,,,
density-m-pg250-draw45,density,m-pg250,raw/density-m-pg250-draw45/measurements.json,zero_gradient,student_topk,0.0,,0.8952801479571811,0.011570459900005662,3129143,3269917,2804182,3594878,0.7800492812273463,0.0009968030584993732,,,,,,,,,
density-m-pg250-draw45,density,m-pg250,raw/density-m-pg250-draw45/measurements.json,zero_gradient,student_topk,1e-05,,0.8952801479571811,0.011570459900005662,604788,632925,539977,697736,0.7738987238726395,0.0002007925456095027,,,,,,,,,
density-m-pg250-draw45,density,m-pg250,raw/density-m-pg250-draw45/measurements.json,zero_gradient,topk_intersection,0.0,,0.8944298036624874,0.011615286289970246,3129143,3269865,2801016,3597992,0.778494226779826,0.0009967721698634147,,,,,,,,,
density-m-pg250-draw45,density,m-pg250,raw/density-m-pg250-draw45/measurements.json,zero_gradient,topk_intersection,1e-05,,0.8944298036624874,0.011615286289970246,604788,632647,539248,698187,0.7723546843467438,0.00020073570953763495,,,,,,,,,
density-m-pg250-draw45,density,m-pg250,raw/density-m-pg250-draw45/measurements.json,zero_gradient,teacher_topk,0.0,,0.8933353799926149,0.011677258941889247,3129143,3271579,2798260,3602462,0.7767632247057706,0.0009970168144732006,,,,,,,,,
density-m-pg250-draw45,density,m-pg250,raw/density-m-pg250-draw45/measurements.json,zero_gradient,teacher_topk,1e-05,,0.8933353799926149,0.011677258941889247,604788,633110,538692,699206,0.770433892157676,0.00020079694688589006,,,,,,,,,
density-m-pg250-draw45,density,m-pg250,raw/density-m-pg250-draw45/measurements.json,zero_gradient,full_vocab,0.0,,0.8968549670836599,0.01148251919830976,3129143,3266867,2810696,3585314,0.783946956947146,0.0009964863211783179,,,,,,,,,
density-m-pg250-draw45,density,m-pg250,raw/density-m-pg250-draw45/measurements.json,zero_gradient,full_vocab,1e-05,,0.8968549670836599,0.01148251919830976,604788,632248,541045,695991,0.7773735579914108,0.00020073110877741289,,,,,,,,,
density-m-pg250-draw45,density,m-pg250,raw/density-m-pg250-draw45/measurements.json,zero_gradient,sampled_pg_draw1,0.0,,0.9115754834776659,0.010602544374600066,3129143,3237810,2850414,3516539,0.8105736919169673,0.0009915308817328896,,,,,,,,,
density-m-pg250-draw45,density,m-pg250,raw/density-m-pg250-draw45/measurements.json,zero_gradient,sampled_pg_draw1,1e-05,,0.9115754834776659,0.010602544374600066,604788,625968,548904,681852,0.8050192710441562,0.0001995994532703742,,,,,,,,,
density-m-pg250-draw45,density,m-pg250,raw/density-m-pg250-draw45/measurements.json,zero_gradient,sampled_pg_draw2,0.0,,0.8911316874411314,0.011805165763554799,3129143,3272971,2795119,3606995,0.7749162391408915,0.000997172243458436,,,,,,,,,
density-m-pg250-draw45,density,m-pg250,raw/density-m-pg250-draw45/measurements.json,zero_gradient,sampled_pg_draw2,1e-05,,0.8911316874411314,0.011805165763554799,604788,633776,537832,700732,0.7675288127272624,0.00020080701267814047,,,,,,,,,
density-m-pg250-draw45,density,m-pg250,raw/density-m-pg250-draw45/measurements.json,zero_gradient,sampled_pg_draw3,0.0,,0.8967169279103547,0.011484306318755836,3129143,3253102,2817815,3564430,0.7905373369655176,0.000995252611721097,,,,,,,,,
density-m-pg250-draw45,density,m-pg250,raw/density-m-pg250-draw45/measurements.json,zero_gradient,sampled_pg_draw3,1e-05,,0.8967169279103547,0.011484306318755836,604788,630343,541550,693581,0.7808028189930232,0.00020069647498861492,,,,,,,,,
density-m-pg250-draw45,density,m-pg250,raw/density-m-pg250-draw45/measurements.json,sampled_pg,student_topk,0.0,0.3347957238026291,0.8827872859173512,0.01230328811584518,3246940,3269917,2809965,3706892,0.7580380005675914,0.0010166217061659032,,,,,,,,,
density-m-pg250-draw45,density,m-pg250,raw/density-m-pg250-draw45/measurements.json,sampled_pg,student_topk,1e-05,0.3347957238026291,0.8827872859173512,0.01230328811584518,627237,632925,540585,719577,0.7512538616437157,0.0002046434345008584,,,,,,,,,
density-m-pg250-draw45,density,m-pg250,raw/density-m-pg250-draw45/measurements.json,sampled_pg,topk_intersection,0.0,0.32627585907433737,0.8813730349457503,0.012375353921718403,3246940,3269865,2805128,3711677,0.7557575726551637,0.0010165932039047075,,,,,,,,,
density-m-pg250-draw45,density,m-pg250,raw/density-m-pg250-draw45/measurements.json,sampled_pg,topk_intersection,1e-05,0.32627585907433737,0.8813730349457503,0.012375353921718403,627237,632647,539425,720459,0.7487240772896168,0.00020458493820002419,,,,,,,,,
density-m-pg250-draw45,density,m-pg250,raw/density-m-pg250-draw45/measurements.json,sampled_pg,teacher_topk,0.0,0.32442341724401,0.8803923788913725,0.012428308865250492,3246940,3271579,2802419,3716100,0.7541290600360593,0.0010168499772140402,,,,,,,,,
density-m-pg250-draw45,density,m-pg250,raw/density-m-pg250-draw45/measurements.json,sampled_pg,teacher_topk,1e-05,0.32442341724401,0.8803923788913725,0.012428308865250492,627237,633110,538906,721441,0.7469855469816659,0.0002046489393419599,,,,,,,,,
density-m-pg250-draw45,density,m-pg250,raw/density-m-pg250-draw45/measurements.json,sampled_pg,full_vocab,0.0,0.3616205165802618,0.886781720498258,0.012091174546475215,3246940,3266867,2823965,3689842,0.7653349384607796,0.0010162813835000216,,,,,,,,,
density-m-pg250-draw45,density,m-pg250,raw/density-m-pg250-draw45/measurements.json,sampled_pg,full_vocab,1e-05,0.3616205165802618,0.886781720498258,0.012091174546475215,627237,632248,543436,716049,0.7589368883973024,0.00020457793368969167,,,,,,,,,
density-m-pg250-draw45,density,m-pg250,raw/density-m-pg250-draw45/measurements.json,sampled_pg,sampled_pg_draw1,0.0,0.1334666503503552,0.8778427269472552,0.012527950439965943,3246940,3237810,2782671,3702079,0.7516508966988549,0.0010111607287055962,,,,,,,,,
density-m-pg250-draw45,density,m-pg250,raw/density-m-pg250-draw45/measurements.json,sampled_pg,sampled_pg_draw1,1e-05,0.1334666503503552,0.8778427269472552,0.012527950439965943,627237,625968,534083,719122,0.7426876107253011,0.00020341181162647173,,,,,,,,,
density-m-pg250-draw45,density,m-pg250,raw/density-m-pg250-draw45/measurements.json,sampled_pg,sampled_pg_draw2,0.0,0.053812140986539594,0.8562960547790573,0.013631095146479649,3246940,3272971,2713268,3806643,0.7127718569879025,0.001017041081604467,,,,,,,,,
density-m-pg250-draw45,density,m-pg250,raw/density-m-pg250-draw45/measurements.json,sampled_pg,sampled_pg_draw2,1e-05,0.053812140986539594,0.8562960547790573,0.013631095146479649,627237,633776,520751,740262,0.703468501692644,0.00020466530315442225,,,,,,,,,
density-m-pg250-draw45,density,m-pg250,raw/density-m-pg250-draw45/measurements.json,sampled_pg,sampled_pg_draw3,0.0,0.09582958287235954,0.86517548746099,0.013188405357511849,3246940,3253102,2748485,3751557,0.7326251473721445,0.0010149305274609899,,,,,,,,,
density-m-pg250-draw45,density,m-pg250,raw/density-m-pg250-draw45/measurements.json,sampled_pg,sampled_pg_draw3,1e-05,0.09582958287235954,0.86517548746099,0.013188405357511849,627237,630343,527137,730443,0.7216675360021247,0.00020453114674651114,,,,,,,,,
density-m-pg250-draw45,density,m-pg250,raw/density-m-pg250-draw45/measurements.json,student_topk,topk_intersection,0.0,0.9938712456362309,0.9888113675989809,0.003808283472371064,3269917,3269865,3225481,3314301,0.9732009856678678,0.0010211102071324082,,,,,,,,,
density-m-pg250-draw45,density,m-pg250,raw/density-m-pg250-draw45/measurements.json,student_topk,topk_intersection,1e-05,0.9938712456362309,0.9888113675989809,0.003808283472371064,632925,632647,624240,641332,0.973349216942239,0.0002057889898360169,,,,,,,,,
density-m-pg250-draw45,density,m-pg250,raw/density-m-pg250-draw45/measurements.json,student_topk,teacher_topk,0.0,0.9912536260021585,0.9863855656098216,0.004201499893930342,3269917,3271579,3216846,3324650,0.9675743311326004,0.0010213675050015538,,,,,,,,,
density-m-pg250-draw45,density,m-pg250,raw/density-m-pg250-draw45/measurements.json,student_topk,teacher_topk,1e-05,0.9912536260021585,0.9863855656098216,0.004201499893930342,632925,633110,622580,643455,0.9675579488853144,0.00020585348164283142,,,,,,,,,
density-m-pg250-draw45,density,m-pg250,raw/density-m-pg250-draw45/measurements.json,student_topk,full_vocab,0.0,0.9867853024783035,0.9839451227401349,0.0045623193105729645,3269917,3266867,3205002,3331782,0.9619482907345078,0.001020805144559582,,,,,,,,,
density-m-pg250-draw45,density,m-pg250,raw/density-m-pg250-draw45/measurements.json,student_topk,full_vocab,1e-05,0.9867853024783035,0.9839451227401349,0.0045623193105729645,632925,632248,620337,644836,0.9620073941281194,0.00020578267483650347,,,,,,,,,
density-m-pg250-draw45,density,m-pg250,raw/density-m-pg250-draw45/measurements.json,student_topk,sampled_pg_draw1,0.0,0.4575107698370766,0.9009900307434728,0.011302489716398984,3269917,3237810,2872704,3635023,0.7902849583070038,0.0010156206774751596,,,,,,,,,
density-m-pg250-draw45,density,m-pg250,raw/density-m-pg250-draw45/measurements.json,student_topk,sampled_pg_draw1,1e-05,0.4575107698370766,0.9009900307434728,0.011302489716398984,632925,625968,553736,705157,0.7852662598541885,0.00020459883110785982,,,,,,,,,
density-m-pg250-draw45,density,m-pg250,raw/density-m-pg250-draw45/measurements.json,student_topk,sampled_pg_draw2,0.0,0.14770334943425825,0.8587146870252509,0.01354291265835925,3269917,3272971,2735879,3807009,0.7186426404560641,0.0010215211887568427,,,,,,,,,
density-m-pg250-draw45,density,m-pg250,raw/density-m-pg250-draw45/measurements.json,student_topk,sampled_pg_draw2,1e-05,0.14770334943425825,0.8587146870252509,0.01354291265835925,632925,633776,525579,741122,0.7091666419293989,0.0002058581196988461,,,,,,,,,
density-m-pg250-draw45,density,m-pg250,raw/density-m-pg250-draw45/measurements.json,student_topk,sampled_pg_draw3,0.0,0.10043536192599377,0.8563227849285567,0.013642123957226391,3269917,3253102,2723742,3799277,0.7169106122033219,0.0010194578446717695,,,,,,,,,
density-m-pg250-draw45,density,m-pg250,raw/density-m-pg250-draw45/measurements.json,student_topk,sampled_pg_draw3,1e-05,0.10043536192599377,0.8563227849285567,0.013642123957226391,632925,630343,522612,740656,0.7056069214318118,0.0002057322090222901,,,,,,,,,
density-m-pg250-draw45,density,m-pg250,raw/density-m-pg250-draw45/measurements.json,topk_intersection,teacher_topk,0.0,0.9987949979930396,0.9949299069382621,0.002563591739528255,3269865,3271579,3250912,3290532,0.9879593938001515,0.001021337289461512,,,,,,,,,
density-m-pg250-draw45,density,m-pg250,raw/density-m-pg250-draw45/measurements.json,topk_intersection,teacher_topk,1e-05,0.9987949979930396,0.9949299069382621,0.002563591739528255,632647,633110,628989,636768,0.9877836197798885,0.0002057944018103917,,,,,,,,,
density-m-pg250-draw45,density,m-pg250,raw/density-m-pg250-draw45/measurements.json,topk_intersection,full_vocab,0.0,0.9715015825646881,0.9757779088496925,0.005603024669724085,3269865,3266867,3173302,3363430,0.943471991389742,0.001020773623861591,,,,,,,,,
density-m-pg250-draw45,density,m-pg250,raw/density-m-pg250-draw45/measurements.json,topk_intersection,full_vocab,1e-05,0.9715015825646881,0.9757779088496925,0.005603024669724085,632647,632248,614002,650893,0.9433224815753127,0.00020572334706937933,,,,,,,,,
density-m-pg250-draw45,density,m-pg250,raw/density-m-pg250-draw45/measurements.json,topk_intersection,sampled_pg_draw1,0.0,0.4510643431258125,0.8997079386620409,0.011373622569499977,3269865,3237810,2868552,3639123,0.7882536534214425,0.001015590217342484,,,,,,,,,
density-m-pg250-draw45,density,m-pg250,raw/density-m-pg250-draw45/measurements.json,topk_intersection,sampled_pg_draw1,1e-05,0.4510643431258125,0.8997079386620409,0.011373622569499977,632647,625968,552779,705836,0.783155010512357,0.00020454019741047535,,,,,,,,,
density-m-pg250-draw45,density,m-pg250,raw/density-m-pg250-draw45/measurements.json,topk_intersection,sampled_pg_draw2,0.0,0.1333412568315471,0.8574795918963654,0.01359994478645278,3269865,3272971,2731660,3811176,0.7167498955702911,0.0010214939017168779,,,,,,,,,
density-m-pg250-draw45,density,m-pg250,raw/density-m-pg250-draw45/measurements.json,topk_intersection,sampled_pg_draw2,1e-05,0.1333412568315471,0.8574795918963654,0.01359994478645278,632647,633776,524550,741873,0.707061720806661,0.00020579895899432935,,,,,,,,,
density-m-pg250-draw45,density,m-pg250,raw/density-m-pg250-draw45/measurements.json,topk_intersection,sampled_pg_draw3,0.0,0.10699843504650429,0.8560457982879006,0.01365319416779121,3269865,3253102,2722933,3800034,0.7165549045087491,0.001019425620819592,,,,,,,,,
density-m-pg250-draw45,density,m-pg250,raw/density-m-pg250-draw45/measurements.json,topk_intersection,sampled_pg_draw3,1e-05,0.10699843504650429,0.8560457982879006,0.01365319416779121,632647,630343,522322,740668,0.7052039510279909,0.00020567247169305067,,,,,,,,,
density-m-pg250-draw45,density,m-pg250,raw/density-m-pg250-draw45/measurements.json,teacher_topk,full_vocab,0.0,0.9674447076179626,0.9735417690935289,0.005856817176009964,3271579,3266867,3165958,3372488,0.9387603454778787,0.0010210297330106436,,,,,,,,,
density-m-pg250-draw45,density,m-pg250,raw/density-m-pg250-draw45/measurements.json,teacher_topk,full_vocab,1e-05,0.9674447076179626,0.9735417690935289,0.005856817176009964,633110,632248,612555,652803,0.9383458715722813,0.0002057874430365317,,,,,,,,,
density-m-pg250-draw45,density,m-pg250,raw/density-m-pg250-draw45/measurements.json,teacher_topk,sampled_pg_draw1,0.0,0.43851834241344917,0.8974854810554389,0.011500731412682786,3271579,3237810,2861565,3647824,0.7844580769247639,0.0010158437449983308,,,,,,,,,
density-m-pg250-draw45,density,m-pg250,raw/density-m-pg250-draw45/measurements.json,teacher_topk,sampled_pg_draw1,1e-05,0.43851834241344917,0.8974854810554389,0.011500731412682786,633110,625968,551359,707719,0.7790648548364535,0.00020460352086055375,,,,,,,,,
density-m-pg250-draw45,density,m-pg250,raw/density-m-pg250-draw45/measurements.json,teacher_topk,sampled_pg_draw2,0.0,0.14080795863635537,0.8574690566178776,0.013602453942265547,3271579,3272971,2732805,3811745,0.7169432897531183,0.001021755417072044,,,,,,,,,
density-m-pg250-draw45,density,m-pg250,raw/density-m-pg250-draw45/measurements.json,teacher_topk,sampled_pg_draw2,1e-05,0.14080795863635537,0.8574690566178776,0.013602453942265547,633110,633776,524829,742057,0.707262380113657,0.0002058644541275523,,,,,,,,,
density-m-pg250-draw45,density,m-pg250,raw/density-m-pg250-draw45/measurements.json,teacher_topk,sampled_pg_draw3,0.0,0.11343436131238381,0.8559715379510137,0.013658761194499606,3271579,3253102,2723098,3801583,0.7163063387015356,0.0010196803268120059,,,,,,,,,
density-m-pg250-draw45,density,m-pg250,raw/density-m-pg250-draw45/measurements.json,teacher_topk,sampled_pg_draw3,1e-05,0.11343436131238381,0.8559715379510137,0.013658761194499606,633110,630343,522406,741047,0.7049566356789785,0.000205735964023121,,,,,,,,,
density-m-pg250-draw45,density,m-pg250,raw/density-m-pg250-draw45/measurements.json,full_vocab,sampled_pg_draw1,0.0,0.4748064105635001,0.9042716756374339,0.011112999529753165,3266867,3237810,2883423,3621254,0.7962498626166515,0.0010152904697020347,,,,,,,,,
density-m-pg250-draw45,density,m-pg250,raw/density-m-pg250-draw45/measurements.json,full_vocab,sampled_pg_draw1,1e-05,0.4748064105635001,0.9042716756374339,0.011112999529753165,632248,625968,555862,702354,0.7914271151015015,0.00020453525162649277,,,,,,,,,
density-m-pg250-draw45,density,m-pg250,raw/density-m-pg250-draw45/measurements.json,full_vocab,sampled_pg_draw2,0.0,0.14699838217948874,0.8592997218868486,0.013514124749007098,3266867,3272971,2737508,3802330,0.7199553957704881,0.0010211720962289474,,,,,,,,,
density-m-pg250-draw45,density,m-pg250,raw/density-m-pg250-draw45/measurements.json,full_vocab,sampled_pg_draw2,1e-05,0.14699838217948874,0.8592997218868486,0.013514124749007098,632248,633776,525827,740197,0.7103879102455157,0.00020578959883487286,,,,,,,,,
density-m-pg250-draw45,density,m-pg250,raw/density-m-pg250-draw45/measurements.json,full_vocab,sampled_pg_draw3,0.0,0.1010392608045687,0.8566971757400006,0.013623601447475738,3266867,3253102,2725253,3794716,0.7181704770528282,0.0010191329155558224,,,,,,,,,
density-m-pg250-draw45,density,m-pg250,raw/density-m-pg250-draw45/measurements.json,full_vocab,sampled_pg_draw3,1e-05,0.1010392608045687,0.8566971757400006,0.013623601447475738,632248,630343,522749,739842,0.7065684294754826,0.00020566902777732787,,,,,,,,,
density-m-pg250-draw45,density,m-pg250,raw/density-m-pg250-draw45/measurements.json,sampled_pg_draw1,sampled_pg_draw2,0.0,0.03512623647460904,0.856259472531071,0.013626449106193091,3237810,3272971,2714121,3796660,0.7148707021434629,0.001015998703430827,,,,,,,,,
density-m-pg250-draw45,density,m-pg250,raw/density-m-pg250-draw45/measurements.json,sampled_pg_draw1,sampled_pg_draw2,1e-05,0.03512623647460904,0.856259472531071,0.013626449106193091,625968,633776,520744,739000,0.704660351826793,0.0002046087526184042,,,,,,,,,
density-m-pg250-draw45,density,m-pg250,raw/density-m-pg250-draw45/measurements.json,sampled_pg_draw1,sampled_pg_draw3,0.0,0.0839242487774163,0.8625234246270426,0.01331115564671615,3237810,3253102,2733851,3757061,0.7276568040817011,0.0010139582588476164,,,,,,,,,
density-m-pg250-draw45,density,m-pg250,raw/density-m-pg250-draw45/measurements.json,sampled_pg_draw1,sampled_pg_draw3,1e-05,0.0839242487774163,0.8625234246270426,0.01331115564671615,625968,630343,524248,732063,0.7161241587131162,0.00020448887511597527,,,,,,,,,
density-m-pg250-draw45,density,m-pg250,raw/density-m-pg250-draw45/measurements.json,sampled_pg_draw2,sampled_pg_draw3,0.0,0.05602310226342294,0.8501256094761966,0.013941564641671192,3272971,3253102,2709060,3817013,0.7097329770687184,0.0010198861988042253,,,,,,,,,
density-m-pg250-draw45,density,m-pg250,raw/density-m-pg250-draw45/measurements.json,sampled_pg_draw2,sampled_pg_draw3,1e-05,0.05602310226342294,0.8501256094761966,0.013941564641671192,633776,630343,518876,745243,0.6962507531100594,0.0002057627232587864,,,,,,,,,
density-s-pg250-draw42,density,s-pg250,raw/density-s-pg250-draw42/measurements.json,zero_gradient,sampled_pg,0.0,,0.9098176567792213,0.014414964226508334,3751008,3814694,3427486,4138216,0.8282520777069152,0.0012888701779402122,,,,,,,,,
density-s-pg250-draw42,density,s-pg250,raw/density-s-pg250-draw42/measurements.json,zero_gradient,sampled_pg,1e-05,,0.9098176567792213,0.014414964226508334,858813,873126,780416,951523,0.820175655239022,0.0003034248408564507,,,,,,,,,
density-s-pg250-draw42,density,s-pg250,raw/density-s-pg250-draw42/measurements.json,zero_gradient,student_topk,0.0,,0.9091080899511279,0.014470360349563,3751008,3813848,3423690,4141166,0.8267454142142575,0.001288707863409418,,,,,,,,,
density-s-pg250-draw42,density,s-pg250,raw/density-s-pg250-draw42/measurements.json,zero_gradient,student_topk,1e-05,,0.9091080899511279,0.014470360349563,858813,872830,779548,952095,0.8187712360636281,0.0003033535939836216,,,,,,,,,
density-s-pg250-draw42,density,s-pg250,raw/density-s-pg250-draw42/measurements.json,zero_gradient,topk_intersection,0.0,,0.9091211382822221,0.014469732512781391,3751008,3813966,3423829,4141145,0.8267831722868917,0.0012887280477257316,,,,,,,,,
density-s-pg250-draw42,density,s-pg250,raw/density-s-pg250-draw42/measurements.json,zero_gradient,topk_intersection,1e-05,,0.9091211382822221,0.014469732512781391,858813,872898,779593,952118,0.8187987203266822,0.00030336562935462245,,,,,,,,,
density-s-pg250-draw42,density,s-pg250,raw/density-s-pg250-draw42/measurements.json,zero_gradient,teacher_topk,0.0,,0.9091259831872451,0.014469596569049817,3751008,3814078,3423879,4141207,0.8267828678933461,0.0012887485722003875,,,,,,,,,
density-s-pg250-draw42,density,s-pg250,raw/density-s-pg250-draw42/measurements.json,zero_gradient,teacher_topk,1e-05,,0.9091259831872451,0.014469596569049817,858813,872933,779600,952146,0.8187819935178008,0.00030337260262420146,,,,,,,,,
density-s-pg250-draw42,density,s-pg250,raw/density-s-pg250-draw42/measurements.json,zero_gradient,full_vocab,0.0,,0.9091154764673737,0.014470007576680854,3751008,3813941,3423679,4141270,0.8267219959094674,0.0012887238898358416,,,,,,,,,
density-s-pg250-draw42,density,s-pg250,raw/density-s-pg250-draw42/measurements.json,zero_gradient,full_vocab,1e-05,,0.9091154764673737,0.014470007576680854,858813,872897,779579,952131,0.8187728369310525,0.00030336485473701807,,,,,,,,,
density-s-pg250-draw42,density,s-pg250,raw/density-s-pg250-draw42/measurements.json,zero_gradient,sampled_pg_draw1,0.0,,0.9091870962199998,0.014463454782138993,3751008,3813601,3423930,4140679,0.8269006121942802,0.0012886679588172427,,,,,,,,,
density-s-pg250-draw42,density,s-pg250,raw/density-s-pg250-draw42/measurements.json,zero_gradient,sampled_pg_draw1,1e-05,,0.9091870962199998,0.014463454782138993,858813,872832,779585,952060,0.8188401991471126,0.00030335786272230026,,,,,,,,,
density-s-pg250-draw42,density,s-pg250,raw/density-s-pg250-draw42/measurements.json,zero_gradient,sampled_pg_draw2,0.0,,0.9091776421690461,0.014464041708194207,3751008,3813604,3423973,4140639,0.8269189852097708,0.0012886672262685847,,,,,,,,,
density-s-pg250-draw42,density,s-pg250,raw/density-s-pg250-draw42/measurements.json,zero_gradient,sampled_pg_draw2,1e-05,,0.9091776421690461,0.014464041708194207,858813,872809,779586,952036,0.8188618917772017,0.0003033529428016185,,,,,,,,,
density-s-pg250-draw42,density,s-pg250,raw/density-s-pg250-draw42/measurements.json,zero_gradient,sampled_pg_draw3,0.0,,0.9091798048905083,0.01446351609815589,3751008,3813330,3423735,4140603,0.8268686952117844,0.0012886214386877452,,,,,,,,,
density-s-pg250-draw42,density,s-pg250,raw/density-s-pg250-draw42/measurements.json,zero_gradient,sampled_pg_draw3,1e-05,,0.9091798048905083,0.01446351609815589,858813,872719,779523,952009,0.8188189397369142,0.0003033382792668314,,,,,,,,,
density-s-pg250-draw42,density,s-pg250,raw/density-s-pg250-draw42/measurements.json,sampled_pg,student_topk,0.0,0.9923771507407702,0.9877216636272057,0.005330365126310765,3814694,3813848,3764981,3863561,0.9744846787717342,0.0013009707165437452,,,,,,,,,
density-s-pg250-draw42,density,s-pg250,raw/density-s-pg250-draw42/measurements.json,sampled_pg,student_topk,1e-05,0.9923771507407702,0.9877216636272057,0.005330365126310765,873126,872830,861408,884548,0.973839746401552,0.0003061925267202672,,,,,,,,,
density-s-pg250-draw42,density,s-pg250,raw/density-s-pg250-draw42/measurements.json,sampled_pg,topk_intersection,0.0,0.9923643943178131,0.9877458336457314,0.00532525870039993,3814694,3813966,3765032,3863628,0.974480980052945,0.001300990269595269,,,,,,,,,
density-s-pg250-draw42,density,s-pg250,raw/density-s-pg250-draw42/measurements.json,sampled_pg,topk_intersection,1e-05,0.9923643943178131,0.9877458336457314,0.00532525870039993,873126,872898,861449,884575,0.9738563717039256,0.0003062045772645383,,,,,,,,,
density-s-pg250-draw42,density,s-pg250,raw/density-s-pg250-draw42/measurements.json,sampled_pg,teacher_topk,0.0,0.9923466965948992,0.9877656231559097,0.005321043918058384,3814694,3814078,3765148,3863624,0.9745120125560872,0.0013010115352366926,,,,,,,,,
density-s-pg250-draw42,density,s-pg250,raw/density-s-pg250-draw42/measurements.json,sampled_pg,teacher_topk,1e-05,0.9923466965948992,0.9877656231559097,0.005321043918058384,873126,872933,861481,884578,0.9738892443628487,0.0003062117519131179,,,,,,,,,
density-s-pg250-draw42,density,s-pg250,raw/density-s-pg250-draw42/measurements.json,sampled_pg,full_vocab,0.0,0.9923682812832493,0.9877357076840954,0.0053273973960263786,3814694,3813941,3765069,3863566,0.9745061945363428,0.0013009864354334958,,,,,,,,,
density-s-pg250-draw42,density,s-pg250,raw/density-s-pg250-draw42/measurements.json,sampled_pg,full_vocab,1e-05,0.9923682812832493,0.9877357076840954,0.0053273973960263786,873126,872897,861446,884577,0.9738507783946452,0.0003062037004219581,,,,,,,,,
density-s-pg250-draw42,density,s-pg250,raw/density-s-pg250-draw42/measurements.json,sampled_pg,sampled_pg_draw1,0.0,0.9926086272969632,0.9880649686261673,0.005255107886858238,3814694,3813601,3765941,3862354,0.9750377619451764,0.0013009308144769612,,,,,,,,,
density-s-pg250-draw42,density,s-pg250,raw/density-s-pg250-draw42/measurements.json,sampled_pg,sampled_pg_draw1,1e-05,0.9926086272969632,0.9880649686261673,0.005255107886858238,873126,872832,861687,884271,0.9744603181603829,0.0003061973048240156,,,,,,,,,
density-s-pg250-draw42,density,s-pg250,raw/density-s-pg250-draw42/measurements.json,sampled_pg,sampled_pg_draw2,0.0,0.9926059629654987,0.9879974982532383,0.005269884367397577,3814694,3813604,3765816,3862482,0.9749730872532222,0.0013009301663320359,,,,,,,,,
density-s-pg250-draw42,density,s-pg250,raw/density-s-pg250-draw42/measurements.json,sampled_pg,sampled_pg_draw2,1e-05,0.9926059629654987,0.9879974982532383,0.005269884367397577,873126,872809,861635,884300,0.9743695578423612,0.00030619219150949056,,,,,,,,,
density-s-pg250-draw42,density,s-pg250,raw/density-s-pg250-draw42/measurements.json,sampled_pg,sampled_pg_draw3,0.0,0.9925844966806118,0.9880021206113877,0.005268749490345664,3814694,3813330,3765777,3862247,0.975022312141093,0.0013008845616964133,,,,,,,,,
density-s-pg250-draw42,density,s-pg250,raw/density-s-pg250-draw42/measurements.json,sampled_pg,sampled_pg_draw3,1e-05,0.9925844966806118,0.9880021206113877,0.005268749490345664,873126,872719,861608,884237,0.9744084447947778,0.00030617775158287475,,,,,,,,,
density-s-pg250-draw42,density,s-pg250,raw/density-s-pg250-draw42/measurements.json,student_topk,topk_intersection,0.0,0.9999273204870169,0.9989325480547483,0.001571589081422025,3813848,3813966,3809423,3818391,0.9976513667667873,0.001300826553875561,,,,,,,,,
density-s-pg250-draw42,density,s-pg250,raw/density-s-pg250-draw42/measurements.json,student_topk,topk_intersection,1e-05,0.9999273204870169,0.9989325480547483,0.001571589081422025,872830,872898,871836,873892,0.9976473065321573,0.0003061314744303678,,,,,,,,,
density-s-pg250-draw42,density,s-pg250,raw/density-s-pg250-draw42/measurements.json,student_topk,teacher_topk,0.0,0.9999277740179968,0.9989352564431013,0.0015696215889668956,3813848,3814078,3809595,3818331,0.9977120893919359,0.0013008478010533878,,,,,,,,,
density-s-pg250-draw42,density,s-pg250,raw/density-s-pg250-draw42/measurements.json,student_topk,teacher_topk,1e-05,0.9999277740179968,0.9989352564431013,0.0015696215889668956,872830,872933,871867,873896,0.9976782134258538,0.0003061386433054542,,,,,,,,,
density-s-pg250-draw42,density,s-pg250,raw/density-s-pg250-draw42/measurements.json,student_topk,full_vocab,0.0,0.9999631430265039,0.9993220669325906,0.0012524288897417292,3813848,3813941,3811141,3816648,0.998557110847005,0.0013008227627548058,,,,,,,,,
density-s-pg250-draw42,density,s-pg250,raw/density-s-pg250-draw42/measurements.json,student_topk,full_vocab,1e-05,0.9999631430265039,0.9993220669325906,0.0012524288897417292,872830,872897,872209,873518,0.9985014619046202,0.00030613059731765665,,,,,,,,,
density-s-pg250-draw42,density,s-pg250,raw/density-s-pg250-draw42/measurements.json,student_topk,sampled_pg_draw1,0.0,0.9996622141142794,0.9973268854253554,0.0024868191263114946,3813848,3813601,3802732,3824717,0.9942518622946482,0.0013007671329500524,,,,,,,,,
density-s-pg250-draw42,density,s-pg250,raw/density-s-pg250-draw42/measurements.json,student_topk,sampled_pg_draw1,1e-05,0.9996622141142794,0.9973268854253554,0.0024868191263114946,872830,872832,870267,875395,0.9941420730070425,0.00030612415139087126,,,,,,,,,
density-s-pg250-draw42,density,s-pg250,raw/density-s-pg250-draw42/measurements.json,student_topk,sampled_pg_draw2,0.0,0.9996619711614584,0.9973540686363368,0.002474116323066366,3813848,3813604,3802741,3824711,0.9942557751422264,0.0013007664993214304,,,,,,,,,
density-s-pg250-draw42,density,s-pg250,raw/density-s-pg250-draw42/measurements.json,student_topk,sampled_pg_draw2,1e-05,0.9996619711614584,0.9973540686363368,0.002474116323066366,872830,872809,870254,875385,0.994138579025229,0.0003061190690425325,,,,,,,,,
density-s-pg250-draw42,density,s-pg250,raw/density-s-pg250-draw42/measurements.json,student_topk,sampled_pg_draw3,0.0,0.9996586921300359,0.9973078735026143,0.0024955650469509695,3813848,3813330,3802538,3824640,0.994221155455154,0.0013007209350957597,,,,,,,,,
density-s-pg250-draw42,density,s-pg250,raw/density-s-pg250-draw42/measurements.json,student_topk,sampled_pg_draw3,1e-05,0.9996586921300359,0.9973078735026143,0.0024955650469509695,872830,872719,870199,875350,0.9941154966584794,0.00030610461836671327,,,,,,,,,
density-s-pg250-draw42,density,s-pg250,raw/density-s-pg250-draw42/measurements.json,topk_intersection,teacher_topk,0.0,0.9999677660541482,0.999450032993656,0.001128111344210034,3813966,3814078,3811791,3816253,0.9988307903066175,0.0013008673372394042,,,,,,,,,
density-s-pg250-draw42,density,s-pg250,raw/density-s-pg250-draw42/measurements.json,topk_intersection,teacher_topk,1e-05,0.9999677660541482,0.999450032993656,0.001128111344210034,872898,872933,872380,873451,0.9987738293275753,0.00030615068365540945,,,,,,,,,
density-s-pg250-draw42,density,s-pg250,raw/density-s-pg250-draw42/measurements.json,topk_intersection,full_vocab,0.0,0.9999250859092139,0.9989083309892662,0.0015893399951711084,3813966,3813941,3809371,3818536,0.9975998654981909,0.001300842286076157,,,,,,,,,
density-s-pg250-draw42,density,s-pg250,raw/density-s-pg250-draw42/measurements.json,topk_intersection,full_vocab,1e-05,0.9999250859092139,0.9989083309892662,0.0015893399951711084,872898,872897,871847,873948,0.9975959668080938,0.00030614263701257525,,,,,,,,,
density-s-pg250-draw42,density,s-pg250,raw/density-s-pg250-draw42/measurements.json,topk_intersection,sampled_pg_draw1,0.0,0.9996548744996824,0.9973321471275843,0.002484440391311912,3813966,3813601,3802662,3824905,0.9941846921688251,0.0013007866388145362,,,,,,,,,
density-s-pg250-draw42,density,s-pg250,raw/density-s-pg250-draw42/measurements.json,topk_intersection,sampled_pg_draw1,1e-05,0.9996548744996824,0.9973321471275843,0.002484440391311912,872898,872832,870271,875459,0.9940739657710984,0.000306136185543071,,,,,,,,,
density-s-pg250-draw42,density,s-pg250,raw/density-s-pg250-draw42/measurements.json,topk_intersection,sampled_pg_draw2,0.0,0.9996548513097566,0.9973426981496547,0.002479497075256594,3813966,3813604,3802687,3824883,0.9941969466778461,0.0013007860046448602,,,,,,,,,
density-s-pg250-draw42,density,s-pg250,raw/density-s-pg250-draw42/measurements.json,topk_intersection,sampled_pg_draw2,1e-05,0.9996548513097566,0.9973426981496547,0.002479497075256594,872898,872809,870271,875436,0.9941000827016481,0.00030613110309564645,,,,,,,,,
density-s-pg250-draw42,density,s-pg250,raw/density-s-pg250-draw42/measurements.json,topk_intersection,sampled_pg_draw3,0.0,0.9996527846007992,0.9973193951728587,0.0024902909705664766,3813966,3813330,3802520,3824776,0.994181097141375,0.0013007404272564259,,,,,,,,,
density-s-pg250-draw42,density,s-pg250,raw/density-s-pg250-draw42/measurements.json,topk_intersection,sampled_pg_draw3,1e-05,0.9996527846007992,0.9973193951728587,0.0024902909705664766,872898,872719,870213,875404,0.9940701664602858,0.00030611664252256217,,,,,,,,,
density-s-pg250-draw42,density,s-pg250,raw/density-s-pg250-draw42/measurements.json,teacher_topk,full_vocab,0.0,0.9999247023371127,0.998909996973385,0.0015881538627613794,3814078,3813941,3809527,3818492,0.9976522145391427,0.0013008635285684323,,,,,,,,,
density-s-pg250-draw42,density,s-pg250,raw/density-s-pg250-draw42/measurements.json,teacher_topk,full_vocab,1e-05,0.9999247023371127,0.998909996973385,0.0015881538627613794,872933,872897,871861,873969,0.9975880151355483,0.0003061498028593,,,,,,,,,
density-s-pg250-draw42,density,s-pg250,raw/density-s-pg250-draw42/measurements.json,teacher_topk,sampled_pg_draw1,0.0,0.9996488458220297,0.9973249636394855,0.0024878261832839933,3814078,3813601,3802798,3824881,0.9942264870462637,0.0013008078885338795,,,,,,,,,
density-s-pg250-draw42,density,s-pg250,raw/density-s-pg250-draw42/measurements.json,teacher_topk,sampled_pg_draw1,1e-05,0.9996488458220297,0.9973249636394855,0.0024878261832839933,872933,872832,870293,875472,0.9940843339364366,0.0003061433569003631,,,,,,,,,
density-s-pg250-draw42,density,s-pg250,raw/density-s-pg250-draw42/measurements.json,teacher_topk,sampled_pg_draw2,0.0,0.999649620345822,0.9973648512393409,0.0024691833842343846,3814078,3813604,3802821,3824861,0.9942376990954704,0.001300807255824851,,,,,,,,,
density-s-pg250-draw42,density,s-pg250,raw/density-s-pg250-draw42/measurements.json,teacher_topk,sampled_pg_draw2,1e-05,0.999649620345822,0.9973648512393409,0.0024691833842343846,872933,872809,870310,875432,0.9941491743504921,0.0003061382771315978,,,,,,,,,
density-s-pg250-draw42,density,s-pg250,raw/density-s-pg250-draw42/measurements.json,teacher_topk,sampled_pg_draw3,0.0,0.9996445389658634,0.9973100478626353,0.0024946733886936573,3814078,3813330,3802618,3824790,0.9942030804305596,0.0013007616704373776,,,,,,,,,
density-s-pg250-draw42,density,s-pg250,raw/density-s-pg250-draw42/measurements.json,teacher_topk,sampled_pg_draw3,1e-05,0.9996445389658634,0.9973100478626353,0.0024946733886936573,872933,872719,870247,875405,0.9941078700715669,0.00030612381105745427,,,,,,,,,
density-s-pg250-draw42,density,s-pg250,raw/density-s-pg250-draw42/measurements.json,full_vocab,sampled_pg_draw1,0.0,0.9996599435128612,0.9973238507930974,0.0024882702459119075,3813941,3813601,3802762,3824780,0.9942433290280748,0.0013007828539379632,,,,,,,,,
density-s-pg250-draw42,density,s-pg250,raw/density-s-pg250-draw42/measurements.json,full_vocab,sampled_pg_draw1,1e-05,0.9996599435128612,0.9973238507930974,0.0024882702459119075,872897,872832,870293,875436,0.994125213036704,0.0003061353070448379,,,,,,,,,
density-s-pg250-draw42,density,s-pg250,raw/density-s-pg250-draw42/measurements.json,full_vocab,sampled_pg_draw2,0.0,0.9996613926266846,0.997340320538625,0.002480575813184466,3813941,3813604,3802769,3824776,0.9942461989930914,0.0013007822203060634,,,,,,,,,
density-s-pg250-draw42,density,s-pg250,raw/density-s-pg250-draw42/measurements.json,full_vocab,sampled_pg_draw2,1e-05,0.9996613926266846,0.997340320538625,0.002480575813184466,872897,872809,870273,875433,0.9941057739427231,0.0003061302269286948,,,,,,,,,
density-s-pg250-draw42,density,s-pg250,raw/density-s-pg250-draw42/measurements.json,full_vocab,sampled_pg_draw3,0.0,0.9996558603022628,0.9973028091576083,0.0024979523032763627,3813941,3813330,3802571,3824700,0.9942141867336001,0.0013007366451074432,,,,,,,,,
density-s-pg250-draw42,density,s-pg250,raw/density-s-pg250-draw42/measurements.json,full_vocab,sampled_pg_draw3,1e-05,0.9996558603022628,0.9973028091576083,0.0024979523032763627,872897,872719,870215,875401,0.9940758578068793,0.0003061157636829932,,,,,,,,,
density-s-pg250-draw42,density,s-pg250,raw/density-s-pg250-draw42/measurements.json,sampled_pg_draw1,sampled_pg_draw2,0.0,0.9999702601006345,0.9994495508540839,0.0011284217439417896,3813601,3813604,3811276,3815929,0.9987806376900619,0.0013007266240670568,,,,,,,,,
density-s-pg250-draw42,density,s-pg250,raw/density-s-pg250-draw42/measurements.json,sampled_pg_draw1,sampled_pg_draw2,1e-05,0.9999702601006345,0.9994495508540839,0.0011284217439417896,872832,872809,872293,873348,0.9987920050197631,0.000306123817851954,,,,,,,,,
density-s-pg250-draw42,density,s-pg250,raw/density-s-pg250-draw42/measurements.json,sampled_pg_draw1,sampled_pg_draw3,0.0,0.999966672046589,0.9994647214425666,0.0011127394720063918,3813601,3813330,3811310,3815621,0.9988701708057482,0.0013006810654288335,,,,,,,,,
density-s-pg250-draw42,density,s-pg250,raw/density-s-pg250-draw42/measurements.json,sampled_pg_draw1,sampled_pg_draw3,1e-05,0.999966672046589,0.9994647214425666,0.0011127394720063918,872832,872719,872274,873277,0.9988514526318683,0.0003061093644878613,,,,,,,,,
density-s-pg250-draw42,density,s-pg250,raw/density-s-pg250-draw42/measurements.json,sampled_pg_draw2,sampled_pg_draw3,0.0,0.9999663650824927,0.9994338061329532,0.001144407940823868,3813604,3813330,3811081,3815853,0.998749427716424,0.0013006804343870329,,,,,,,,,
density-s-pg250-draw42,density,s-pg250,raw/density-s-pg250-draw42/measurements.json,sampled_pg_draw2,sampled_pg_draw3,1e-05,0.9999663650824927,0.9994338061329532,0.001144407940823868,872809,872719,872211,873317,0.998733564101008,0.00030610427894538146,,,,,,,,,
density-s-pg250-draw43,density,s-pg250,raw/density-s-pg250-draw43/measurements.json,zero_gradient,sampled_pg,0.0,,0.8954359743079138,0.01556057363756331,3751008,3858729,3379873,4229864,0.7990500403795489,0.001296713271291789,,,,,,,,,
density-s-pg250-draw43,density,s-pg250,raw/density-s-pg250-draw43/measurements.json,zero_gradient,sampled_pg,1e-05,,0.8954359743079138,0.01556057363756331,858813,883468,769131,973150,0.7903519498535683,0.0003052810286784418,,,,,,,,,
density-s-pg250-draw43,density,s-pg250,raw/density-s-pg250-draw43/measurements.json,zero_gradient,student_topk,0.0,,0.8980299727310519,0.015366193533236169,3751008,3852096,3387506,4215598,0.8035647611560685,0.001295482517468999,,,,,,,,,
density-s-pg250-draw43,density,s-pg250,raw/density-s-pg250-draw43/measurements.json,zero_gradient,student_topk,1e-05,,0.8980299727310519,0.015366193533236169,858813,882414,771591,969636,0.7957532517357029,0.0003050743244726655,,,,,,,,,
density-s-pg250-draw43,density,s-pg250,raw/density-s-pg250-draw43/measurements.json,zero_gradient,topk_intersection,0.0,,0.8980020242845628,0.01536840169768317,3751008,3851989,3387397,4215600,0.8035385235790872,0.0012954701144298052,,,,,,,,,
density-s-pg250-draw43,density,s-pg250,raw/density-s-pg250-draw43/measurements.json,zero_gradient,topk_intersection,1e-05,,0.8980020242845628,0.01536840169768317,858813,882463,771572,969704,0.7956778563355416,0.0003050847276411453,,,,,,,,,
density-s-pg250-draw43,density,s-pg250,raw/density-s-pg250-draw43/measurements.json,zero_gradient,teacher_topk,0.0,,0.8980287919136392,0.015366731505051382,3751008,3852180,3387414,4215774,0.803509391158065,0.0012955064933033817,,,,,,,,,
density-s-pg250-draw43,density,s-pg250,raw/density-s-pg250-draw43/measurements.json,zero_gradient,teacher_topk,1e-05,,0.8980287919136392,0.015366731505051382,858813,882479,771562,969730,0.7956462108009446,0.00030508922301590526,,,,,,,,,
density-s-pg250-draw43,density,s-pg250,raw/density-s-pg250-draw43/measurements.json,zero_gradient,full_vocab,0.0,,0.8980000070577194,0.01536848723715076,3751008,3852024,3387467,4215565,0.803561800138297,0.0012954708865954292,,,,,,,,,
density-s-pg250-draw43,density,s-pg250,raw/density-s-pg250-draw43/measurements.json,zero_gradient,full_vocab,1e-05,,0.8980000070577194,0.01536848723715076,858813,882434,771546,969701,0.7956535055651175,0.0003050748123880839,,,,,,,,,
density-s-pg250-draw43,density,s-pg250,raw/density-s-pg250-draw43/measurements.json,zero_gradient,sampled_pg_draw1,0.0,,0.8954478633605537,0.015559500397407638,3751008,3858632,3379738,4229902,0.7990109463528943,0.0012966992816989414,,,,,,,,,
density-s-pg250-draw43,density,s-pg250,raw/density-s-pg250-draw43/measurements.json,zero_gradient,sampled_pg_draw1,1e-05,,0.8954478633605537,0.015559500397407638,858813,883388,769092,973109,0.7903451720208117,0.00030526789671584797,,,,,,,,,
density-s-pg250-draw43,density,s-pg250,raw/density-s-pg250-draw43/measurements.json,zero_gradient,sampled_pg_draw2,0.0,,0.9036626569065553,0.014927932456078673,3751008,3846055,3408500,4188563,0.8137635747629915,0.001294439240733811,,,,,,,,,
density-s-pg250-draw43,density,s-pg250,raw/density-s-pg250-draw43/measurements.json,zero_gradient,sampled_pg_draw2,1e-05,,0.9036626569065553,0.014927932456078673,858813,881060,776365,963508,0.8057691269818206,0.00030484781472776194,,,,,,,,,
density-s-pg250-draw43,density,s-pg250,raw/density-s-pg250-draw43/measurements.json,zero_gradient,sampled_pg_draw3,0.0,,0.8968221214018027,0.015463714475454879,3751008,3860055,3386995,4224068,0.801832498908635,0.001296919291713045,,,,,,,,,
density-s-pg250-draw43,density,s-pg250,raw/density-s-pg250-draw43/measurements.json,zero_gradient,sampled_pg_draw3,1e-05,,0.8968221214018027,0.015463714475454879,858813,884149,771063,971899,0.7933571286728354,0.00030539386885901056,,,,,,,,,
density-s-pg250-draw43,density,s-pg250,raw/density-s-pg250-draw43/measurements.json,sampled_pg,student_topk,0.0,0.3520624303589847,0.8930564862397765,0.015806212642605254,3858729,3852096,3419227,4291598,0.7967258349920007,0.0013158737668772084,,,,,,,,,
density-s-pg250-draw43,density,s-pg250,raw/density-s-pg250-draw43/measurements.json,sampled_pg,student_topk,1e-05,0.3520624303589847,0.8930564862397765,0.015806212642605254,883468,882414,777856,988026,0.787282925752966,0.00030983550546377024,,,,,,,,,
density-s-pg250-draw43,density,s-pg250,raw/density-s-pg250-draw43/measurements.json,sampled_pg,topk_intersection,0.0,0.3520356650212734,0.8930286147670198,0.015808369682909395,3858729,3851989,3419109,4291609,0.7966962973560732,0.001315861618522357,,,,,,,,,
density-s-pg250-draw43,density,s-pg250,raw/density-s-pg250-draw43/measurements.json,sampled_pg,topk_intersection,1e-05,0.3520356650212734,0.8930286147670198,0.015808369682909395,883468,882463,777853,988078,0.7872384568829587,0.00030984627569023433,,,,,,,,,
density-s-pg250-draw43,density,s-pg250,raw/density-s-pg250-draw43/measurements.json,sampled_pg,teacher_topk,0.0,0.35231044679882895,0.8930775537926796,0.015805079081408966,3858729,3852180,3419222,4291687,0.796708147635184,0.0013158986833321721,,,,,,,,,
density-s-pg250-draw43,density,s-pg250,raw/density-s-pg250-draw43/measurements.json,sampled_pg,teacher_topk,1e-05,0.35231044679882895,0.8930775537926796,0.015805079081408966,883468,882479,777869,988078,0.7872546499365435,0.0003098508621905079,,,,,,,,,
density-s-pg250-draw43,density,s-pg250,raw/density-s-pg250-draw43/measurements.json,sampled_pg,full_vocab,0.0,0.35133393017728776,0.8929677359574891,0.01581280481456116,3858729,3852024,3418934,4291819,0.7966165395138984,0.0013158614866469603,,,,,,,,,
density-s-pg250-draw43,density,s-pg250,raw/density-s-pg250-draw43/measurements.json,sampled_pg,full_vocab,1e-05,0.35133393017728776,0.8929677359574891,0.01581280481456116,883468,882434,777785,988117,0.7871385675987762,0.0003098356579495575,,,,,,,,,
density-s-pg250-draw43,density,s-pg250,raw/density-s-pg250-draw43/measurements.json,sampled_pg,sampled_pg_draw1,0.0,0.9999617092461043,0.9993033226170963,0.0012757565791557096,3858729,3858632,3855850,3861511,0.99853399355848,0.0013171516480671296,,,,,,,,,
density-s-pg250-draw43,density,s-pg250,raw/density-s-pg250-draw43/measurements.json,sampled_pg,sampled_pg_draw1,1e-05,0.9999617092461043,0.9993033226170963,0.0012757565791557096,883468,883388,882743,884113,0.9984504243235875,0.0003100403272530868,,,,,,,,,
density-s-pg250-draw43,density,s-pg250,raw/density-s-pg250-draw43/measurements.json,sampled_pg,sampled_pg_draw2,0.0,0.746723504890239,0.9279095901376387,0.0129711133754386,3858729,3846055,3555615,4149169,0.8569462945471732,0.0013148179476080923,,,,,,,,,
density-s-pg250-draw43,density,s-pg250,raw/density-s-pg250-draw43/measurements.json,sampled_pg,sampled_pg_draw2,1e-05,0.746723504890239,0.9279095901376387,0.0129711133754386,883468,881060,811701,952827,0.8518870686913784,0.0003096078371013654,,,,,,,,,
density-s-pg250-draw43,density,s-pg250,raw/density-s-pg250-draw43/measurements.json,sampled_pg,sampled_pg_draw3,0.0,0.8324111661853508,0.9438448797085461,0.01145833845735188,3858729,3860055,3627644,4091140,0.8867073725171957,0.001317371110961442,,,,,,,,,
density-s-pg250-draw43,density,s-pg250,raw/density-s-pg250-draw43/measurements.json,sampled_pg,sampled_pg_draw3,1e-05,0.8324111661853508,0.9438448797085461,0.01145833845735188,883468,884149,828759,938858,0.8827309348165537,0.0003101672427313474,,,,,,,,,
density-s-pg250-draw43,density,s-pg250,raw/density-s-pg250-draw43/measurements.json,student_topk,topk_intersection,0.0,0.999914568292778,0.9987249719987011,0.0017258657641841455,3852096,3851989,3846745,3857340,0.997253288535623,0.0013146043212991533,,,,,,,,,
density-s-pg250-draw43,density,s-pg250,raw/density-s-pg250-draw43/measurements.json,student_topk,topk_intersection,1e-05,0.999914568292778,0.9987249719987011,0.0017258657641841455,882414,882463,881236,883641,0.9972783064615608,0.0003096384462658742,,,,,,,,,
density-s-pg250-draw43,density,s-pg250,raw/density-s-pg250-draw43/measurements.json,student_topk,teacher_topk,0.0,0.9999172911677456,0.9987706513928634,0.001694704083806294,3852096,3852180,3846958,3857318,0.9973141960294691,0.001314641380455174,,,,,,,,,
density-s-pg250-draw43,density,s-pg250,raw/density-s-pg250-draw43/measurements.json,student_topk,teacher_topk,1e-05,0.9999172911677456,0.9987706513928634,0.001694704083806294,882414,882479,881269,883624,0.9973348392528949,0.0003096431219760204,,,,,,,,,
density-s-pg250-draw43,density,s-pg250,raw/density-s-pg250-draw43/measurements.json,student_topk,full_vocab,0.0,0.9999177395929375,0.9987146771403494,0.0017328123608731688,3852096,3852024,3846683,3857437,0.9972121385261769,0.0013146045824749483,,,,,,,,,
density-s-pg250-draw43,density,s-pg250,raw/density-s-pg250-draw43/measurements.json,student_topk,full_vocab,1e-05,0.9999177395929375,0.9987146771403494,0.0017328123608731688,882414,882434,881172,883676,0.9971663822486975,0.00030962795333016837,,,,,,,,,
density-s-pg250-draw43,density,s-pg250,raw/density-s-pg250-draw43/measurements.json,student_topk,sampled_pg_draw1,0.0,0.35179657746888826,0.8930733367188147,0.015804790986088352,3852096,3858632,3419127,4291601,0.7967019767215079,0.0013158601552885902,,,,,,,,,
density-s-pg250-draw43,density,s-pg250,raw/density-s-pg250-draw43/measurements.json,student_topk,sampled_pg_draw1,1e-05,0.35179657746888826,0.8930733367188147,0.015804790986088352,882414,883388,777809,987993,0.7872616506392252,0.00030982210180644486,,,,,,,,,
density-s-pg250-draw43,density,s-pg250,raw/density-s-pg250-draw43/measurements.json,student_topk,sampled_pg_draw2,0.0,0.5500683472751089,0.9099092454208944,0.014500137159741942,3852096,3846055,3478278,4219873,0.8242612988589941,0.0013135164118124117,,,,,,,,,
density-s-pg250-draw43,density,s-pg250,raw/density-s-pg250-draw43/measurements.json,student_topk,sampled_pg_draw2,1e-05,0.5500683472751089,0.9099092454208944,0.014500137159741942,882414,881060,793399,970075,0.8178738757312579,0.0003093862764465676,,,,,,,,,
density-s-pg250-draw43,density,s-pg250,raw/density-s-pg250-draw43/measurements.json,student_topk,sampled_pg_draw3,0.0,0.6152524621213932,0.9149241060645303,0.014103397642256387,3852096,3860055,3504714,4207437,0.8329807433836799,0.0013160916304031118,,,,,,,,,
density-s-pg250-draw43,density,s-pg250,raw/density-s-pg250-draw43/measurements.json,student_topk,sampled_pg_draw3,1e-05,0.6152524621213932,0.9149241060645303,0.014103397642256387,882414,884149,799558,967005,0.8268395716671578,0.00030995385835332274,,,,,,,,,
density-s-pg250-draw43,density,s-pg250,raw/density-s-pg250-draw43/measurements.json,topk_intersection,teacher_topk,0.0,0.999952900104899,0.9991626574535791,0.0013986549097652551,3851989,3852180,3848632,3855537,0.9982090691906211,0.001314629130421889,,,,,,,,,
density-s-pg250-draw43,density,s-pg250,raw/density-s-pg250-draw43/measurements.json,topk_intersection,teacher_topk,1e-05,0.999952900104899,0.9991626574535791,0.0013986549097652551,882463,882479,881663,883279,0.9981704535033664,0.00030965381589105314,,,,,,,,,
density-s-pg250-draw43,density,s-pg250,raw/density-s-pg250-draw43/measurements.json,topk_intersection,full_vocab,0.0,0.9999157533688077,0.9987937349653656,0.0016786860200449672,3851989,3852024,3846836,3857177,0.9973190237316047,0.0013145923264391121,,,,,,,,,
density-s-pg250-draw43,density,s-pg250,raw/density-s-pg250-draw43/measurements.json,topk_intersection,full_vocab,1e-05,0.9999157533688077,0.9987937349653656,0.0016786860200449672,882463,882434,881258,883639,0.9973054607141604,0.0003096386368234914,,,,,,,,,
density-s-pg250-draw43,density,s-pg250,raw/density-s-pg250-draw43/measurements.json,topk_intersection,sampled_pg_draw1,0.0,0.35177058833209224,0.8930412718137584,0.015807258050579087,3851989,3858632,3419004,4291617,0.7966703459325472,0.0013158480044103058,,,,,,,,,
density-s-pg250-draw43,density,s-pg250,raw/density-s-pg250-draw43/measurements.json,topk_intersection,sampled_pg_draw1,1e-05,0.35177058833209224,0.8930412718137584,0.015807258050579087,882463,883388,777803,988048,0.787211754894499,0.0003098328697160926,,,,,,,,,
density-s-pg250-draw43,density,s-pg250,raw/density-s-pg250-draw43/measurements.json,topk_intersection,sampled_pg_draw2,0.0,0.5496120470208345,0.9098230694324371,0.014507160946870684,3851989,3846055,3477915,4220129,0.8241252814783624,0.0013135041824192256,,,,,,,,,
density-s-pg250-draw43,density,s-pg250,raw/density-s-pg250-draw43/measurements.json,topk_intersection,sampled_pg_draw2,1e-05,0.5496120470208345,0.9098230694324371,0.014507160946870684,882463,881060,793327,970196,0.8176976610911609,0.0003093970982670846,,,,,,,,,
density-s-pg250-draw43,density,s-pg250,raw/density-s-pg250-draw43/measurements.json,topk_intersection,sampled_pg_draw3,0.0,0.6155615863127682,0.9149647390157459,0.014100115446583043,3851989,3860055,3504807,4207237,0.8330424456715892,0.0013160793763815697,,,,,,,,,
density-s-pg250-draw43,density,s-pg250,raw/density-s-pg250-draw43/measurements.json,topk_intersection,sampled_pg_draw3,1e-05,0.6155615863127682,0.9149647390157459,0.014100115446583043,882463,884149,799595,967017,0.8268675731657251,0.0003099645982958459,,,,,,,,,
density-s-pg250-draw43,density,s-pg250,raw/density-s-pg250-draw43/measurements.json,teacher_topk,full_vocab,0.0,0.9999162650298262,0.9987594700801052,0.0017023971663717723,3852180,3852024,3846770,3857434,0.9972354679302355,0.0013146293852037787,,,,,,,,,
density-s-pg250-draw43,density,s-pg250,raw/density-s-pg250-draw43/measurements.json,teacher_topk,full_vocab,1e-05,0.9999162650298262,0.9987594700801052,0.0017023971663717723,882479,882434,881233,883680,0.9972308980626471,0.00030964331300648127,,,,,,,,,
density-s-pg250-draw43,density,s-pg250,raw/density-s-pg250-draw43/measurements.json,teacher_topk,sampled_pg_draw1,0.0,0.35204457133936984,0.893090413606538,0.01580395233343937,3852180,3858632,3419112,4291700,0.7966801034555071,0.001315885067512616,,,,,,,,,
density-s-pg250-draw43,density,s-pg250,raw/density-s-pg250-draw43/measurements.json,teacher_topk,sampled_pg_draw1,1e-05,0.35204457133936984,0.893090413606538,0.01580395233343937,882479,883388,777820,988047,0.7872297572888739,0.0003098374528324234,,,,,,,,,
density-s-pg250-draw43,density,s-pg250,raw/density-s-pg250-draw43/measurements.json,teacher_topk,sampled_pg_draw2,0.0,0.549877151772782,0.9098864866476155,0.01450236141775455,3852180,3846055,3478056,4220179,0.8241489282800564,0.0013135412636900074,,,,,,,,,
density-s-pg250-draw43,density,s-pg250,raw/density-s-pg250-draw43/measurements.json,teacher_topk,sampled_pg_draw2,1e-05,0.549877151772782,0.9098864866476155,0.01450236141775455,882479,881060,793358,970181,0.8177422563418578,0.0003094016192172475,,,,,,,,,
density-s-pg250-draw43,density,s-pg250,raw/density-s-pg250-draw43/measurements.json,teacher_topk,sampled_pg_draw3,0.0,0.6156790850116852,0.9149564484758126,0.014101090923086751,3852180,3860055,3504888,4207347,0.8330399180291048,0.001316116447182016,,,,,,,,,
density-s-pg250-draw43,density,s-pg250,raw/density-s-pg250-draw43/measurements.json,teacher_topk,sampled_pg_draw3,1e-05,0.6156790850116852,0.9149564484758126,0.014101090923086751,882479,884149,799596,967032,0.826855781401236,0.00030996925687427207,,,,,,,,,
density-s-pg250-draw43,density,s-pg250,raw/density-s-pg250-draw43/measurements.json,full_vocab,sampled_pg_draw1,0.0,0.351072721902811,0.892981571812195,0.015811606307254637,3852024,3858632,3418827,4291829,0.7965897522944181,0.0013158478724108018,,,,,,,,,
density-s-pg250-draw43,density,s-pg250,raw/density-s-pg250-draw43/measurements.json,full_vocab,sampled_pg_draw1,1e-05,0.351072721902811,0.892981571812195,0.015811606307254637,882434,883388,777738,988084,0.7871172896231494,0.0003098222471204699,,,,,,,,,
density-s-pg250-draw43,density,s-pg250,raw/density-s-pg250-draw43/measurements.json,full_vocab,sampled_pg_draw2,0.0,0.5490675842325934,0.9097494782541257,0.014513021076305095,3852024,3846055,3477652,4220427,0.8240047748723056,0.001313504226226321,,,,,,,,,
density-s-pg250-draw43,density,s-pg250,raw/density-s-pg250-draw43/measurements.json,full_vocab,sampled_pg_draw2,1e-05,0.5490675842325934,0.9097494782541257,0.014513021076305095,882434,881060,793255,970239,0.8175872130475068,0.0003093866289319091,,,,,,,,,
density-s-pg250-draw43,density,s-pg250,raw/density-s-pg250-draw43/measurements.json,full_vocab,sampled_pg_draw3,0.0,0.6151216612741564,0.9149564519532218,0.01410074717541802,3852024,3860055,3504811,4207268,0.8330372583823992,0.0013160792951149639,,,,,,,,,
density-s-pg250-draw43,density,s-pg250,raw/density-s-pg250-draw43/measurements.json,full_vocab,sampled_pg_draw3,1e-05,0.6151216612741564,0.9149564519532218,0.01410074717541802,882434,884149,799557,967026,0.8268205818664648,0.0003099539424887595,,,,,,,,,
density-s-pg250-draw43,density,s-pg250,raw/density-s-pg250-draw43/measurements.json,sampled_pg_draw1,sampled_pg_draw2,0.0,0.7464551928381673,0.9279444521015714,0.012967829999435201,3858632,3846055,3555511,4149176,0.8569197835907659,0.0013148039631901691,,,,,,,,,
density-s-pg250-draw43,density,s-pg250,raw/density-s-pg250-draw43/measurements.json,sampled_pg_draw1,sampled_pg_draw2,1e-05,0.7464551928381673,0.9279444521015714,0.012967829999435201,883388,881060,811671,952777,0.8519002872655407,0.00030959425287180103,,,,,,,,,
density-s-pg250-draw43,density,s-pg250,raw/density-s-pg250-draw43/measurements.json,sampled_pg_draw1,sampled_pg_draw3,0.0,0.8324320776916941,0.9438103768641614,0.011461731935814047,3858632,3860055,3627575,4091112,0.8866965754054155,0.0013173572973203538,,,,,,,,,
density-s-pg250-draw43,density,s-pg250,raw/density-s-pg250-draw43/measurements.json,sampled_pg_draw1,sampled_pg_draw3,1e-05,0.8324320776916941,0.9438103768641614,0.011461731935814047,883388,884149,828709,938828,0.8827058843579442,0.0003101537734043389,,,,,,,,,
density-s-pg250-draw43,density,s-pg250,raw/density-s-pg250-draw43/measurements.json,sampled_pg_draw2,sampled_pg_draw3,0.0,0.4728134691293824,0.8972703025815453,0.015490214204659609,3846055,3860055,3433564,4272546,0.8036341797139224,0.0013150149879863678,,,,,,,,,
density-s-pg250-draw43,density,s-pg250,raw/density-s-pg250-draw43/measurements.json,sampled_pg_draw2,sampled_pg_draw3,1e-05,0.4728134691293824,0.8972703025815453,0.015490214204659609,881060,884149,782162,983047,0.7956506657362262,0.0003097185186482226,,,,,,,,,
density-s-pg250-draw44,density,s-pg250,raw/density-s-pg250-draw44/measurements.json,zero_gradient,sampled_pg,0.0,,0.9014459847799722,0.015114042183597695,3751008,3869507,3401421,4219094,0.8061970176535531,0.0012977169844617994,,,,,,,,,
density-s-pg250-draw44,density,s-pg250,raw/density-s-pg250-draw44/measurements.json,zero_gradient,sampled_pg,1e-05,,0.9014459847799722,0.015114042183597695,858813,885840,774938,969715,0.7991399534914898,0.00030541273204988704,,,,,,,,,
density-s-pg250-draw44,density,s-pg250,raw/density-s-pg250-draw44/measurements.json,zero_gradient,student_topk,0.0,,0.8956253033376596,0.015577638654817141,3751008,3886992,3383175,4254825,0.7951384604537202,0.001300326493212027,,,,,,,,,
density-s-pg250-draw44,density,s-pg250,raw/density-s-pg250-draw44/measurements.json,zero_gradient,student_topk,1e-05,,0.8956253033376596,0.015577638654817141,858813,890362,771186,977989,0.7885426114199648,0.0003060878562931361,,,,,,,,,
density-s-pg250-draw44,density,s-pg250,raw/density-s-pg250-draw44/measurements.json,zero_gradient,topk_intersection,0.0,,0.8974167051608445,0.015435666438347694,3751008,3880527,3388273,4243262,0.798506667747596,0.0012994179176905592,,,,,,,,,
density-s-pg250-draw44,density,s-pg250,raw/density-s-pg250-draw44/measurements.json,zero_gradient,topk_intersection,1e-05,,0.8974167051608445,0.015435666438347694,858813,888629,772095,975347,0.7916105755182514,0.000305830004200277,,,,,,,,,
density-s-pg250-draw44,density,s-pg250,raw/density-s-pg250-draw44/measurements.json,zero_gradient,teacher_topk,0.0,,0.8973288457344003,0.015442432400256745,3751008,3880881,3388082,4243807,0.7983591148230822,0.0012994741135942932,,,,,,,,,
density-s-pg250-draw44,density,s-pg250,raw/density-s-pg250-draw44/measurements.json,zero_gradient,teacher_topk,1e-05,,0.8973288457344003,0.015442432400256745,858813,888719,772066,975466,0.7914842752079518,0.0003058461463278466,,,,,,,,,
density-s-pg250-draw44,density,s-pg250,raw/density-s-pg250-draw44/measurements.json,zero_gradient,full_vocab,0.0,,0.8963785168989659,0.015524592708540381,3751008,3888613,3385601,4254020,0.7958592108170625,0.0013002903196999386,,,,,,,,,
density-s-pg250-draw44,density,s-pg250,raw/density-s-pg250-draw44/measurements.json,zero_gradient,full_vocab,1e-05,,0.8963785168989659,0.015524592708540381,858813,890890,772095,977608,0.7897797481199008,0.00030615281836099927,,,,,,,,,
density-s-pg250-draw44,density,s-pg250,raw/density-s-pg250-draw44/measurements.json,zero_gradient,sampled_pg_draw1,0.0,,0.9014544257853814,0.015113083288020527,3751008,3869516,3401409,4219115,0.8061901607327603,0.0012977177352778426,,,,,,,,,
density-s-pg250-draw44,density,s-pg250,raw/density-s-pg250-draw44/measurements.json,zero_gradient,sampled_pg_draw1,1e-05,,0.9014544257853814,0.015113083288020527,858813,885863,774937,969739,0.7991191444295836,0.0003054168167897964,,,,,,,,,
density-s-pg250-draw44,density,s-pg250,raw/density-s-pg250-draw44/measurements.json,zero_gradient,sampled_pg_draw2,0.0,,0.9014552123506311,0.015113354091740732,3751008,3869637,3401457,4219188,0.8061875887019019,0.0012977413855111636,,,,,,,,,
density-s-pg250-draw44,density,s-pg250,raw/density-s-pg250-draw44/measurements.json,zero_gradient,sampled_pg_draw2,1e-05,,0.9014552123506311,0.015113354091740732,858813,885884,774950,969747,0.7991259575951253,0.00030542109556170986,,,,,,,,,
density-s-pg250-draw44,density,s-pg250,raw/density-s-pg250-draw44/measurements.json,zero_gradient,sampled_pg_draw3,0.0,,0.901466451360819,0.015112491145277632,3751008,3869597,3401464,4219141,0.8061982285019629,0.0012977314640271304,,,,,,,,,
density-s-pg250-draw44,density,s-pg250,raw/density-s-pg250-draw44/measurements.json,zero_gradient,sampled_pg_draw3,1e-05,,0.901466451360819,0.015112491145277632,858813,885896,774967,969742,0.7991476083329381,0.0003054222387728144,,,,,,,,,
density-s-pg250-draw44,density,s-pg250,raw/density-s-pg250-draw44/measurements.json,sampled_pg,student_topk,0.0,0.4680684590712024,0.8978459137280898,0.01548332235586587,3869507,3886992,3448122,4308377,0.8003296833123007,0.001321878332697376,,,,,,,,,
density-s-pg250-draw44,density,s-pg250,raw/density-s-pg250-draw44/measurements.json,sampled_pg,student_topk,1e-05,0.4680684590712024,0.8978459137280898,0.01548332235586587,885840,890362,785807,990395,0.7934278747368474,0.0003110194399381105,,,,,,,,,
density-s-pg250-draw44,density,s-pg250,raw/density-s-pg250-draw44/measurements.json,sampled_pg,topk_intersection,0.0,0.7743708176571115,0.9333477054478879,0.012501011412831133,3869507,3880527,3591543,4158491,0.8636649688552891,0.0013209524119664195,,,,,,,,,
density-s-pg250-draw44,density,s-pg250,raw/density-s-pg250-draw44/measurements.json,sampled_pg,topk_intersection,1e-05,0.7743708176571115,0.9333477054478879,0.012501011412831133,885840,888629,820438,954031,0.8599699590474523,0.00031075756052869507,,,,,,,,,
density-s-pg250-draw44,density,s-pg250,raw/density-s-pg250-draw44/measurements.json,sampled_pg,teacher_topk,0.0,0.7745698161232675,0.9332173593732771,0.012513349475582941,3869507,3880881,3591538,4158850,0.8635892133642714,0.001321010664552795,,,,,,,,,
density-s-pg250-draw44,density,s-pg250,raw/density-s-pg250-draw44/measurements.json,sampled_pg,teacher_topk,1e-05,0.7745698161232675,0.9332173593732771,0.012513349475582941,885840,888719,820444,954115,0.8599005360988979,0.00031077404957644266,,,,,,,,,
density-s-pg250-draw44,density,s-pg250,raw/density-s-pg250-draw44/measurements.json,sampled_pg,full_vocab,0.0,0.20071855207979913,0.8757250084496895,0.01708081451656551,3869507,3888613,3358449,4399671,0.7633409407203402,0.0013218343489407784,,,,,,,,,
density-s-pg250-draw44,density,s-pg250,raw/density-s-pg250-draw44/measurements.json,sampled_pg,full_vocab,1e-05,0.20071855207979913,0.8757250084496895,0.01708081451656551,885840,890890,763891,1012839,0.7542077269931351,0.00031108395380603917,,,,,,,,,
density-s-pg250-draw44,density,s-pg250,raw/density-s-pg250-draw44/measurements.json,sampled_pg,sampled_pg_draw1,0.0,0.9999473071548893,0.999183700526875,0.001382115300428061,3869507,3869516,3865891,3873132,0.9981304535967274,0.0013192173899603083,,,,,,,,,
density-s-pg250-draw44,density,s-pg250,raw/density-s-pg250-draw44/measurements.json,sampled_pg,sampled_pg_draw1,1e-05,0.9999473071548893,0.999183700526875,0.001382115300428061,885840,885863,885041,886662,0.998171794889146,0.0003103342619707921,,,,,,,,,
density-s-pg250-draw44,density,s-pg250,raw/density-s-pg250-draw44/measurements.json,sampled_pg,sampled_pg_draw2,0.0,0.9999435555734493,0.999138977719962,0.0014194992119720344,3869507,3869637,3865874,3873270,0.9980905023403998,0.0013192415625163062,,,,,,,,,
density-s-pg250-draw44,density,s-pg250,raw/density-s-pg250-draw44/measurements.json,sampled_pg,sampled_pg_draw2,1e-05,0.9999435555734493,0.999138977719962,0.0014194992119720344,885840,885884,885021,886703,0.9981030852495142,0.000310338620377153,,,,,,,,,
density-s-pg250-draw44,density,s-pg250,raw/density-s-pg250-draw44/measurements.json,sampled_pg,sampled_pg_draw3,0.0,0.9999572747272927,0.9992745355369113,0.001302974729122466,3869507,3869597,3866524,3872580,0.9984361846624215,0.00131923154662569,,,,,,,,,
density-s-pg250-draw44,density,s-pg250,raw/density-s-pg250-draw44/measurements.json,sampled_pg,sampled_pg_draw3,1e-05,0.9999572747272927,0.9992745355369113,0.001302974729122466,885840,885896,885177,886559,0.9984411640962417,0.0003103398628886565,,,,,,,,,
density-s-pg250-draw44,density,s-pg250,raw/density-s-pg250-draw44/measurements.json,student_topk,topk_intersection,0.0,0.8989584937698059,0.9562193676735885,0.010145551870663173,3886992,3880527,3695897,4071622,0.9077210507262217,0.0013236557082808205,,,,,,,,,
density-s-pg250-draw44,density,s-pg250,raw/density-s-pg250-draw44/measurements.json,student_topk,topk_intersection,1e-05,0.8989584937698059,0.9562193676735885,0.010145551870663173,890362,888629,845603,933388,0.9059501514911269,0.00031145559915671126,,,,,,,,,
density-s-pg250-draw44,density,s-pg250,raw/density-s-pg250-draw44/measurements.json,student_topk,teacher_topk,0.0,0.8983277890845426,0.9562116531752138,0.010146539008220417,3886992,3880881,3695737,4072136,0.9075671834143064,0.0013237143242479782,,,,,,,,,
density-s-pg250-draw44,density,s-pg250,raw/density-s-pg250-draw44/measurements.json,student_topk,teacher_topk,1e-05,0.8983277890845426,0.9562116531752138,0.010146539008220417,890362,888719,845559,933522,0.905772975891302,0.0003114721336237578,,,,,,,,,
density-s-pg250-draw44,density,s-pg250,raw/density-s-pg250-draw44/measurements.json,student_topk,full_vocab,0.0,0.9558283490267019,0.9719410684756046,0.008127273966409531,3886992,3888613,3767377,4008228,0.9399108533746084,0.0013245911367924074,,,,,,,,,
density-s-pg250-draw44,density,s-pg250,raw/density-s-pg250-draw44/measurements.json,student_topk,full_vocab,1e-05,0.9558283490267019,0.9719410684756046,0.008127273966409531,890362,890890,862552,918700,0.9388832045281376,0.00031179366832930795,,,,,,,,,
density-s-pg250-draw44,density,s-pg250,raw/density-s-pg250-draw44/measurements.json,student_topk,sampled_pg_draw1,0.0,0.4680054619012306,0.8978572342696327,0.015482182451608014,3886992,3869516,3448152,4308356,0.8003405475313553,0.0013218794225313278,,,,,,,,,
density-s-pg250-draw44,density,s-pg250,raw/density-s-pg250-draw44/measurements.json,student_topk,sampled_pg_draw1,1e-05,0.4680054619012306,0.8978572342696327,0.015482182451608014,890362,885863,785825,990400,0.7934420436187399,0.0003110236188212103,,,,,,,,,
density-s-pg250-draw44,density,s-pg250,raw/density-s-pg250-draw44/measurements.json,student_topk,sampled_pg_draw2,0.0,0.4678859478945982,0.8978330091973208,0.015484317531083874,3886992,3869637,3448096,4308533,0.8002946710632134,0.0013219032356549757,,,,,,,,,
density-s-pg250-draw44,density,s-pg250,raw/density-s-pg250-draw44/measurements.json,student_topk,sampled_pg_draw2,1e-05,0.4678859478945982,0.8978330091973208,0.015484317531083874,890362,885884,785808,990438,0.7933944376124502,0.0003110279065964274,,,,,,,,,
density-s-pg250-draw44,density,s-pg250,raw/density-s-pg250-draw44/measurements.json,student_topk,sampled_pg_draw3,0.0,0.46836232299119485,0.8978494142671017,0.015483072975364024,3886992,3869597,3448263,4308326,0.8003718845788365,0.0013218933408524571,,,,,,,,,
density-s-pg250-draw44,density,s-pg250,raw/density-s-pg250-draw44/measurements.json,student_topk,sampled_pg_draw3,1e-05,0.46836232299119485,0.8978494142671017,0.015483072975364024,890362,885896,785852,990406,0.7934644983976268,0.0003110292224518058,,,,,,,,,
density-s-pg250-draw44,density,s-pg250,raw/density-s-pg250-draw44/measurements.json,topk_intersection,teacher_topk,0.0,0.9998729552483554,0.9984904553328565,0.0018830572308704012,3880527,3880881,3873938,3887470,0.996519072815996,0.0013227715642337658,,,,,,,,,
density-s-pg250-draw44,density,s-pg250,raw/density-s-pg250-draw44/measurements.json,topk_intersection,teacher_topk,1e-05,0.9998729552483554,0.9984904553328565,0.0018830572308704012,888629,888719,887132,890216,0.9965356722413437,0.0003112074524021333,,,,,,,,,
density-s-pg250-draw44,density,s-pg250,raw/density-s-pg250-draw44/measurements.json,topk_intersection,full_vocab,0.0,0.7380151408731669,0.930461576184418,0.012788733978437088,3880527,3888613,3589098,4180042,0.858627257812242,0.0013236196865765554,,,,,,,,,
density-s-pg250-draw44,density,s-pg250,raw/density-s-pg250-draw44/measurements.json,topk_intersection,full_vocab,1e-05,0.7380151408731669,0.930461576184418,0.012788733978437088,888629,890890,820100,959419,0.8547881582499408,0.0003115212511607121,,,,,,,,,
density-s-pg250-draw44,density,s-pg250,raw/density-s-pg250-draw44/measurements.json,topk_intersection,sampled_pg_draw1,0.0,0.7741837690906452,0.9333195081845255,0.012503427824885862,3880527,3869516,3591443,4158600,0.8636182849997596,0.001320953363719789,,,,,,,,,
density-s-pg250-draw44,density,s-pg250,raw/density-s-pg250-draw44/measurements.json,topk_intersection,sampled_pg_draw1,1e-05,0.7741837690906452,0.9333195081845255,0.012503427824885862,888629,885863,820414,954078,0.8599024398424447,0.0003107617650629078,,,,,,,,,
density-s-pg250-draw44,density,s-pg250,raw/density-s-pg250-draw44/measurements.json,topk_intersection,sampled_pg_draw2,0.0,0.7741770368575479,0.9333055333723415,0.012504979435154297,3880527,3869637,3591423,4158741,0.8635841953129565,0.001320977417626659,,,,,,,,,
density-s-pg250-draw44,density,s-pg250,raw/density-s-pg250-draw44/measurements.json,topk_intersection,sampled_pg_draw2,1e-05,0.7741770368575479,0.9333055333723415,0.012504979435154297,888629,885884,820409,954104,0.859873766381862,0.000310766111205235,,,,,,,,,
density-s-pg250-draw44,density,s-pg250,raw/density-s-pg250-draw44/measurements.json,topk_intersection,sampled_pg_draw3,0.0,0.7744606256819647,0.9333342002561621,0.012502290628347627,3880527,3869597,3591599,4158525,0.8636713738645313,0.0013209674679718817,,,,,,,,,
density-s-pg250-draw44,density,s-pg250,raw/density-s-pg250-draw44/measurements.json,topk_intersection,sampled_pg_draw3,1e-05,0.7744606256819647,0.9333342002561621,0.012502290628347627,888629,885896,820459,954066,0.8599604220253106,0.0003107673969603484,,,,,,,,,
density-s-pg250-draw44,density,s-pg250,raw/density-s-pg250-draw44/measurements.json,teacher_topk,full_vocab,0.0,0.737212984911326,0.9304482541234091,0.012790076835770823,3880881,3888613,3589001,4180493,0.8585114243702836,0.0013236783703662177,,,,,,,,,
density-s-pg250-draw44,density,s-pg250,raw/density-s-pg250-draw44/measurements.json,teacher_topk,full_vocab,1e-05,0.737212984911326,0.9304482541234091,0.012790076835770823,888719,890890,820056,959553,0.8546229338035523,0.00031153773781626763,,,,,,,,,
density-s-pg250-draw44,density,s-pg250,raw/density-s-pg250-draw44/measurements.json,teacher_topk,sampled_pg_draw1,0.0,0.7743929638455833,0.933198628567397,0.012514876470383287,3880881,3869516,3591440,4158957,0.8635434316825108,0.0013210116131395792,,,,,,,,,
density-s-pg250-draw44,density,s-pg250,raw/density-s-pg250-draw44/measurements.json,teacher_topk,sampled_pg_draw1,1e-05,0.7743929638455833,0.933198628567397,0.012514876470383287,888719,885863,820424,954158,0.8598408230083487,0.0003107782539638946,,,,,,,,,
density-s-pg250-draw44,density,s-pg250,raw/density-s-pg250-draw44/measurements.json,teacher_topk,sampled_pg_draw2,0.0,0.7743672664336998,0.9331772062926901,0.01251712459430506,3880881,3869637,3591410,4159108,0.8635048669089622,0.0013210356619779765,,,,,,,,,
density-s-pg250-draw44,density,s-pg250,raw/density-s-pg250-draw44/measurements.json,teacher_topk,sampled_pg_draw2,1e-05,0.7743672664336998,0.9331772062926901,0.01251712459430506,888719,885884,820414,954189,0.8598024081183078,0.0003107825931265367,,,,,,,,,
density-s-pg250-draw44,density,s-pg250,raw/density-s-pg250-draw44/measurements.json,teacher_topk,sampled_pg_draw3,0.0,0.7746594140321832,0.9332071499858373,0.01251431873676493,3880881,3869597,3591587,4158891,0.8635924817457347,0.001321025717609007,,,,,,,,,
density-s-pg250-draw44,density,s-pg250,raw/density-s-pg250-draw44/measurements.json,teacher_topk,sampled_pg_draw3,1e-05,0.7746594140321832,0.9332071499858373,0.01251431873676493,888719,885896,820468,954147,0.8598968502756913,0.00031078388302892117,,,,,,,,,
density-s-pg250-draw44,density,s-pg250,raw/density-s-pg250-draw44/measurements.json,full_vocab,sampled_pg_draw1,0.0,0.20069655122874877,0.8757269879013572,0.017080366780207842,3888613,3869516,3358481,4399648,0.7633522045399995,0.001321835407737716,,,,,,,,,
density-s-pg250-draw44,density,s-pg250,raw/density-s-pg250-draw44/measurements.json,full_vocab,sampled_pg_draw1,1e-05,0.20069655122874877,0.8757269879013572,0.017080366780207842,890890,885863,763908,1012845,0.7542200435407195,0.0003110881295042387,,,,,,,,,
density-s-pg250-draw44,density,s-pg250,raw/density-s-pg250-draw44/measurements.json,full_vocab,sampled_pg_draw2,0.0,0.20054163388554336,0.8757111662354241,0.017081784818243937,3888613,3869637,3358408,4399842,0.7633019549338362,0.0013218592062784814,,,,,,,,,
density-s-pg250-draw44,density,s-pg250,raw/density-s-pg250-draw44/measurements.json,full_vocab,sampled_pg_draw2,1e-05,0.20054163388554336,0.8757111662354241,0.017081784818243937,890890,885884,763884,1012890,0.7541628409797707,0.00031109243561702494,,,,,,,,,
density-s-pg250-draw44,density,s-pg250,raw/density-s-pg250-draw44/measurements.json,full_vocab,sampled_pg_draw3,0.0,0.20109973544716955,0.8757422338096491,0.01707964833364294,3888613,3869597,3358577,4399633,0.7633766270959419,0.0013218493244814076,,,,,,,,,
density-s-pg250-draw44,density,s-pg250,raw/density-s-pg250-draw44/measurements.json,full_vocab,sampled_pg_draw3,1e-05,0.20109973544716955,0.8757422338096491,0.01707964833364294,890890,885896,763943,1012843,0.7542560890483521,0.0003110937060395992,,,,,,,,,
density-s-pg250-draw44,density,s-pg250,raw/density-s-pg250-draw44/measurements.json,sampled_pg_draw1,sampled_pg_draw2,0.0,0.9999481636384704,0.9992296273883479,0.001342673656815651,3869516,3869637,3866339,3872814,0.9983280890845778,0.0013192424373360053,,,,,,,,,
density-s-pg250-draw44,density,s-pg250,raw/density-s-pg250-draw44/measurements.json,sampled_pg_draw1,sampled_pg_draw2,1e-05,0.9999481636384704,0.9992296273883479,0.001342673656815651,885863,885884,885130,886617,0.9983228383845562,0.0003103428297434366,,,,,,,,,
density-s-pg250-draw44,density,s-pg250,raw/density-s-pg250-draw44/measurements.json,sampled_pg_draw1,sampled_pg_draw3,0.0,0.9999532417367453,0.9992757413570019,0.0013018677428498254,3869516,3869597,3866401,3872712,0.9983703926344123,0.0013192324221179361,,,,,,,,,
density-s-pg250-draw44,density,s-pg250,raw/density-s-pg250-draw44/measurements.json,sampled_pg_draw1,sampled_pg_draw3,1e-05,0.9999532417367453,0.9992757413570019,0.0013018677428498254,885863,885896,885175,886584,0.9984107540853433,0.0003103440632214146,,,,,,,,,
density-s-pg250-draw44,density,s-pg250,raw/density-s-pg250-draw44/measurements.json,sampled_pg_draw2,sampled_pg_draw3,0.0,0.9999506345033344,0.9992166235708531,0.001353984425063036,3869637,3869597,3866434,3872800,0.9983562280520554,0.0013192565971011769,,,,,,,,,
density-s-pg250-draw44,density,s-pg250,raw/density-s-pg250-draw44/measurements.json,sampled_pg_draw2,sampled_pg_draw3,1e-05,0.9999506345033344,0.9992166235708531,0.001353984425063036,885884,885896,885145,886635,0.9983194888539252,0.0003103484239544668,,,,,,,,,
density-s-pg250-draw45,density,s-pg250,raw/density-s-pg250-draw45/measurements.json,zero_gradient,sampled_pg,0.0,,0.9160494408467995,0.013922149698924595,3751008,3812065,3457154,4105919,0.8419927426722251,0.0012879552260931326,,,,,,,,,
density-s-pg250-draw45,density,s-pg250,raw/density-s-pg250-draw45/measurements.json,zero_gradient,sampled_pg,1e-05,,0.9160494408467995,0.013922149698924595,858813,873826,787782,944857,0.8337579125730137,0.000303421384466605,,,,,,,,,
density-s-pg250-draw45,density,s-pg250,raw/density-s-pg250-draw45/measurements.json,zero_gradient,student_topk,0.0,,0.910490129596939,0.014431445231497251,3751008,3858525,3452923,4156610,0.8307065132403569,0.0012958429525481397,,,,,,,,,
density-s-pg250-draw45,density,s-pg250,raw/density-s-pg250-draw45/measurements.json,zero_gradient,student_topk,1e-05,,0.910490129596939,0.014431445231497251,858813,886321,787567,957567,0.8224667307875062,0.0003055465637599635,,,,,,,,,
density-s-pg250-draw45,density,s-pg250,raw/density-s-pg250-draw45/measurements.json,zero_gradient,topk_intersection,0.0,,0.9109686863076022,0.014391295848285092,3751008,3856783,3454208,4153583,0.8316212773405515,0.0012955268135485406,,,,,,,,,
density-s-pg250-draw45,density,s-pg250,raw/density-s-pg250-draw45/measurements.json,zero_gradient,topk_intersection,1e-05,,0.9109686863076022,0.014391295848285092,858813,885889,787872,956830,0.8234189981501416,0.0003054695865437131,,,,,,,,,
density-s-pg250-draw45,density,s-pg250,raw/density-s-pg250-draw45/measurements.json,zero_gradient,teacher_topk,0.0,,0.9110001601234264,0.014388564253354144,3751008,3856677,3454164,4153521,0.8316230976080294,0.0012955105093838018,,,,,,,,,
density-s-pg250-draw45,density,s-pg250,raw/density-s-pg250-draw45/measurements.json,zero_gradient,teacher_topk,1e-05,,0.9110001601234264,0.014388564253354144,858813,885823,787857,956779,0.8234472119475866,0.0003054589957201552,,,,,,,,,
density-s-pg250-draw45,density,s-pg250,raw/density-s-pg250-draw45/measurements.json,zero_gradient,full_vocab,0.0,,0.9104555961466849,0.014434643568117805,3751008,3858759,3453119,4156648,0.8307460723159623,0.0012958810407049035,,,,,,,,,
density-s-pg250-draw45,density,s-pg250,raw/density-s-pg250-draw45/measurements.json,zero_gradient,full_vocab,1e-05,,0.9104555961466849,0.014434643568117805,858813,886349,787572,957590,0.8224521977046544,0.00030555173821875657,,,,,,,,,
density-s-pg250-draw45,density,s-pg250,raw/density-s-pg250-draw45/measurements.json,zero_gradient,sampled_pg_draw1,0.0,,0.9163270222478673,0.013933733784314128,3751008,3837739,3467896,4120851,0.8415485053936674,0.0012919338288784345,,,,,,,,,
density-s-pg250-draw45,density,s-pg250,raw/density-s-pg250-draw45/measurements.json,zero_gradient,sampled_pg_draw1,1e-05,,0.9163270222478673,0.013933733784314128,858813,880559,790802,948570,0.8336780627681668,0.00030444472427319384,,,,,,,,,
density-s-pg250-draw45,density,s-pg250,raw/density-s-pg250-draw45/measurements.json,zero_gradient,sampled_pg_draw2,0.0,,0.9156428840123348,0.013958845182798055,3751008,3817247,3456223,4112032,0.8405146166177695,0.001288498813060332,,,,,,,,,
density-s-pg250-draw45,density,s-pg250,raw/density-s-pg250-draw45/measurements.json,zero_gradient,sampled_pg_draw2,1e-05,,0.9156428840123348,0.013958845182798055,858813,874575,787491,945897,0.8325335633795223,0.0003034316423290176,,,,,,,,,
density-s-pg250-draw45,density,s-pg250,raw/density-s-pg250-draw45/measurements.json,zero_gradient,sampled_pg_draw3,0.0,,0.9162932975105538,0.013887532990704072,3751008,3802791,3450007,4103792,0.8406875884547755,0.0012859849236482345,,,,,,,,,
density-s-pg250-draw45,density,s-pg250,raw/density-s-pg250-draw45/measurements.json,zero_gradient,sampled_pg_draw3,1e-05,,0.9162932975105538,0.013887532990704072,858813,870785,786069,943529,0.8331158872700256,0.00030275404976437727,,,,,,,,,
density-s-pg250-draw45,density,s-pg250,raw/density-s-pg250-draw45/measurements.json,sampled_pg,student_topk,0.0,0.34339623164136135,0.9033816171549739,0.015036465738957987,3812065,3858525,3455406,4215184,0.8197521152101546,0.0013071923575635723,,,,,,,,,
density-s-pg250-draw45,density,s-pg250,raw/density-s-pg250-draw45/measurements.json,sampled_pg,student_topk,1e-05,0.34339623164136135,0.9033816171549739,0.015036465738957987,873826,886321,788005,972142,0.8105863135220986,0.0003083997678434895,,,,,,,,,
density-s-pg250-draw45,density,s-pg250,raw/density-s-pg250-draw45/measurements.json,sampled_pg,topk_intersection,0.0,0.3550082248325165,0.9044842694027746,0.014948930535734064,3812065,3856783,3459158,4209690,0.8217132377918565,0.0013068699590712868,,,,,,,,,
density-s-pg250-draw45,density,s-pg250,raw/density-s-pg250-draw45/measurements.json,sampled_pg,topk_intersection,1e-05,0.3550082248325165,0.9044842694027746,0.014948930535734064,873826,885889,788987,970728,0.8127786568431116,0.0003083213301060504,,,,,,,,,
density-s-pg250-draw45,density,s-pg250,raw/density-s-pg250-draw45/measurements.json,sampled_pg,teacher_topk,0.0,0.35562867326732966,0.9045388929765753,0.014944472362748963,3812065,3856677,3459250,4209492,0.8217737437201449,0.0013068540840041776,,,,,,,,,
density-s-pg250-draw45,density,s-pg250,raw/density-s-pg250-draw45/measurements.json,sampled_pg,teacher_topk,1e-05,0.35562867326732966,0.9045388929765753,0.014944472362748963,873826,885823,788987,970662,0.812833921591656,0.00030831078703697173,,,,,,,,,
density-s-pg250-draw45,density,s-pg250,raw/density-s-pg250-draw45/measurements.json,sampled_pg,full_vocab,0.0,0.3440342785149077,0.9034259568845598,0.015033421399529515,3812065,3858759,3455717,4215107,0.8198408723669411,0.001307230671092244,,,,,,,,,
density-s-pg250-draw45,density,s-pg250,raw/density-s-pg250-draw45/measurements.json,sampled_pg,full_vocab,1e-05,0.3440342785149077,0.9034259568845598,0.015033421399529515,873826,886349,788045,972130,0.8106374661825064,0.00030840498499941414,,,,,,,,,
density-s-pg250-draw45,density,s-pg250,raw/density-s-pg250-draw45/measurements.json,sampled_pg,sampled_pg_draw1,0.0,0.24699908652899197,0.8982803277995817,0.015408091563116106,3812065,3837739,3427237,4222567,0.8116477488693489,0.0013031929460259595,,,,,,,,,
density-s-pg250-draw45,density,s-pg250,raw/density-s-pg250-draw45/measurements.json,sampled_pg,sampled_pg_draw1,1e-05,0.24699908652899197,0.8982803277995817,0.015408091563116106,873826,880559,780548,973837,0.8015181185352375,0.0003072741864263055,,,,,,,,,
density-s-pg250-draw45,density,s-pg250,raw/density-s-pg250-draw45/measurements.json,sampled_pg,sampled_pg_draw2,0.0,0.4612741651745889,0.912414520387174,0.014267576785610763,3812065,3817247,3473353,4155959,0.8357524701278333,0.0012997144806811546,,,,,,,,,
density-s-pg250-draw45,density,s-pg250,raw/density-s-pg250-draw45/measurements.json,sampled_pg,sampled_pg_draw2,1e-05,0.4612741651745889,0.912414520387174,0.014267576785610763,873826,874575,791659,956742,0.8274529601501763,0.0003062451507554675,,,,,,,,,
density-s-pg250-draw45,density,s-pg250,raw/density-s-pg250-draw45/measurements.json,sampled_pg,sampled_pg_draw3,0.0,0.2758060192479831,0.8983154959230691,0.015355217787373619,3812065,3802791,3411161,4203695,0.8114672924653192,0.00129716239298001,,,,,,,,,
density-s-pg250-draw45,density,s-pg250,raw/density-s-pg250-draw45/measurements.json,sampled_pg,sampled_pg_draw3,1e-05,0.2758060192479831,0.8983154959230691,0.015355217787373619,873826,870785,776291,968320,0.8016884914077991,0.00030555475021596545,,,,,,,,,
density-s-pg250-draw45,density,s-pg250,raw/density-s-pg250-draw45/measurements.json,student_topk,topk_intersection,0.0,0.9983071920800334,0.9947546956670477,0.0035149658868547234,3858525,3856783,3836380,3878928,0.989030990005486,0.0013150152471123162,,,,,,,,,
density-s-pg250-draw45,density,s-pg250,raw/density-s-pg250-draw45/measurements.json,student_topk,topk_intersection,1e-05,0.9983071920800334,0.9947546956670477,0.0035149658868547234,886321,885889,881026,891184,0.9886016804610496,0.00031052727484719286,,,,,,,,,
density-s-pg250-draw45,density,s-pg250,raw/density-s-pg250-draw45/measurements.json,student_topk,teacher_topk,0.0,0.9983023456748658,0.9947752234824523,0.003508042345113636,3858525,3856677,3836293,3878909,0.9890134055735775,0.0013149990843412218,,,,,,,,,
density-s-pg250-draw45,density,s-pg250,raw/density-s-pg250-draw45/measurements.json,student_topk,teacher_topk,1e-05,0.9983023456748658,0.9947752234824523,0.003508042345113636,886321,885823,880974,891170,0.9885588608234119,0.0003105163509412553,,,,,,,,,
density-s-pg250-draw45,density,s-pg250,raw/density-s-pg250-draw45/measurements.json,student_topk,full_vocab,0.0,0.9999129967511224,0.9988252547619041,0.0016636383965504763,3858525,3858759,3853825,3863459,0.9975063796458045,0.0013153817052659483,,,,,,,,,
density-s-pg250-draw45,density,s-pg250,raw/density-s-pg250-draw45/measurements.json,student_topk,full_vocab,1e-05,0.9999129967511224,0.9988252547619041,0.0016636383965504763,886321,886349,885199,887471,0.9974399163465623,0.00031061286021154597,,,,,,,,,
density-s-pg250-draw45,density,s-pg250,raw/density-s-pg250-draw45/measurements.json,student_topk,sampled_pg_draw1,0.0,0.521079618949262,0.9157421479255445,0.014071891936325399,3858525,3837739,3511066,4185198,0.8389247055933793,0.0013112966696735375,,,,,,,,,
density-s-pg250-draw45,density,s-pg250,raw/density-s-pg250-draw45/measurements.json,student_topk,sampled_pg_draw1,1e-05,0.521079618949262,0.9157421479255445,0.014071891936325399,886321,880559,802005,964875,0.8312009327633113,0.00030946494125940046,,,,,,,,,
density-s-pg250-draw45,density,s-pg250,raw/density-s-pg250-draw45/measurements.json,student_topk,sampled_pg_draw2,0.0,0.4437337811410583,0.9041073814450521,0.014982703259378507,3858525,3817247,3459098,4216674,0.8203380199654988,0.0013077503960962672,,,,,,,,,
density-s-pg250-draw45,density,s-pg250,raw/density-s-pg250-draw45/measurements.json,student_topk,sampled_pg_draw2,1e-05,0.4437337811410583,0.9041073814450521,0.014982703259378507,886321,874575,788509,972387,0.8109003925391846,0.0003084121444630601,,,,,,,,,
density-s-pg250-draw45,density,s-pg250,raw/density-s-pg250-draw45/measurements.json,student_topk,sampled_pg_draw3,0.0,0.4267915164506527,0.8999071335913664,0.015290690894270802,3858525,3802791,3435510,4225806,0.812983369326467,0.0013051384120705508,,,,,,,,,
density-s-pg250-draw45,density,s-pg250,raw/density-s-pg250-draw45/measurements.json,student_topk,sampled_pg_draw3,1e-05,0.4267915164506527,0.8999071335913664,0.015290690894270802,886321,870785,782872,974234,0.8035769640558634,0.0003077022163833936,,,,,,,,,
density-s-pg250-draw45,density,s-pg250,raw/density-s-pg250-draw45/measurements.json,topk_intersection,teacher_topk,0.0,0.9999283094149791,0.9990618584583092,0.0014863578629348187,3856783,3856677,3852527,3860933,0.9978228060419593,0.001314672155600881,,,,,,,,,
density-s-pg250-draw45,density,s-pg250,raw/density-s-pg250-draw45/measurements.json,topk_intersection,teacher_topk,1e-05,0.9999283094149791,0.9990618584583092,0.0014863578629348187,885889,885823,884897,886815,0.9978372039264108,0.00031043636054271833,,,,,,,,,
density-s-pg250-draw45,density,s-pg250,raw/density-s-pg250-draw45/measurements.json,topk_intersection,full_vocab,0.0,0.9983538371371938,0.9947639798595911,0.003511945685432466,3856783,3858759,3836684,3878858,0.9891272121846172,0.0013150544510997489,,,,,,,,,
density-s-pg250-draw45,density,s-pg250,raw/density-s-pg250-draw45/measurements.json,topk_intersection,full_vocab,1e-05,0.9983538371371938,0.9947639798595911,0.003511945685432466,885889,886349,881105,891133,0.9887469098327635,0.00031053268969925845,,,,,,,,,
density-s-pg250-draw45,density,s-pg250,raw/density-s-pg250-draw45/measurements.json,topk_intersection,sampled_pg_draw1,0.0,0.5369597904055982,0.9171964664099933,0.01394857364358085,3856783,3837739,3516312,4178210,0.8415833574664748,0.0013109720454530754,,,,,,,,,
density-s-pg250-draw45,density,s-pg250,raw/density-s-pg250-draw45/measurements.json,topk_intersection,sampled_pg_draw1,1e-05,0.5369597904055982,0.9171964664099933,0.01394857364358085,885889,880559,803301,963147,0.8340377948537451,0.00030938511462517585,,,,,,,,,
density-s-pg250-draw45,density,s-pg250,raw/density-s-pg250-draw45/measurements.json,topk_intersection,sampled_pg_draw2,0.0,0.4731667147253397,0.9068410899465185,0.014766156958876547,3856783,3817247,3468605,4205425,0.8247929757396696,0.0013074281394439913,,,,,,,,,
density-s-pg250-draw45,density,s-pg250,raw/density-s-pg250-draw45/measurements.json,topk_intersection,sampled_pg_draw2,1e-05,0.4731667147253397,0.9068410899465185,0.014766156958876547,885889,874575,790937,969527,0.8157967751284905,0.0003083335125433994,,,,,,,,,
density-s-pg250-draw45,density,s-pg250,raw/density-s-pg250-draw45/measurements.json,topk_intersection,sampled_pg_draw3,0.0,0.439523304470422,0.9014113458347469,0.0151738494900461,3856783,3802791,3440051,4219523,0.8152701146551399,0.0013048184320860652,,,,,,,,,
density-s-pg250-draw45,density,s-pg250,raw/density-s-pg250-draw45/measurements.json,topk_intersection,sampled_pg_draw3,1e-05,0.439523304470422,0.9014113458347469,0.0151738494900461,885889,870785,784059,972615,0.8061350071713884,0.00030762437468196763,,,,,,,,,
density-s-pg250-draw45,density,s-pg250,raw/density-s-pg250-draw45/measurements.json,teacher_topk,full_vocab,0.0,0.9983534782337339,0.9947686048372781,0.003510355853860934,3856677,3858759,3836562,3878874,0.9890916796987992,0.001315038277401352,,,,,,,,,
density-s-pg250-draw45,density,s-pg250,raw/density-s-pg250-draw45/measurements.json,teacher_topk,full_vocab,1e-05,0.9983534782337339,0.9947686048372781,0.003510355853860934,885823,886349,881049,891123,0.988695163293956,0.00031052177043181754,,,,,,,,,
density-s-pg250-draw45,density,s-pg250,raw/density-s-pg250-draw45/measurements.json,teacher_topk,sampled_pg_draw1,0.0,0.5379365932180943,0.9173021355686952,0.013939506156784869,3856677,3837739,3516714,4177702,0.8417819174273321,0.0013109556176823277,,,,,,,,,
density-s-pg250-draw45,density,s-pg250,raw/density-s-pg250-draw45/measurements.json,teacher_topk,sampled_pg_draw1,1e-05,0.5379365932180943,0.9173021355686952,0.013939506156784869,885823,880559,803368,963014,0.8342225554353312,0.000309374272212479,,,,,,,,,
density-s-pg250-draw45,density,s-pg250,raw/density-s-pg250-draw45/measurements.json,teacher_topk,sampled_pg_draw2,0.0,0.47404319026484915,0.9069018867279954,0.014761157522670348,3856677,3817247,3468850,4205074,0.8249200846406032,0.0013074119268572835,,,,,,,,,
density-s-pg250-draw45,density,s-pg250,raw/density-s-pg250-draw45/measurements.json,teacher_topk,sampled_pg_draw2,1e-05,0.47404319026484915,0.9069018867279954,0.014761157522670348,885823,874575,790975,969423,0.8159234926342783,0.0003083228281998194,,,,,,,,,
density-s-pg250-draw45,density,s-pg250,raw/density-s-pg250-draw45/measurements.json,teacher_topk,sampled_pg_draw3,0.0,0.43963410988367446,0.9013985855196587,0.015174641083588809,3856677,3802791,3440055,4219413,0.8152923167274689,0.0013048021636293855,,,,,,,,,
density-s-pg250-draw45,density,s-pg250,raw/density-s-pg250-draw45/measurements.json,teacher_topk,sampled_pg_draw3,1e-05,0.43963410988367446,0.9013985855196587,0.015174641083588809,885823,870785,784025,972583,0.8061265722308533,0.0003076137698283385,,,,,,,,,
density-s-pg250-draw45,density,s-pg250,raw/density-s-pg250-draw45/measurements.json,full_vocab,sampled_pg_draw1,0.0,0.5230460733358298,0.9159532634920405,0.01405461623929673,3858759,3837739,3511800,4184698,0.839200343728508,0.0013113359492904907,,,,,,,,,
density-s-pg250-draw45,density,s-pg250,raw/density-s-pg250-draw45/measurements.json,full_vocab,sampled_pg_draw1,1e-05,0.5230460733358298,0.9159532634920405,0.01405461623929673,886349,880559,802181,964727,0.8315108833898087,0.0003094704288883975,,,,,,,,,
density-s-pg250-draw45,density,s-pg250,raw/density-s-pg250-draw45/measurements.json,full_vocab,sampled_pg_draw2,0.0,0.4457874911292228,0.9042919542052524,0.014968682660231799,3858759,3817247,3459744,4216262,0.8205713971285465,0.001307789063491263,,,,,,,,,
density-s-pg250-draw45,density,s-pg250,raw/density-s-pg250-draw45/measurements.json,full_vocab,sampled_pg_draw2,1e-05,0.4457874911292228,0.9042919542052524,0.014968682660231799,886349,874575,788665,972259,0.8111676004027734,0.0003084173880293927,,,,,,,,,
density-s-pg250-draw45,density,s-pg250,raw/density-s-pg250-draw45/measurements.json,full_vocab,sampled_pg_draw3,0.0,0.42752819452010493,0.8999432852571873,0.015288349176336695,3858759,3802791,3435864,4225686,0.8130902296100562,0.0013051765872176537,,,,,,,,,
density-s-pg250-draw45,density,s-pg250,raw/density-s-pg250-draw45/measurements.json,full_vocab,sampled_pg_draw3,1e-05,0.42752819452010493,0.8999432852571873,0.015288349176336695,886349,870785,782924,974210,0.8036501370341097,0.0003077072454000131,,,,,,,,,
density-s-pg250-draw45,density,s-pg250,raw/density-s-pg250-draw45/measurements.json,sampled_pg_draw1,sampled_pg_draw2,0.0,0.8122413722839206,0.9437894773559508,0.011456540421572205,3837739,3817247,3606797,4048189,0.8909655650958984,0.0013037726992759255,,,,,,,,,
density-s-pg250-draw45,density,s-pg250,raw/density-s-pg250-draw45/measurements.json,sampled_pg_draw1,sampled_pg_draw2,1e-05,0.8122413722839206,0.9437894773559508,0.011456540421572205,880559,874575,824250,930884,0.8854486702961916,0.00030729262140455517,,,,,,,,,
density-s-pg250-draw45,density,s-pg250,raw/density-s-pg250-draw45/measurements.json,sampled_pg_draw1,sampled_pg_draw3,0.0,0.17422435088579427,0.8898721631845892,0.016017411042361263,3837739,3802791,3389587,4250943,0.7973729593645457,0.0013011760138290265,,,,,,,,,
density-s-pg250-draw45,density,s-pg250,raw/density-s-pg250-draw45/measurements.json,sampled_pg_draw1,sampled_pg_draw3,1e-05,0.17422435088579427,0.8898721631845892,0.016017411042361263,880559,870785,770950,980394,0.7863675216290593,0.00030658556065093275,,,,,,,,,
density-s-pg250-draw45,density,s-pg250,raw/density-s-pg250-draw45/measurements.json,sampled_pg_draw2,sampled_pg_draw3,0.0,0.5170427620181658,0.9174384560958594,0.013839110188963156,3817247,3802791,3486233,4133805,0.8433472309409854,0.0012977122391259106,,,,,,,,,
density-s-pg250-draw45,density,s-pg250,raw/density-s-pg250-draw45/measurements.json,sampled_pg_draw2,sampled_pg_draw3,1e-05,0.5170427620181658,0.9174384560958594,0.013839110188963156,874575,870785,794682,950678,0.8359107920873313,0.00030556442171068507,,,,,,,,,
density-m-i64dr250-draw42,density,m-i64dr250,raw/density-m-i64dr250-draw42/measurements.json,zero_gradient,sampled_pg,0.0,,0.8709094498992862,0.021305027452771488,4291572,4485756,3805644,4971684,0.7654637744474508,0.0013669527535468693,,,,,,,,,
density-m-i64dr250-draw42,density,m-i64dr250,raw/density-m-i64dr250-draw42/measurements.json,zero_gradient,sampled_pg,1e-05,,0.8709094498992862,0.021305027452771488,1071184,1123108,942209,1252083,0.7525132119835506,0.00035070850975700546,,,,,,,,,
density-m-i64dr250-draw42,density,m-i64dr250,raw/density-m-i64dr250-draw42/measurements.json,zero_gradient,student_topk,0.0,,0.8768326877937861,0.020774703131417934,4291572,4459814,3828686,4922700,0.7777613911065065,0.0013634282963387295,,,,,,,,,
density-m-i64dr250-draw42,density,m-i64dr250,raw/density-m-i64dr250-draw42/measurements.json,zero_gradient,student_topk,1e-05,,0.8768326877937861,0.020774703131417934,1071184,1116476,947480,1240180,0.7639858730184328,0.0003497188611537692,,,,,,,,,
density-m-i64dr250-draw42,density,m-i64dr250,raw/density-m-i64dr250-draw42/measurements.json,zero_gradient,topk_intersection,0.0,,0.8770990192297663,0.020748781055699488,4291572,4457305,3830791,4918086,0.7789190754289372,0.0013632520053399157,,,,,,,,,
density-m-i64dr250-draw42,density,m-i64dr250,raw/density-m-i64dr250-draw42/measurements.json,zero_gradient,topk_intersection,1e-05,,0.8770990192297663,0.020748781055699488,1071184,1115792,947762,1239214,0.7648089837590601,0.0003496727525399629,,,,,,,,,
density-m-i64dr250-draw42,density,m-i64dr250,raw/density-m-i64dr250-draw42/measurements.json,zero_gradient,teacher_topk,0.0,,0.8779566967238478,0.020676480717772904,4291572,4456975,3835131,4913416,0.7805427018595616,0.0013632894769372275,,,,,,,,,
density-m-i64dr250-draw42,density,m-i64dr250,raw/density-m-i64dr250-draw42/measurements.json,zero_gradient,teacher_topk,1e-05,,0.8779566967238478,0.020676480717772904,1071184,1115677,948872,1237989,0.7664623837530059,0.00034968925333947226,,,,,,,,,
density-m-i64dr250-draw42,density,m-i64dr250,raw/density-m-i64dr250-draw42/measurements.json,zero_gradient,full_vocab,0.0,,0.8771744128646272,0.02074123749839257,4291572,4457708,3830527,4918753,0.7787597791554078,0.0013631606379178173,,,,,,,,,
density-m-i64dr250-draw42,density,m-i64dr250,raw/density-m-i64dr250-draw42/measurements.json,zero_gradient,full_vocab,1e-05,,0.8771744128646272,0.02074123749839257,1071184,1115572,947833,1238923,0.7650459310223476,0.0003496303041828112,,,,,,,,,
density-m-i64dr250-draw42,density,m-i64dr250,raw/density-m-i64dr250-draw42/measurements.json,zero_gradient,sampled_pg_draw1,0.0,,0.875930924987868,0.020842409956663435,4291572,4460049,3823508,4928113,0.7758563977733465,0.0013632933897762165,,,,,,,,,
density-m-i64dr250-draw42,density,m-i64dr250,raw/density-m-i64dr250-draw42/measurements.json,zero_gradient,sampled_pg_draw1,1e-05,,0.875930924987868,0.020842409956663435,1071184,1115800,946122,1240862,0.762471572181274,0.0003495550643326529,,,,,,,,,
density-m-i64dr250-draw42,density,m-i64dr250,raw/density-m-i64dr250-draw42/measurements.json,zero_gradient,sampled_pg_draw2,0.0,,0.8747348494421642,0.020936715378682167,4291572,4454832,3815732,4930672,0.773876664276188,0.00136212835879511,,,,,,,,,
density-m-i64dr250-draw42,density,m-i64dr250,raw/density-m-i64dr250-draw42/measurements.json,zero_gradient,sampled_pg_draw2,1e-05,,0.8747348494421642,0.020936715378682167,1071184,1114438,944065,1241557,0.7603879644671973,0.0003492480911276003,,,,,,,,,
density-m-i64dr250-draw42,density,m-i64dr250,raw/density-m-i64dr250-draw42/measurements.json,zero_gradient,sampled_pg_draw3,0.0,,0.8873225616608789,0.01984993506847582,4291572,4445332,3845726,4891178,0.7862576254636409,0.0013580898258311205,,,,,,,,,
density-m-i64dr250-draw42,density,m-i64dr250,raw/density-m-i64dr250-draw42/measurements.json,zero_gradient,sampled_pg_draw3,1e-05,,0.8873225616608789,0.01984993506847582,1071184,1111254,954292,1228146,0.7770183675230795,0.0003477231246114065,,,,,,,,,
density-m-i64dr250-draw42,density,m-i64dr250,raw/density-m-i64dr250-draw42/measurements.json,sampled_pg,student_topk,0.0,0.22631820529427055,0.8464157443550182,0.023407584058185982,4485756,4459814,3778224,5167346,0.7311730238308021,0.0013967126610763135,,,,,,,,,
density-m-i64dr250-draw42,density,m-i64dr250,raw/density-m-i64dr250-draw42/measurements.json,sampled_pg,student_topk,1e-05,0.22631820529427055,0.8464157443550182,0.023407584058185982,1123108,1116476,933795,1305789,0.7151193646140379,0.00035891079867443084,,,,,,,,,
density-m-i64dr250-draw42,density,m-i64dr250,raw/density-m-i64dr250-draw42/measurements.json,sampled_pg,topk_intersection,0.0,0.22513785057073837,0.8460916056700294,0.023428867644613206,4485756,4457305,3776266,5166795,0.7308720396299834,0.0013965369799738387,,,,,,,,,
density-m-i64dr250-draw42,density,m-i64dr250,raw/density-m-i64dr250-draw42/measurements.json,sampled_pg,topk_intersection,1e-05,0.22513785057073837,0.8460916056700294,0.023428867644613206,1123108,1115792,933210,1305690,0.7147255474117133,0.0003588641080924256,,,,,,,,,
density-m-i64dr250-draw42,density,m-i64dr250,raw/density-m-i64dr250-draw42/measurements.json,sampled_pg,teacher_topk,0.0,0.22908059803051153,0.8468100738406141,0.023374271661724136,4485756,4456975,3779617,5163114,0.7320421358118376,0.0013965787444115067,,,,,,,,,
density-m-i64dr250-draw42,density,m-i64dr250,raw/density-m-i64dr250-draw42/measurements.json,sampled_pg,teacher_topk,1e-05,0.22908059803051153,0.8468100738406141,0.023374271661724136,1123108,1115677,934134,1304651,0.7160029770413697,0.0003588832594371494,,,,,,,,,
density-m-i64dr250-draw42,density,m-i64dr250,raw/density-m-i64dr250-draw42/measurements.json,sampled_pg,full_vocab,0.0,0.22935340493486445,0.8468274754914159,0.023371634444601573,4485756,4457708,3779573,5163891,0.7319234662389272,0.001396438785246934,,,,,,,,,
density-m-i64dr250-draw42,density,m-i64dr250,raw/density-m-i64dr250-draw42/measurements.json,sampled_pg,full_vocab,1e-05,0.22935340493486445,0.8468274754914159,0.023371634444601573,1123108,1115572,934078,1304602,0.7159869446773806,0.00035882071056394274,,,,,,,,,
density-m-i64dr250-draw42,density,m-i64dr250,raw/density-m-i64dr250-draw42/measurements.json,sampled_pg,sampled_pg_draw1,0.0,0.14461673061059047,0.8367950605419224,0.02412137884104603,4485756,4460049,3736887,5208918,0.7174017713467556,0.0013965558744736747,,,,,,,,,
density-m-i64dr250-draw42,density,m-i64dr250,raw/density-m-i64dr250-draw42/measurements.json,sampled_pg,sampled_pg_draw1,1e-05,0.14461673061059047,0.8367950605419224,0.02412137884104603,1123108,1115800,922021,1316887,0.7001519492560865,0.00035873671729362246,,,,,,,,,
density-m-i64dr250-draw42,density,m-i64dr250,raw/density-m-i64dr250-draw42/measurements.json,sampled_pg,sampled_pg_draw2,0.0,0.14581277723552566,0.8370686267318714,0.02409531104383448,4485756,4454832,3736955,5203633,0.7181434586182385,0.0013953546240269724,,,,,,,,,
density-m-i64dr250-draw42,density,m-i64dr250,raw/density-m-i64dr250-draw42/measurements.json,sampled_pg,sampled_pg_draw2,1e-05,0.14581277723552566,0.8370686267318714,0.02409531104383448,1123108,1114438,921838,1315708,0.7006402636451249,0.00035842013120279627,,,,,,,,,
density-m-i64dr250-draw42,density,m-i64dr250,raw/density-m-i64dr250-draw42/measurements.json,sampled_pg,sampled_pg_draw3,0.0,0.10492099267232002,0.8373062408576979,0.024069438225691978,4485756,4445332,3715877,5215211,0.7125075092839005,0.0013908740458047234,,,,,,,,,
density-m-i64dr250-draw42,density,m-i64dr250,raw/density-m-i64dr250-draw42/measurements.json,sampled_pg,sampled_pg_draw3,1e-05,0.10492099267232002,0.8373062408576979,0.024069438225691978,1123108,1111254,918021,1316341,0.6974036362918119,0.000356756749574709,,,,,,,,,
density-m-i64dr250-draw42,density,m-i64dr250,raw/density-m-i64dr250-draw42/measurements.json,student_topk,topk_intersection,0.0,0.998827121874197,0.9943677980518961,0.00447491609548499,4459814,4457305,4430178,4486941,0.9873492876327101,0.001392861084686877,,,,,,,,,
density-m-i64dr250-draw42,density,m-i64dr250,raw/density-m-i64dr250-draw42/measurements.json,student_topk,topk_intersection,1e-05,0.998827121874197,0.9943677980518961,0.00447491609548499,1116476,1115792,1109013,1123255,0.98732077756164,0.0003578305721483944,,,,,,,,,
density-m-i64dr250-draw42,density,m-i64dr250,raw/density-m-i64dr250-draw42/measurements.json,student_topk,teacher_topk,0.0,0.9958901596385087,0.9895647364007822,0.0060911529166204365,4459814,4456975,4406399,4510390,0.9769441223486217,0.0013929033403076408,,,,,,,,,
density-m-i64dr250-draw42,density,m-i64dr250,raw/density-m-i64dr250-draw42/measurements.json,student_topk,teacher_topk,1e-05,0.9958901596385087,0.9895647364007822,0.0060911529166204365,1116476,1115677,1102952,1129201,0.9767543599412328,0.0003578486455887934,,,,,,,,,
density-m-i64dr250-draw42,density,m-i64dr250,raw/density-m-i64dr250-draw42/measurements.json,student_topk,full_vocab,0.0,0.9944347687775326,0.9877096697356977,0.006610057554943439,4459814,4457708,4397952,4519570,0.9730908028861153,0.0013927625729202048,,,,,,,,,
density-m-i64dr250-draw42,density,m-i64dr250,raw/density-m-i64dr250-draw42/measurements.json,student_topk,full_vocab,1e-05,0.9944347687775326,0.9877096697356977,0.006610057554943439,1116476,1115572,1100699,1131349,0.9729084482330386,0.00035778608038077714,,,,,,,,,
density-m-i64dr250-draw42,density,m-i64dr250,raw/density-m-i64dr250-draw42/measurements.json,student_topk,sampled_pg_draw1,0.0,0.9471834897119166,0.9618100347416014,0.011650216504696437,4459814,4460049,4277366,4642497,0.921350299203209,0.0013928864551386387,,,,,,,,,
density-m-i64dr250-draw42,density,m-i64dr250,raw/density-m-i64dr250-draw42/measurements.json,student_topk,sampled_pg_draw1,1e-05,0.9471834897119166,0.9618100347416014,0.011650216504696437,1116476,1115800,1069137,1163139,0.9191824880775212,0.0003577038128889971,,,,,,,,,
density-m-i64dr250-draw42,density,m-i64dr250,raw/density-m-i64dr250-draw42/measurements.json,student_topk,sampled_pg_draw2,0.0,0.9384205957670521,0.9581553618942358,0.012191962065516449,4459814,4454832,4259110,4655536,0.914848472871867,0.0013916710794411287,,,,,,,,,
density-m-i64dr250-draw42,density,m-i64dr250,raw/density-m-i64dr250-draw42/measurements.json,student_topk,sampled_pg_draw2,1e-05,0.9384205957670521,0.9581553618942358,0.012191962065516449,1116476,1114438,1064106,1166808,0.9119803772343008,0.000357383862613408,,,,,,,,,
density-m-i64dr250-draw42,density,m-i64dr250,raw/density-m-i64dr250-draw42/measurements.json,student_topk,sampled_pg_draw3,0.0,0.4159047106130085,0.8757206523269083,0.021003834559792246,4459814,4445332,3874674,5030472,0.7702406454106095,0.001387276044372958,,,,,,,,,
density-m-i64dr250-draw42,density,m-i64dr250,raw/density-m-i64dr250-draw42/measurements.json,student_topk,sampled_pg_draw3,1e-05,0.4159047106130085,0.8757206523269083,0.021003834559792246,1116476,1111254,961613,1266117,0.7594977399403057,0.00035574809427047654,,,,,,,,,
density-m-i64dr250-draw42,density,m-i64dr250,raw/density-m-i64dr250-draw42/measurements.json,topk_intersection,teacher_topk,0.0,0.9977502384202998,0.99266687189578,0.005105369256783375,4457305,4456975,4421636,4492644,0.9841946078968198,0.001392727551141389,,,,,,,,,
density-m-i64dr250-draw42,density,m-i64dr250,raw/density-m-i64dr250-draw42/measurements.json,topk_intersection,teacher_topk,1e-05,0.9977502384202998,0.99266687189578,0.005105369256783375,1115792,1115677,1106626,1124843,0.9838048509880934,0.00035780157925654257,,,,,,,,,
density-m-i64dr250-draw42,density,m-i64dr250,raw/density-m-i64dr250-draw42/measurements.json,topk_intersection,full_vocab,0.0,0.9942743883606378,0.9882878161804062,0.0064517371495189735,4457305,4457708,4400050,4514963,0.9745484071519523,0.001392585904738277,,,,,,,,,
density-m-i64dr250-draw42,density,m-i64dr250,raw/density-m-i64dr250-draw42/measurements.json,topk_intersection,full_vocab,1e-05,0.9942743883606378,0.9882878161804062,0.0064517371495189735,1115792,1115572,1101148,1130216,0.9742810223886408,0.0003577388595942792,,,,,,,,,
density-m-i64dr250-draw42,density,m-i64dr250,raw/density-m-i64dr250-draw42/measurements.json,topk_intersection,sampled_pg_draw1,0.0,0.9465462088704817,0.961992688939843,0.011620574156512874,4457305,4460049,4277859,4639495,0.9220527234106298,0.0013927071880802775,,,,,,,,,
density-m-i64dr250-draw42,density,m-i64dr250,raw/density-m-i64dr250-draw42/measurements.json,topk_intersection,sampled_pg_draw1,1e-05,0.9465462088704817,0.961992688939843,0.011620574156512874,1115792,1115800,1069171,1162421,0.9197794946925425,0.0003576560057075514,,,,,,,,,
density-m-i64dr250-draw42,density,m-i64dr250,raw/density-m-i64dr250-draw42/measurements.json,topk_intersection,sampled_pg_draw2,0.0,0.9394738618007643,0.9587521977026351,0.01210286233318256,4457305,4454832,4260884,4651253,0.9160722927778816,0.0013914916469925387,,,,,,,,,
density-m-i64dr250-draw42,density,m-i64dr250,raw/density-m-i64dr250-draw42/measurements.json,topk_intersection,sampled_pg_draw2,1e-05,0.9394738618007643,0.9587521977026351,0.01210286233318256,1115792,1114438,1064621,1165609,0.913360312077206,0.0003573361291571101,,,,,,,,,
density-m-i64dr250-draw42,density,m-i64dr250,raw/density-m-i64dr250-draw42/measurements.json,topk_intersection,sampled_pg_draw3,0.0,0.406073633984715,0.8741695817545937,0.02113131660171794,4457305,4445332,3866433,5036204,0.7677276377207913,0.0013870718642298287,,,,,,,,,
density-m-i64dr250-draw42,density,m-i64dr250,raw/density-m-i64dr250-draw42/measurements.json,topk_intersection,sampled_pg_draw3,1e-05,0.406073633984715,0.8741695817545937,0.02113131660171794,1115792,1111254,959467,1267579,0.756928759469824,0.0003556945380592533,,,,,,,,,
density-m-i64dr250-draw42,density,m-i64dr250,raw/density-m-i64dr250-draw42/measurements.json,teacher_topk,full_vocab,0.0,0.9952095563335035,0.9899379404081817,0.005980039852872251,4456975,4457708,4408207,4506476,0.978193825951808,0.0013926289640165223,,,,,,,,,
density-m-i64dr250-draw42,density,m-i64dr250,raw/density-m-i64dr250-draw42/measurements.json,teacher_topk,full_vocab,1e-05,0.9952095563335035,0.9899379404081817,0.005980039852872251,1115677,1115572,1103153,1128096,0.9778892931098062,0.0003577572697979449,,,,,,,,,
density-m-i64dr250-draw42,density,m-i64dr250,raw/density-m-i64dr250-draw42/measurements.json,teacher_topk,sampled_pg_draw1,0.0,0.9442576623566418,0.9613003285939664,0.011726017506288213,4456975,4460049,4274546,4642478,0.9207466357406541,0.0013927482760034767,,,,,,,,,
density-m-i64dr250-draw42,density,m-i64dr250,raw/density-m-i64dr250-draw42/measurements.json,teacher_topk,sampled_pg_draw1,1e-05,0.9442576623566418,0.9613003285939664,0.011726017506288213,1115677,1115800,1068252,1163225,0.9183537148874895,0.000357673839166969,,,,,,,,,
density-m-i64dr250-draw42,density,m-i64dr250,raw/density-m-i64dr250-draw42/measurements.json,teacher_topk,sampled_pg_draw2,0.0,0.9437337168766717,0.9600218649312835,0.01191521674579351,4456975,4454832,4266788,4645019,0.9185727765591486,0.0013915320100233795,,,,,,,,,
density-m-i64dr250-draw42,density,m-i64dr250,raw/density-m-i64dr250-draw42/measurements.json,teacher_topk,sampled_pg_draw2,1e-05,0.9437337168766717,0.9600218649312835,0.01191521674579351,1115677,1114438,1066108,1164007,0.9158948356839779,0.0003573536801933875,,,,,,,,,
density-m-i64dr250-draw42,density,m-i64dr250,raw/density-m-i64dr250-draw42/measurements.json,teacher_topk,sampled_pg_draw3,0.0,0.39934451127744086,0.8734963175656414,0.02118791437416867,4456975,4445332,3862874,5039433,0.7665294885357142,0.001387092796397146,,,,,,,,,
density-m-i64dr250-draw42,density,m-i64dr250,raw/density-m-i64dr250-draw42/measurements.json,teacher_topk,sampled_pg_draw3,1e-05,0.39934451127744086,0.8734963175656414,0.02118791437416867,1115677,1111254,958597,1268334,0.7557922439988205,0.0003557054630177761,,,,,,,,,
density-m-i64dr250-draw42,density,m-i64dr250,raw/density-m-i64dr250-draw42/measurements.json,full_vocab,sampled_pg_draw1,0.0,0.9488784617659618,0.9616472564868247,0.011672664496357931,4457708,4460049,4275980,4641777,0.9211946200776125,0.0013926082905615607,,,,,,,,,
density-m-i64dr250-draw42,density,m-i64dr250,raw/density-m-i64dr250-draw42/measurements.json,full_vocab,sampled_pg_draw1,1e-05,0.9488784617659618,0.9616472564868247,0.011672664496357931,1115572,1115800,1068577,1162795,0.9189728198005668,0.00035761129866896226,,,,,,,,,
density-m-i64dr250-draw42,density,m-i64dr250,raw/density-m-i64dr250-draw42/measurements.json,full_vocab,sampled_pg_draw2,0.0,0.9478508234759951,0.9616651327989572,0.011667083789968847,4457708,4454832,4274000,4638540,0.9214106162714992,0.0013913940654622372,,,,,,,,,
density-m-i64dr250-draw42,density,m-i64dr250,raw/density-m-i64dr250-draw42/measurements.json,full_vocab,sampled_pg_draw2,1e-05,0.9478508234759951,0.9616651327989572,0.011667083789968847,1115572,1114438,1068042,1161968,0.9191664486457458,0.0003572920138745175,,,,,,,,,
density-m-i64dr250-draw42,density,m-i64dr250,raw/density-m-i64dr250-draw42/measurements.json,full_vocab,sampled_pg_draw3,0.0,0.41736929439470055,0.8742576691029564,0.02112283435904721,4457708,4445332,3866441,5036599,0.7676690163342367,0.001386967391652248,,,,,,,,,
density-m-i64dr250-draw42,density,m-i64dr250,raw/density-m-i64dr250-draw42/measurements.json,full_vocab,sampled_pg_draw3,1e-05,0.41736929439470055,0.8742576691029564,0.02112283435904721,1115572,1111254,959398,1267428,0.7569644981805672,0.00035564641305161623,,,,,,,,,
density-m-i64dr250-draw42,density,m-i64dr250,raw/density-m-i64dr250-draw42/measurements.json,sampled_pg_draw1,sampled_pg_draw2,0.0,0.9106462998511401,0.9549073995042688,0.012651811957060692,4460049,4454832,4240294,4674587,0.9070948941585641,0.0013915252546322894,,,,,,,,,
density-m-i64dr250-draw42,density,m-i64dr250,raw/density-m-i64dr250-draw42/measurements.json,sampled_pg_draw1,sampled_pg_draw2,1e-05,0.9106462998511401,0.9549073995042688,0.012651811957060692,1115800,1114438,1059160,1171078,0.9044316433235019,0.00035721195850517504,,,,,,,,,
density-m-i64dr250-draw42,density,m-i64dr250,raw/density-m-i64dr250-draw42/measurements.json,sampled_pg_draw1,sampled_pg_draw3,0.0,0.40829479223378334,0.8741428021176477,0.021129329355190008,4460049,4445332,3865387,5039994,0.7669427781064819,0.0013871870488633,,,,,,,,,
density-m-i64dr250-draw42,density,m-i64dr250,raw/density-m-i64dr250-draw42/measurements.json,sampled_pg_draw1,sampled_pg_draw3,1e-05,0.40829479223378334,0.8741428021176477,0.021129329355190008,1115800,1111254,959015,1268039,0.7562977163951582,0.00035559019569662766,,,,,,,,,
density-m-i64dr250-draw42,density,m-i64dr250,raw/density-m-i64dr250-draw42/measurements.json,sampled_pg_draw2,sampled_pg_draw3,0.0,0.3880425750686042,0.8728398650797797,0.021233098091850876,4454832,4445332,3858485,5041679,0.7653174666614039,0.0013859984412026825,,,,,,,,,
density-m-i64dr250-draw42,density,m-i64dr250,raw/density-m-i64dr250-draw42/measurements.json,sampled_pg_draw2,sampled_pg_draw3,1e-05,0.3880425750686042,0.8728398650797797,0.021233098091850876,1114438,1111254,957100,1268592,0.7544584862587814,0.00035527905323265755,,,,,,,,,
density-m-i64dr250-draw43,density,m-i64dr250,raw/density-m-i64dr250-draw43/measurements.json,zero_gradient,sampled_pg,0.0,,0.8673689463514065,0.021577694862788602,4291572,4469900,3786027,4975445,0.760942388067801,0.0013620157903338978,,,,,,,,,
density-m-i64dr250-draw43,density,m-i64dr250,raw/density-m-i64dr250-draw43/measurements.json,zero_gradient,sampled_pg,1e-05,,0.8673689463514065,0.021577694862788602,1071184,1118970,936937,1253217,0.7476255109849291,0.00034905959498254005,,,,,,,,,
density-m-i64dr250-draw43,density,m-i64dr250,raw/density-m-i64dr250-draw43/measurements.json,zero_gradient,student_topk,0.0,,0.860293844919699,0.02227996039261964,4291572,4527840,3783802,5035610,0.7514088660559495,0.0013706115826177744,,,,,,,,,
density-m-i64dr250-draw43,density,m-i64dr250,raw/density-m-i64dr250-draw43/measurements.json,zero_gradient,student_topk,1e-05,,0.860293844919699,0.02227996039261964,1071184,1137563,937510,1271237,0.7374785346870804,0.00035190756408340254,,,,,,,,,
density-m-i64dr250-draw43,density,m-i64dr250,raw/density-m-i64dr250-draw43/measurements.json,zero_gradient,topk_intersection,0.0,,0.8580449649238194,0.022405015682811554,4291572,4509985,3768486,5033071,0.7487448518012164,0.001370707662441338,,,,,,,,,
density-m-i64dr250-draw43,density,m-i64dr250,raw/density-m-i64dr250-draw43/measurements.json,zero_gradient,topk_intersection,1e-05,,0.8580449649238194,0.022405015682811554,1071184,1131717,932344,1270557,0.7338072986886853,0.00035194916596182653,,,,,,,,,
density-m-i64dr250-draw43,density,m-i64dr250,raw/density-m-i64dr250-draw43/measurements.json,zero_gradient,teacher_topk,0.0,,0.8678339443253333,0.02157195897373914,4291572,4480253,3805585,4966240,0.7662909968104643,0.001366975596012978,,,,,,,,,
density-m-i64dr250-draw43,density,m-i64dr250,raw/density-m-i64dr250-draw43/measurements.json,zero_gradient,teacher_topk,1e-05,,0.8678339443253333,0.02157195897373914,1071184,1123054,941333,1252905,0.751320331549479,0.00035095184830616436,,,,,,,,,
density-m-i64dr250-draw43,density,m-i64dr250,raw/density-m-i64dr250-draw43/measurements.json,zero_gradient,full_vocab,0.0,,0.8756242481587816,0.020838109172594658,4291572,4420031,3809181,4902422,0.7769998176411578,0.0013568476830519982,,,,,,,,,
density-m-i64dr250-draw43,density,m-i64dr250,raw/density-m-i64dr250-draw43/measurements.json,zero_gradient,full_vocab,1e-05,,0.8756242481587816,0.020838109172594658,1071184,1105609,942876,1233917,0.7641324335429368,0.00034791665685942415,,,,,,,,,
density-m-i64dr250-draw43,density,m-i64dr250,raw/density-m-i64dr250-draw43/measurements.json,zero_gradient,sampled_pg_draw1,0.0,,0.8728148726606166,0.021109713349713972,4291572,4439104,3800537,4930139,0.7708782652984023,0.0013567391235916298,,,,,,,,,
density-m-i64dr250-draw43,density,m-i64dr250,raw/density-m-i64dr250-draw43/measurements.json,zero_gradient,sampled_pg_draw1,1e-05,,0.8728148726606166,0.021109713349713972,1071184,1111635,941142,1241677,0.757960403551004,0.00034771508007596893,,,,,,,,,
density-m-i64dr250-draw43,density,m-i64dr250,raw/density-m-i64dr250-draw43/measurements.json,zero_gradient,sampled_pg_draw2,0.0,,0.8733101754706384,0.021016640808237782,4291572,4419978,3797242,4914308,0.7726910889590152,0.001353242377351074,,,,,,,,,
density-m-i64dr250-draw43,density,m-i64dr250,raw/density-m-i64dr250-draw43/measurements.json,zero_gradient,sampled_pg_draw2,1e-05,,0.8733101754706384,0.021016640808237782,1071184,1104695,939594,1236285,0.7600140744245866,0.0003464489131643119,,,,,,,,,
density-m-i64dr250-draw43,density,m-i64dr250,raw/density-m-i64dr250-draw43/measurements.json,zero_gradient,sampled_pg_draw3,0.0,,0.873441986963469,0.021113223780926543,4291572,4472883,3817255,4947200,0.7715990863518758,0.0013614813422684875,,,,,,,,,
density-m-i64dr250-draw43,density,m-i64dr250,raw/density-m-i64dr250-draw43/measurements.json,zero_gradient,sampled_pg_draw3,1e-05,,0.873441986963469,0.021113223780926543,1071184,1121545,946278,1246451,0.7591778577737913,0.0003492403383185336,,,,,,,,,
density-m-i64dr250-draw43,density,m-i64dr250,raw/density-m-i64dr250-draw43/measurements.json,sampled_pg,student_topk,0.0,0.3410907048706743,0.8519141112302945,0.023112338422461014,4469900,4527840,3823773,5173967,0.7390408558848559,0.001399087087036035,,,,,,,,,
density-m-i64dr250-draw43,density,m-i64dr250,raw/density-m-i64dr250-draw43/measurements.json,sampled_pg,student_topk,1e-05,0.3410907048706743,0.8519141112302945,0.023112338422461014,1118970,1137563,947888,1308645,0.7243278352800033,0.000359504982611435,,,,,,,,,
density-m-i64dr250-draw43,density,m-i64dr250,raw/density-m-i64dr250-draw43/measurements.json,sampled_pg,topk_intersection,0.0,0.3451240404877864,0.8478778747076812,0.023375685084081832,4469900,4509985,3799253,5180632,0.7333570498734517,0.0013990962077904923,,,,,,,,,
density-m-i64dr250-draw43,density,m-i64dr250,raw/density-m-i64dr250-draw43/measurements.json,sampled_pg,topk_intersection,1e-05,0.3451240404877864,0.8478778747076812,0.023375685084081832,1118970,1131717,940606,1310081,0.7179754534261622,0.000359511056155578,,,,,,,,,
density-m-i64dr250-draw43,density,m-i64dr250,raw/density-m-i64dr250-draw43/measurements.json,sampled_pg,teacher_topk,0.0,0.3255724501565332,0.8465825499471225,0.023428629667639676,4469900,4480253,3784804,5165349,0.7327295793565933,0.0013951263878262518,,,,,,,,,
density-m-i64dr250-draw43,density,m-i64dr250,raw/density-m-i64dr250-draw43/measurements.json,sampled_pg,teacher_topk,1e-05,0.3255724501565332,0.8465825499471225,0.023428629667639676,1118970,1123054,936172,1305852,0.7169051316688262,0.0003584446597910694,,,,,,,,,
density-m-i64dr250-draw43,density,m-i64dr250,raw/density-m-i64dr250-draw43/measurements.json,sampled_pg,full_vocab,0.0,0.35470677302579734,0.8563454960835127,0.022585979227137672,4469900,4420031,3800594,5089337,0.7467758570517142,0.00138465463520763,,,,,,,,,
density-m-i64dr250-draw43,density,m-i64dr250,raw/density-m-i64dr250-draw43/measurements.json,sampled_pg,full_vocab,1e-05,0.35470677302579734,0.8563454960835127,0.022585979227137672,1118970,1105609,940366,1284213,0.7322508026316507,0.00035529914322704123,,,,,,,,,
density-m-i64dr250-draw43,density,m-i64dr250,raw/density-m-i64dr250-draw43/measurements.json,sampled_pg,sampled_pg_draw1,0.0,0.09063775291383361,0.8241558408978542,0.025027958469370965,4469900,4439104,3662278,5246726,0.6980120555180507,0.0013846986625275176,,,,,,,,,
density-m-i64dr250-draw43,density,m-i64dr250,raw/density-m-i64dr250-draw43/measurements.json,sampled_pg,sampled_pg_draw1,1e-05,0.09063775291383361,0.8241558408978542,0.025027958469370965,1118970,1111635,901974,1328631,0.6788747214237814,0.00035514950759611875,,,,,,,,,
density-m-i64dr250-draw43,density,m-i64dr250,raw/density-m-i64dr250-draw43/measurements.json,sampled_pg,sampled_pg_draw2,0.0,0.24857382648583057,0.8545935264791945,0.022709694051471538,4469900,4419978,3795882,5093996,0.7451678407285753,0.0013810562322807628,,,,,,,,,
density-m-i64dr250-draw43,density,m-i64dr250,raw/density-m-i64dr250-draw43/measurements.json,sampled_pg,sampled_pg_draw2,1e-05,0.24857382648583057,0.8545935264791945,0.022709694051471538,1118970,1104695,937816,1285849,0.7293360262363622,0.0003538277954881749,,,,,,,,,
density-m-i64dr250-draw43,density,m-i64dr250,raw/density-m-i64dr250-draw43/measurements.json,sampled_pg,sampled_pg_draw3,0.0,0.04772649072727716,0.8293491661875737,0.024712716127204066,4469900,4472883,3700177,5242606,0.7057896397326062,0.0013896493614468542,,,,,,,,,
density-m-i64dr250-draw43,density,m-i64dr250,raw/density-m-i64dr250-draw43/measurements.json,sampled_pg,sampled_pg_draw3,1e-05,0.04772649072727716,0.8293491661875737,0.024712716127204066,1118970,1121545,913056,1327459,0.6878223734217027,0.0003567406621982317,,,,,,,,,
density-m-i64dr250-draw43,density,m-i64dr250,raw/density-m-i64dr250-draw43/measurements.json,student_topk,topk_intersection,0.0,0.8855655727064372,0.9423856128490918,0.014461130872905485,4527840,4509985,4249353,4788472,0.8874131455712804,0.0014081869053976413,,,,,,,,,
density-m-i64dr250-draw43,density,m-i64dr250,raw/density-m-i64dr250-draw43/measurements.json,student_topk,topk_intersection,1e-05,0.8855655727064372,0.9423856128490918,0.014461130872905485,1137563,1131717,1064447,1204833,0.883480947152012,0.0003625391602259793,,,,,,,,,
density-m-i64dr250-draw43,density,m-i64dr250,raw/density-m-i64dr250-draw43/measurements.json,student_topk,teacher_topk,0.0,0.7712893643656406,0.9161143490351756,0.017417916511833925,4527840,4480253,4115795,4892298,0.8412805188890783,0.001404157971285025,,,,,,,,,
density-m-i64dr250-draw43,density,m-i64dr250,raw/density-m-i64dr250-draw43/measurements.json,student_topk,teacher_topk,1e-05,0.7712893643656406,0.9161143490351756,0.017417916511833925,1137563,1123054,1028452,1232165,0.8346706812805104,0.00036145032298182654,,,,,,,,,
density-m-i64dr250-draw43,density,m-i64dr250,raw/density-m-i64dr250-draw43/measurements.json,student_topk,full_vocab,0.0,0.47513239727018297,0.8858145660316766,0.02025162385766874,4527840,4420031,3951969,4995902,0.7910421381364167,0.0013935241399710176,,,,,,,,,
density-m-i64dr250-draw43,density,m-i64dr250,raw/density-m-i64dr250-draw43/measurements.json,student_topk,full_vocab,1e-05,0.47513239727018297,0.8858145660316766,0.02025162385766874,1137563,1105609,983466,1259706,0.7807107372672671,0.00035824394945661246,,,,,,,,,
density-m-i64dr250-draw43,density,m-i64dr250,raw/density-m-i64dr250-draw43/measurements.json,student_topk,sampled_pg_draw1,0.0,0.09148627023211182,0.8191430039920566,0.02552022928052986,4527840,4439104,3662750,5304194,0.6905384682385297,0.0013935437523951819,,,,,,,,,
density-m-i64dr250-draw43,density,m-i64dr250,raw/density-m-i64dr250-draw43/measurements.json,student_topk,sampled_pg_draw1,1e-05,0.09148627023211182,0.8191430039920566,0.02552022928052986,1137563,1111635,903589,1345609,0.6715093314625571,0.0003580900823688137,,,,,,,,,
density-m-i64dr250-draw43,density,m-i64dr250,raw/density-m-i64dr250-draw43/measurements.json,student_topk,sampled_pg_draw2,0.0,0.186614013609487,0.835638002326925,0.024279660348994123,4527840,4419978,3734649,5213169,0.7163874794774541,0.0013898459949220605,,,,,,,,,
density-m-i64dr250-draw43,density,m-i64dr250,raw/density-m-i64dr250-draw43/measurements.json,student_topk,sampled_pg_draw2,1e-05,0.186614013609487,0.835638002326925,0.024279660348994123,1137563,1104695,922910,1319348,0.6995197627919245,0.0003567453300280497,,,,,,,,,
density-m-i64dr250-draw43,density,m-i64dr250,raw/density-m-i64dr250-draw43/measurements.json,student_topk,sampled_pg_draw3,0.0,0.12425157659439368,0.8258548406334035,0.02509693595962009,4527840,4472883,3710507,5290216,0.7013904536223096,0.001398559134362529,,,,,,,,,
density-m-i64dr250-draw43,density,m-i64dr250,raw/density-m-i64dr250-draw43/measurements.json,student_topk,sampled_pg_draw3,1e-05,0.12425157659439368,0.8258548406334035,0.02509693595962009,1137563,1121545,917027,1342081,0.6832873723717123,0.0003597091556704531,,,,,,,,,
density-m-i64dr250-draw43,density,m-i64dr250,raw/density-m-i64dr250-draw43/measurements.json,topk_intersection,teacher_topk,0.0,0.9133140981263682,0.9476291675762867,0.013733447401048305,4509985,4480253,4248674,4741564,0.8960490673541472,0.0014043748920667951,,,,,,,,,
density-m-i64dr250-draw43,density,m-i64dr250,raw/density-m-i64dr250-draw43/measurements.json,topk_intersection,teacher_topk,1e-05,0.9133140981263682,0.9476291675762867,0.013733447401048305,1131717,1123054,1063255,1191516,0.8923547816395248,0.00036151630165135633,,,,,,,,,
density-m-i64dr250-draw43,density,m-i64dr250,raw/density-m-i64dr250-draw43/measurements.json,topk_intersection,full_vocab,0.0,0.5003092522896325,0.8877808444986409,0.020031785820549937,4509985,4420031,3952565,4977451,0.7940942060504463,0.0013936320477136287,,,,,,,,,
density-m-i64dr250-draw43,density,m-i64dr250,raw/density-m-i64dr250-draw43/measurements.json,topk_intersection,full_vocab,1e-05,0.5003092522896325,0.8877808444986409,0.020031785820549937,1131717,1105609,983044,1254282,0.7837503846822326,0.0003582828622663964,,,,,,,,,
density-m-i64dr250-draw43,density,m-i64dr250,raw/density-m-i64dr250-draw43/measurements.json,topk_intersection,sampled_pg_draw1,0.0,0.04769280291943734,0.8111549407020509,0.02602259036122136,4509985,4439104,3623757,5325332,0.6804753205997297,0.001393527165310501,,,,,,,,,
density-m-i64dr250-draw43,density,m-i64dr250,raw/density-m-i64dr250-draw43/measurements.json,topk_intersection,sampled_pg_draw1,1e-05,0.04769280291943734,0.8111549407020509,0.02602259036122136,1131717,1111635,892076,1351276,0.6601730512493377,0.00035808763013515563,,,,,,,,,
density-m-i64dr250-draw43,density,m-i64dr250,raw/density-m-i64dr250-draw43/measurements.json,topk_intersection,sampled_pg_draw2,0.0,0.201849428632385,0.8319943927686682,0.024493764603444053,4509985,4419978,3712640,5217323,0.711598649345651,0.0013898301037288732,,,,,,,,,
density-m-i64dr250-draw43,density,m-i64dr250,raw/density-m-i64dr250-draw43/measurements.json,topk_intersection,sampled_pg_draw2,1e-05,0.201849428632385,0.8319943927686682,0.024493764603444053,1131717,1104695,916320,1320092,0.6941334391845417,0.00035674327228004776,,,,,,,,,
density-m-i64dr250-draw43,density,m-i64dr250,raw/density-m-i64dr250-draw43/measurements.json,topk_intersection,sampled_pg_draw3,0.0,0.15727788989149777,0.8252458449067688,0.02508894110226692,4509985,4472883,3703946,5278922,0.7016481774119792,0.0013985388334674291,,,,,,,,,
density-m-i64dr250-draw43,density,m-i64dr250,raw/density-m-i64dr250-draw43/measurements.json,topk_intersection,sampled_pg_draw3,1e-05,0.15727788989149777,0.8252458449067688,0.02508894110226692,1131717,1121545,914825,1338437,0.6835024734074148,0.00035970804641888233,,,,,,,,,
density-m-i64dr250-draw43,density,m-i64dr250,raw/density-m-i64dr250-draw43/measurements.json,teacher_topk,full_vocab,0.0,0.581942322287567,0.8932309058066435,0.019498781969211593,4480253,4420031,3968392,4931892,0.8046388688154567,0.001389747959060041,,,,,,,,,
density-m-i64dr250-draw43,density,m-i64dr250,raw/density-m-i64dr250-draw43/measurements.json,teacher_topk,full_vocab,1e-05,0.581942322287567,0.8932309058066435,0.019498781969211593,1123054,1105609,986752,1241911,0.7945432482681931,0.0003572415170152921,,,,,,,,,
density-m-i64dr250-draw43,density,m-i64dr250,raw/density-m-i64dr250-draw43/measurements.json,teacher_topk,sampled_pg_draw1,0.0,0.09641155546065863,0.8157412276168396,0.025653733144691767,4480253,4439104,3637651,5281706,0.6887265213171653,0.0013895688335079078,,,,,,,,,
density-m-i64dr250-draw43,density,m-i64dr250,raw/density-m-i64dr250-draw43/measurements.json,teacher_topk,sampled_pg_draw1,1e-05,0.09641155546065863,0.8157412276168396,0.025653733144691767,1123054,1111635,895510,1339179,0.6687007487423264,0.00035702239740781436,,,,,,,,,
density-m-i64dr250-draw43,density,m-i64dr250,raw/density-m-i64dr250-draw43/measurements.json,teacher_topk,sampled_pg_draw2,0.0,0.19303919709357578,0.8308431344153091,0.024527374476922704,4480253,4419978,3701217,5199014,0.7119074886122638,0.0013859176731198962,,,,,,,,,
density-m-i64dr250-draw43,density,m-i64dr250,raw/density-m-i64dr250-draw43/measurements.json,teacher_topk,sampled_pg_draw2,1e-05,0.19303919709357578,0.8308431344153091,0.024527374476922704,1123054,1104695,912457,1315292,0.6937296052891677,0.00035569293876707147,,,,,,,,,
density-m-i64dr250-draw43,density,m-i64dr250,raw/density-m-i64dr250-draw43/measurements.json,teacher_topk,sampled_pg_draw3,0.0,0.18881059666939634,0.8282076964225069,0.02482725481232375,4480253,4472883,3707786,5245350,0.7068710381576062,0.0013945711714116469,,,,,,,,,
density-m-i64dr250-draw43,density,m-i64dr250,raw/density-m-i64dr250-draw43/measurements.json,teacher_topk,sampled_pg_draw3,1e-05,0.18881059666939634,0.8282076964225069,0.02482725481232375,1123054,1121545,915573,1329026,0.6889052584373819,0.00035863777903301114,,,,,,,,,
density-m-i64dr250-draw43,density,m-i64dr250,raw/density-m-i64dr250-draw43/measurements.json,full_vocab,sampled_pg_draw1,0.0,0.4499667259107547,0.8556690187246976,0.022618763517082467,4420031,4439104,3789917,5069218,0.747633461413575,0.001379211464083868,,,,,,,,,
density-m-i64dr250-draw43,density,m-i64dr250,raw/density-m-i64dr250-draw43/measurements.json,full_vocab,sampled_pg_draw1,1e-05,0.4499667259107547,0.8556690187246976,0.022618763517082467,1105609,1111635,937443,1279801,0.7324912232448638,0.0003539131749973536,,,,,,,,,
density-m-i64dr250-draw43,density,m-i64dr250,raw/density-m-i64dr250-draw43/measurements.json,full_vocab,sampled_pg_draw2,0.0,0.4497180164285177,0.856486387502354,0.022504017761244895,4420031,4419978,3781659,5058350,0.7476072236994277,0.0013755930010420558,,,,,,,,,
density-m-i64dr250-draw43,density,m-i64dr250,raw/density-m-i64dr250-draw43/measurements.json,full_vocab,sampled_pg_draw2,1e-05,0.4497180164285177,0.856486387502354,0.022504017761244895,1105609,1104695,935151,1275153,0.7333637610545558,0.0003526018053839337,,,,,,,,,
density-m-i64dr250-draw43,density,m-i64dr250,raw/density-m-i64dr250-draw43/measurements.json,full_vocab,sampled_pg_draw3,0.0,0.1786650909501752,0.8349818074217163,0.02424314855088354,4420031,4472883,3711942,5180972,0.7164566803294826,0.0013840899264088854,,,,,,,,,
density-m-i64dr250-draw43,density,m-i64dr250,raw/density-m-i64dr250-draw43/measurements.json,full_vocab,sampled_pg_draw3,1e-05,0.1786650909501752,0.8349818074217163,0.02424314855088354,1105609,1121545,916666,1310488,0.6994844668550952,0.0003554839594535581,,,,,,,,,
density-m-i64dr250-draw43,density,m-i64dr250,raw/density-m-i64dr250-draw43/measurements.json,sampled_pg_draw1,sampled_pg_draw2,0.0,0.23950813745381658,0.8420924569001415,0.023644295235523395,4439104,4419978,3719924,5139158,0.7238391970046455,0.001375712551061459,,,,,,,,,
density-m-i64dr250-draw43,density,m-i64dr250,raw/density-m-i64dr250-draw43/measurements.json,sampled_pg_draw1,sampled_pg_draw2,1e-05,0.23950813745381658,0.8420924569001415,0.023644295235523395,1111635,1104695,918052,1298278,0.7071305221223806,0.00035247682775086016,,,,,,,,,
density-m-i64dr250-draw43,density,m-i64dr250,raw/density-m-i64dr250-draw43/measurements.json,sampled_pg_draw1,sampled_pg_draw3,0.0,0.08080065143696788,0.836623213149252,0.024159669088829466,4439104,4472883,3719821,5192166,0.7164295209359639,0.0013842494401222769,,,,,,,,,
density-m-i64dr250-draw43,density,m-i64dr250,raw/density-m-i64dr250-draw43/measurements.json,sampled_pg_draw1,sampled_pg_draw3,1e-05,0.08080065143696788,0.836623213149252,0.024159669088829466,1111635,1121545,919030,1314150,0.6993341703762889,0.0003553684951949969,,,,,,,,,
density-m-i64dr250-draw43,density,m-i64dr250,raw/density-m-i64dr250-draw43/measurements.json,sampled_pg_draw2,sampled_pg_draw3,0.0,0.08732438752699685,0.8342778515215561,0.024280462008173923,4419978,4472883,3704616,5188245,0.7140402968633902,0.0013806082323727829,,,,,,,,,
density-m-i64dr250-draw43,density,m-i64dr250,raw/density-m-i64dr250-draw43/measurements.json,sampled_pg_draw2,sampled_pg_draw3,1e-05,0.08732438752699685,0.8342778515215561,0.024280462008173923,1104695,1121545,914166,1312074,0.6967335683810517,0.00035404250126452305,,,,,,,,,
density-m-i64dr250-draw44,density,m-i64dr250,raw/density-m-i64dr250-draw44/measurements.json,zero_gradient,sampled_pg,0.0,,0.8683547293380833,0.02154036022298693,4291572,4480389,3799882,4972079,0.7642440918577521,0.0013663304636837954,,,,,,,,,
density-m-i64dr250-draw44,density,m-i64dr250,raw/density-m-i64dr250-draw44/measurements.json,zero_gradient,sampled_pg,1e-05,,0.8683547293380833,0.02154036022298693,1071184,1123070,940671,1253583,0.7503858938738002,0.00035061168585648355,,,,,,,,,
density-m-i64dr250-draw44,density,m-i64dr250,raw/density-m-i64dr250-draw44/measurements.json,zero_gradient,student_topk,0.0,,0.8668284346782488,0.02172184895280664,4291572,4534891,3802775,5023688,0.7569687846856732,0.0013744278187700371,,,,,,,,,
density-m-i64dr250-draw44,density,m-i64dr250,raw/density-m-i64dr250-draw44/measurements.json,zero_gradient,student_topk,1e-05,,0.8668284346782488,0.02172184895280664,1071184,1137133,942332,1265985,0.7443468919457972,0.0003526104767366254,,,,,,,,,
density-m-i64dr250-draw44,density,m-i64dr250,raw/density-m-i64dr250-draw44/measurements.json,zero_gradient,topk_intersection,0.0,,0.8703105938934577,0.021416771867971952,4291572,4529423,3814569,5006426,0.7619345617013015,0.0013752681812338181,,,,,,,,,
density-m-i64dr250-draw44,density,m-i64dr250,raw/density-m-i64dr250-draw44/measurements.json,zero_gradient,topk_intersection,1e-05,,0.8703105938934577,0.021416771867971952,1071184,1135201,945099,1261286,0.7493137956022663,0.00035281599579663507,,,,,,,,,
density-m-i64dr250-draw44,density,m-i64dr250,raw/density-m-i64dr250-draw44/measurements.json,zero_gradient,teacher_topk,0.0,,0.8724008628120691,0.02121657366500313,4291572,4509860,3814628,4986804,0.7649444413696628,0.00137250517782401,,,,,,,,,
density-m-i64dr250-draw44,density,m-i64dr250,raw/density-m-i64dr250-draw44/measurements.json,zero_gradient,teacher_topk,1e-05,,0.8724008628120691,0.02121657366500313,1071184,1129910,944998,1256096,0.7523294397880417,0.00035209510856661167,,,,,,,,,
density-m-i64dr250-draw44,density,m-i64dr250,raw/density-m-i64dr250-draw44/measurements.json,zero_gradient,full_vocab,0.0,,0.864048668766402,0.021822580884793625,4291572,4464829,3762908,4993493,0.7535622859589469,0.001366229389236699,,,,,,,,,
density-m-i64dr250-draw44,density,m-i64dr250,raw/density-m-i64dr250-draw44/measurements.json,zero_gradient,full_vocab,1e-05,,0.864048668766402,0.021822580884793625,1071184,1117561,931358,1257387,0.7407091054703127,0.00035037425925648757,,,,,,,,,
density-m-i64dr250-draw44,density,m-i64dr250,raw/density-m-i64dr250-draw44/measurements.json,zero_gradient,sampled_pg_draw1,0.0,,0.8690934842160187,0.021365125771935056,4291572,4407167,3764030,4934709,0.7627663556250227,0.0013525277242388539,,,,,,,,,
density-m-i64dr250-draw44,density,m-i64dr250,raw/density-m-i64dr250-draw44/measurements.json,zero_gradient,sampled_pg_draw1,1e-05,,0.8690934842160187,0.021365125771935056,1071184,1102201,931571,1241814,0.7501695100876621,0.0003466125865861254,,,,,,,,,
density-m-i64dr250-draw44,density,m-i64dr250,raw/density-m-i64dr250-draw44/measurements.json,zero_gradient,sampled_pg_draw2,0.0,,0.8710324312128979,0.021168904818593973,4291572,4370048,3766365,4895255,0.7693909714611394,0.0013438249245263224,,,,,,,,,
density-m-i64dr250-draw44,density,m-i64dr250,raw/density-m-i64dr250-draw44/measurements.json,zero_gradient,sampled_pg_draw2,1e-05,,0.8710324312128979,0.021168904818593973,1071184,1091770,931377,1231577,0.7562474778272086,0.00034414945729335946,,,,,,,,,
density-m-i64dr250-draw44,density,m-i64dr250,raw/density-m-i64dr250-draw44/measurements.json,zero_gradient,sampled_pg_draw3,0.0,,0.8629406703414334,0.02199271909680581,4291572,4509149,3777793,5022928,0.7521097256420957,0.0013713407884458112,,,,,,,,,
density-m-i64dr250-draw44,density,m-i64dr250,raw/density-m-i64dr250-draw44/measurements.json,zero_gradient,sampled_pg_draw3,1e-05,,0.8629406703414334,0.02199271909680581,1071184,1129920,935384,1265720,0.7390133678854723,0.00035188560294945184,,,,,,,,,
density-m-i64dr250-draw44,density,m-i64dr250,raw/density-m-i64dr250-draw44/measurements.json,sampled_pg,student_topk,0.0,0.5352386441967971,0.870547630045935,0.021617070083415485,4480389,4534891,3912420,5102860,0.766711216847023,0.0014077830344284667,,,,,,,,,
density-m-i64dr250-draw44,density,m-i64dr250,raw/density-m-i64dr250-draw44/measurements.json,sampled_pg,student_topk,1e-05,0.5352386441967971,0.870547630045935,0.021617070083415485,1123070,1137133,971270,1288933,0.7535457622700327,0.00036191803087549956,,,,,,,,,
density-m-i64dr250-draw44,density,m-i64dr250,raw/density-m-i64dr250-draw44/measurements.json,sampled_pg,topk_intersection,0.0,0.5748850668899003,0.8776622603092009,0.02099779835275447,4480389,4529423,3941077,5068735,0.7775267399065052,0.0014086919888318043,,,,,,,,,
density-m-i64dr250-draw44,density,m-i64dr250,raw/density-m-i64dr250-draw44/measurements.json,sampled_pg,topk_intersection,1e-05,0.5748850668899003,0.8776622603092009,0.02099779835275447,1123070,1135201,979252,1279019,0.7656274066296123,0.0003621370988317709,,,,,,,,,
density-m-i64dr250-draw44,density,m-i64dr250,raw/density-m-i64dr250-draw44/measurements.json,sampled_pg,teacher_topk,0.0,0.5613840186276503,0.8751828193092489,0.021186051540748145,4480389,4509860,3919786,5070463,0.7730627360854423,0.0014058291280509597,,,,,,,,,
density-m-i64dr250-draw44,density,m-i64dr250,raw/density-m-i64dr250-draw44/measurements.json,sampled_pg,teacher_topk,1e-05,0.5613840186276503,0.8751828193092489,0.021186051540748145,1123070,1129910,973455,1279525,0.7607940446650124,0.000361388299065245,,,,,,,,,
density-m-i64dr250-draw44,density,m-i64dr250,raw/density-m-i64dr250-draw44/measurements.json,sampled_pg,full_vocab,0.0,0.3779595029576452,0.8495385019401805,0.023190829973222075,4480389,4464829,3792929,5152289,0.7361638681370553,0.0013991892280512794,,,,,,,,,
density-m-i64dr250-draw44,density,m-i64dr250,raw/density-m-i64dr250-draw44/measurements.json,sampled_pg,full_vocab,1e-05,0.3779595029576452,0.8495385019401805,0.023190829973222075,1123070,1117561,938666,1301965,0.7209610089364922,0.00035955455006361526,,,,,,,,,
density-m-i64dr250-draw44,density,m-i64dr250,raw/density-m-i64dr250-draw44/measurements.json,sampled_pg,sampled_pg_draw1,0.0,-0.17795349870748717,0.8036028572962218,0.026442167830738467,4480389,4407167,3565576,5321980,0.6699717022611885,0.0013846614867541553,,,,,,,,,
density-m-i64dr250-draw44,density,m-i64dr250,raw/density-m-i64dr250-draw44/measurements.json,sampled_pg,sampled_pg_draw1,1e-05,-0.17795349870748717,0.8036028572962218,0.026442167830738467,1123070,1102201,875573,1349698,0.6487177131476819,0.0003555583593235295,,,,,,,,,
density-m-i64dr250-draw44,density,m-i64dr250,raw/density-m-i64dr250-draw44/measurements.json,sampled_pg,sampled_pg_draw2,0.0,-0.028092149645077034,0.8123197017215598,0.025808915977382833,4480389,4370048,3595320,5255117,0.6841560330626321,0.0013753095634918477,,,,,,,,,
density-m-i64dr250-draw44,density,m-i64dr250,raw/density-m-i64dr250-draw44/measurements.json,sampled_pg,sampled_pg_draw2,1e-05,-0.028092149645077034,0.8123197017215598,0.025808915977382833,1123070,1091770,883670,1331170,0.6638295634667247,0.00035290796575381905,,,,,,,,,
density-m-i64dr250-draw44,density,m-i64dr250,raw/density-m-i64dr250-draw44/measurements.json,sampled_pg,sampled_pg_draw3,0.0,0.5916867447622489,0.8816783970831827,0.020631588647858204,4480389,4509149,3940458,5049080,0.7804308903800297,0.0014044792407504304,,,,,,,,,
density-m-i64dr250-draw44,density,m-i64dr250,raw/density-m-i64dr250-draw44/measurements.json,sampled_pg,sampled_pg_draw3,1e-05,0.5916867447622489,0.8816783970831827,0.020631588647858204,1123070,1129920,980074,1272916,0.7699439711654186,0.00036113021551976103,,,,,,,,,
density-m-i64dr250-draw44,density,m-i64dr250,raw/density-m-i64dr250-draw44/measurements.json,student_topk,topk_intersection,0.0,0.8768925285062702,0.9413134845866773,0.014575870842505221,4534891,4529423,4260492,4803822,0.8868963088141067,0.0014175763088479843,,,,,,,,,
density-m-i64dr250-draw44,density,m-i64dr250,raw/density-m-i64dr250-draw44/measurements.json,student_topk,topk_intersection,1e-05,0.8768925285062702,0.9413134845866773,0.014575870842505221,1137133,1135201,1064578,1207756,0.8814512202795929,0.0003643526100807873,,,,,,,,,
density-m-i64dr250-draw44,density,m-i64dr250,raw/density-m-i64dr250-draw44/measurements.json,student_topk,teacher_topk,0.0,0.8336729149591322,0.9305853989150161,0.015835602371202167,4534891,4509860,4200851,4843900,0.8672456078779496,0.0014146799167228505,,,,,,,,,
density-m-i64dr250-draw44,density,m-i64dr250,raw/density-m-i64dr250-draw44/measurements.json,student_topk,teacher_topk,1e-05,0.8336729149591322,0.9305853989150161,0.015835602371202167,1137133,1129910,1048736,1218307,0.8608142282692294,0.00036359598142419357,,,,,,,,,
density-m-i64dr250-draw44,density,m-i64dr250,raw/density-m-i64dr250-draw44/measurements.json,student_topk,full_vocab,0.0,0.8226229299935894,0.9326764642037594,0.015552421571999844,4534891,4464829,4191756,4807964,0.8718359788051657,0.0014078987726498092,,,,,,,,,
density-m-i64dr250-draw44,density,m-i64dr250,raw/density-m-i64dr250-draw44/measurements.json,student_topk,full_vocab,1e-05,0.8226229299935894,0.9326764642037594,0.015552421571999844,1137133,1117561,1046451,1208243,0.8660931617232627,0.0003617231179891881,,,,,,,,,
density-m-i64dr250-draw44,density,m-i64dr250,raw/density-m-i64dr250-draw44/measurements.json,student_topk,sampled_pg_draw1,0.0,0.07349885465878783,0.8290803297646928,0.024727207901735694,4534891,4407167,3688596,5253462,0.7021267118711433,0.0013930101657928663,,,,,,,,,
density-m-i64dr250-draw44,density,m-i64dr250,raw/density-m-i64dr250-draw44/measurements.json,student_topk,sampled_pg_draw1,1e-05,0.07349885465878783,0.8290803297646928,0.024727207901735694,1137133,1102201,910744,1328590,0.6854966543478425,0.00035763159323475854,,,,,,,,,
density-m-i64dr250-draw44,density,m-i64dr250,raw/density-m-i64dr250-draw44/measurements.json,student_topk,sampled_pg_draw2,0.0,0.07296769907696811,0.8189410700851654,0.025411475378310434,4534891,4370048,3630569,5274370,0.6883417356006499,0.001383379306159091,,,,,,,,,
density-m-i64dr250-draw44,density,m-i64dr250,raw/density-m-i64dr250-draw44/measurements.json,student_topk,sampled_pg_draw2,1e-05,0.07296769907696811,0.8189410700851654,0.025411475378310434,1137133,1091770,894540,1334363,0.6703872934126621,0.00035490246108317147,,,,,,,,,
density-m-i64dr250-draw44,density,m-i64dr250,raw/density-m-i64dr250-draw44/measurements.json,student_topk,sampled_pg_draw3,0.0,0.4122979351490537,0.8557639470858635,0.02283072333483861,4534891,4509149,3847322,5196718,0.7403368818550478,0.0014131450366466041,,,,,,,,,
density-m-i64dr250-draw44,density,m-i64dr250,raw/density-m-i64dr250-draw44/measurements.json,student_topk,sampled_pg_draw3,1e-05,0.4122979351490537,0.8557639470858635,0.02283072333483861,1137133,1129920,953898,1313155,0.7264169119410885,0.0003632861295753326,,,,,,,,,
density-m-i64dr250-draw44,density,m-i64dr250,raw/density-m-i64dr250-draw44/measurements.json,topk_intersection,teacher_topk,0.0,0.9757106701011591,0.9764607104921701,0.009214396240006527,4529423,4509860,4408505,4630778,0.9520009380713133,0.0014156827604617408,,,,,,,,,
density-m-i64dr250-draw44,density,m-i64dr250,raw/density-m-i64dr250-draw44/measurements.json,topk_intersection,teacher_topk,1e-05,0.9757106701011591,0.9764607104921701,0.009214396240006527,1135201,1129910,1103679,1161432,0.9502743165333829,0.0003638410069881795,,,,,,,,,
density-m-i64dr250-draw44,density,m-i64dr250,raw/density-m-i64dr250-draw44/measurements.json,topk_intersection,full_vocab,0.0,0.7722448827358098,0.9184832243893883,0.017097554217685104,4529423,4464829,4122435,4871817,0.8461801828763272,0.0014088943658116377,,,,,,,,,
density-m-i64dr250-draw44,density,m-i64dr250,raw/density-m-i64dr250-draw44/measurements.json,topk_intersection,full_vocab,1e-05,0.7722448827358098,0.9184832243893883,0.017097554217685104,1135201,1117561,1027780,1224982,0.8390164100370454,0.000361966629465944,,,,,,,,,
density-m-i64dr250-draw44,density,m-i64dr250,raw/density-m-i64dr250-draw44/measurements.json,topk_intersection,sampled_pg_draw1,0.0,0.11126043076524636,0.8306870071695616,0.024590076493890126,4529423,4407167,3694801,5241789,0.7048740420493843,0.0013938532374107861,,,,,,,,,
density-m-i64dr250-draw44,density,m-i64dr250,raw/density-m-i64dr250-draw44/measurements.json,topk_intersection,sampled_pg_draw1,1e-05,0.11126043076524636,0.8306870071695616,0.024590076493890126,1135201,1102201,912575,1324827,0.6888257863102126,0.0003578358375850508,,,,,,,,,
density-m-i64dr250-draw44,density,m-i64dr250,raw/density-m-i64dr250-draw44/measurements.json,topk_intersection,sampled_pg_draw2,0.0,0.07136338374118319,0.8184974120870022,0.02542090580777052,4529423,4370048,3628778,5270693,0.6884821407735188,0.001384105533030961,,,,,,,,,
density-m-i64dr250-draw44,density,m-i64dr250,raw/density-m-i64dr250-draw44/measurements.json,topk_intersection,sampled_pg_draw2,1e-05,0.07136338374118319,0.8184974120870022,0.02542090580777052,1135201,1091770,893815,1333156,0.6704504199058475,0.0003550756808316348,,,,,,,,,
density-m-i64dr250-draw44,density,m-i64dr250,raw/density-m-i64dr250-draw44/measurements.json,topk_intersection,sampled_pg_draw3,0.0,0.47222571824244625,0.8664344093375519,0.021952562649543556,4529423,4509149,3892473,5146099,0.7563929493000426,0.0014140805592046549,,,,,,,,,
density-m-i64dr250-draw44,density,m-i64dr250,raw/density-m-i64dr250-draw44/measurements.json,topk_intersection,sampled_pg_draw3,1e-05,0.47222571824244625,0.8664344093375519,0.021952562649543556,1135201,1129920,965851,1299270,0.743379744010098,0.0003635128363688396,,,,,,,,,
density-m-i64dr250-draw44,density,m-i64dr250,raw/density-m-i64dr250-draw44/measurements.json,teacher_topk,full_vocab,0.0,0.7942442795166599,0.9242657963420611,0.016460570145337076,4509860,4464829,4141966,4832723,0.8570667095962256,0.0014060530311550616,,,,,,,,,
density-m-i64dr250-draw44,density,m-i64dr250,raw/density-m-i64dr250-draw44/measurements.json,teacher_topk,full_vocab,1e-05,0.7942442795166599,0.9242657963420611,0.016460570145337076,1129910,1117561,1032691,1214780,0.8501053688733763,0.0003612263851195468,,,,,,,,,
density-m-i64dr250-draw44,density,m-i64dr250,raw/density-m-i64dr250-draw44/measurements.json,teacher_topk,sampled_pg_draw1,0.0,0.15731085581959017,0.8329325883699199,0.02439810788518997,4509860,4407167,3697890,5219137,0.7085251833780183,0.0013910480957291837,,,,,,,,,
density-m-i64dr250-draw44,density,m-i64dr250,raw/density-m-i64dr250-draw44/measurements.json,teacher_topk,sampled_pg_draw1,1e-05,0.15731085581959017,0.8329325883699199,0.02439810788518997,1129910,1102201,913418,1318693,0.6926691807721737,0.0003571020208389556,,,,,,,,,
density-m-i64dr250-draw44,density,m-i64dr250,raw/density-m-i64dr250-draw44/measurements.json,teacher_topk,sampled_pg_draw2,0.0,0.05535037980688132,0.815811939542163,0.025578020921234308,4509860,4370048,3610116,5269792,0.6850585374147594,0.0013812845052695063,,,,,,,,,
density-m-i64dr250-draw44,density,m-i64dr250,raw/density-m-i64dr250-draw44/measurements.json,teacher_topk,sampled_pg_draw2,1e-05,0.05535037980688132,0.815811939542163,0.025578020921234308,1129910,1091770,888496,1333184,0.6664466420239067,0.0003543353589245001,,,,,,,,,
density-m-i64dr250-draw44,density,m-i64dr250,raw/density-m-i64dr250-draw44/measurements.json,teacher_topk,sampled_pg_draw3,0.0,0.4657255945304401,0.8650089525660635,0.022045218059952857,4509860,4509149,3876549,5142460,0.7538316292202565,0.0014112125565972637,,,,,,,,,
density-m-i64dr250-draw44,density,m-i64dr250,raw/density-m-i64dr250-draw44/measurements.json,teacher_topk,sampled_pg_draw3,1e-05,0.4657255945304401,0.8650089525660635,0.022045218059952857,1129910,1129920,961508,1298322,0.740577453050938,0.00036276261788303725,,,,,,,,,
density-m-i64dr250-draw44,density,m-i64dr250,raw/density-m-i64dr250-draw44/measurements.json,full_vocab,sampled_pg_draw1,0.0,0.33065692118779627,0.8439766909219549,0.023502753257791727,4464829,4407167,3729529,5142467,0.725241212048614,0.0013845808925719149,,,,,,,,,
density-m-i64dr250-draw44,density,m-i64dr250,raw/density-m-i64dr250-draw44/measurements.json,full_vocab,sampled_pg_draw1,1e-05,0.33065692118779627,0.8439766909219549,0.023502753257791727,1117561,1102201,922376,1297386,0.71094955549081,0.00035532264149466434,,,,,,,,,
density-m-i64dr250-draw44,density,m-i64dr250,raw/density-m-i64dr250-draw44/measurements.json,full_vocab,sampled_pg_draw2,0.0,0.19456337539047008,0.8206454950351301,0.025158675737634664,4464829,4370048,3613863,5221014,0.6921764622734204,0.0013749765641856092,,,,,,,,,
density-m-i64dr250-draw44,density,m-i64dr250,raw/density-m-i64dr250-draw44/measurements.json,full_vocab,sampled_pg_draw2,1e-05,0.19456337539047008,0.8206454950351301,0.025158675737634664,1117561,1091770,890083,1319248,0.6746896716917516,0.0003526058562107708,,,,,,,,,
density-m-i64dr250-draw44,density,m-i64dr250,raw/density-m-i64dr250-draw44/measurements.json,full_vocab,sampled_pg_draw3,0.0,0.33609482566501775,0.8432387685392749,0.023685414783620917,4464829,4509149,3765392,5208586,0.7229201936955635,0.001404529523476737,,,,,,,,,
density-m-i64dr250-draw44,density,m-i64dr250,raw/density-m-i64dr250-draw44/measurements.json,full_vocab,sampled_pg_draw3,1e-05,0.33609482566501775,0.8432387685392749,0.023685414783620917,1117561,1129920,931516,1315965,0.7078577317785807,0.0003609172901910239,,,,,,,,,
density-m-i64dr250-draw44,density,m-i64dr250,raw/density-m-i64dr250-draw44/measurements.json,sampled_pg_draw1,sampled_pg_draw2,0.0,0.28403679242901964,0.8407059622081542,0.023659285753538324,4407167,4370048,3680960,5096255,0.722287248185187,0.0013615793421388263,,,,,,,,,
density-m-i64dr250-draw44,density,m-i64dr250,raw/density-m-i64dr250-draw44/measurements.json,sampled_pg_draw1,sampled_pg_draw2,1e-05,0.28403679242901964,0.8407059622081542,0.023659285753538324,1102201,1091770,907673,1286298,0.7056475249125785,0.0003489270977164419,,,,,,,,,
density-m-i64dr250-draw44,density,m-i64dr250,raw/density-m-i64dr250-draw44/measurements.json,sampled_pg_draw1,sampled_pg_draw3,0.0,-0.16974608833025512,0.7949054695905811,0.02703747359462141,4407167,4509149,3530657,5385659,0.6555663847265488,0.0013898809004740883,,,,,,,,,
density-m-i64dr250-draw44,density,m-i64dr250,raw/density-m-i64dr250-draw44/measurements.json,sampled_pg_draw1,sampled_pg_draw3,1e-05,-0.16974608833025512,0.7949054695905811,0.02703747359462141,1102201,1129920,866346,1365775,0.634325566070546,0.0003568881114374264,,,,,,,,,
density-m-i64dr250-draw44,density,m-i64dr250,raw/density-m-i64dr250-draw44/measurements.json,sampled_pg_draw2,sampled_pg_draw3,0.0,-1.1794457039419684e-06,0.8071936957935859,0.0261749141484238,4370048,4509149,3576363,5302834,0.6744248452808441,0.0013804037286431479,,,,,,,,,
density-m-i64dr250-draw44,density,m-i64dr250,raw/density-m-i64dr250-draw44/measurements.json,sampled_pg_draw2,sampled_pg_draw3,1e-05,-1.1794457039419684e-06,0.8071936957935859,0.0261749141484238,1091770,1129920,879255,1342435,0.654970259267674,0.00035420090758629615,,,,,,,,,
density-m-i64dr250-draw45,density,m-i64dr250,raw/density-m-i64dr250-draw45/measurements.json,zero_gradient,sampled_pg,0.0,,0.9074943760394037,0.017934867614108,4291572,4393222,3919980,4764814,0.8226931838262732,0.0013500285161010786,,,,,,,,,
density-m-i64dr250-draw45,density,m-i64dr250,raw/density-m-i64dr250-draw45/measurements.json,zero_gradient,sampled_pg,1e-05,,0.9074943760394037,0.017934867614108,1071184,1097570,973812,1194942,0.8149449931461109,0.00034572386786102587,,,,,,,,,
density-m-i64dr250-draw45,density,m-i64dr250,raw/density-m-i64dr250-draw45/measurements.json,zero_gradient,student_topk,0.0,,0.9276446312718393,0.015907612059353024,4291572,4401416,4015705,4677283,0.8585550628431079,0.0013531489188346583,,,,,,,,,
density-m-i64dr250-draw45,density,m-i64dr250,raw/density-m-i64dr250-draw45/measurements.json,zero_gradient,student_topk,1e-05,,0.9276446312718393,0.015907612059353024,1071184,1102274,1000489,1172969,0.852954340651799,0.0003471092657020048,,,,,,,,,
density-m-i64dr250-draw45,density,m-i64dr250,raw/density-m-i64dr250-draw45/measurements.json,zero_gradient,topk_intersection,0.0,,0.9287878008955417,0.015763732055191614,4291572,4390268,4013568,4668272,0.8597545301559121,0.0013519971678123276,,,,,,,,,
density-m-i64dr250-draw45,density,m-i64dr250,raw/density-m-i64dr250-draw45/measurements.json,zero_gradient,topk_intersection,1e-05,,0.9287878008955417,0.015763732055191614,1071184,1098803,999975,1170012,0.8546707213259351,0.00034679398155312445,,,,,,,,,
density-m-i64dr250-draw45,density,m-i64dr250,raw/density-m-i64dr250-draw45/measurements.json,zero_gradient,teacher_topk,0.0,,0.91898454248232,0.016844221441194244,4291572,4420475,3980775,4731272,0.841375215798204,0.0013565125035553017,,,,,,,,,
density-m-i64dr250-draw45,density,m-i64dr250,raw/density-m-i64dr250-draw45/measurements.json,zero_gradient,teacher_topk,1e-05,,0.91898454248232,0.016844221441194244,1071184,1107093,991590,1186687,0.8355952327783147,0.0003479715438320727,,,,,,,,,
density-m-i64dr250-draw45,density,m-i64dr250,raw/density-m-i64dr250-draw45/measurements.json,zero_gradient,full_vocab,0.0,,0.9396786522379114,0.014490864063254812,4291572,4374424,4057200,4608796,0.8803166814065972,0.0013481412393354483,,,,,,,,,
density-m-i64dr250-draw45,density,m-i64dr250,raw/density-m-i64dr250-draw45/measurements.json,zero_gradient,full_vocab,1e-05,,0.9396786522379114,0.014490864063254812,1071184,1093729,1011125,1153788,0.8763525014994089,0.00034564892626329083,,,,,,,,,
density-m-i64dr250-draw45,density,m-i64dr250,raw/density-m-i64dr250-draw45/measurements.json,zero_gradient,sampled_pg_draw1,0.0,,0.9137719286517367,0.01734413402257141,4291572,4406135,3950612,4747095,0.8322167557211305,0.0013522318639216187,,,,,,,,,
density-m-i64dr250-draw45,density,m-i64dr250,raw/density-m-i64dr250-draw45/measurements.json,zero_gradient,sampled_pg_draw1,1e-05,,0.9137719286517367,0.01734413402257141,1071184,1101272,982672,1189784,0.8259247056608594,0.00034640908556771936,,,,,,,,,
density-m-i64dr250-draw45,density,m-i64dr250,raw/density-m-i64dr250-draw45/measurements.json,zero_gradient,sampled_pg_draw2,0.0,,0.9030415842375623,0.018407031110662126,4291572,4422046,3911592,4802026,0.8145711830798084,0.0013550795198202957,,,,,,,,,
density-m-i64dr250-draw45,density,m-i64dr250,raw/density-m-i64dr250-draw45/measurements.json,zero_gradient,sampled_pg_draw2,1e-05,,0.9030415842375623,0.018407031110662126,1071184,1106155,971925,1205414,0.8062997443202087,0.00034724900029364135,,,,,,,,,
density-m-i64dr250-draw45,density,m-i64dr250,raw/density-m-i64dr250-draw45/measurements.json,zero_gradient,sampled_pg_draw3,0.0,,0.9194834495020489,0.016727381126437922,4291572,4372545,3969357,4694760,0.8454866702451244,0.001346755880105322,,,,,,,,,
density-m-i64dr250-draw45,density,m-i64dr250,raw/density-m-i64dr250-draw45/measurements.json,zero_gradient,sampled_pg_draw3,1e-05,,0.9194834495020489,0.016727381126437922,1071184,1092393,986779,1176798,0.8385287874384558,0.00034493904498747,,,,,,,,,
density-m-i64dr250-draw45,density,m-i64dr250,raw/density-m-i64dr250-draw45/measurements.json,sampled_pg,student_topk,0.0,0.07531689087866496,0.8963631230231838,0.019110563120614793,4393222,4401416,3921255,4873383,0.8046268885494943,0.0013685974092870498,,,,,,,,,
density-m-i64dr250-draw45,density,m-i64dr250,raw/density-m-i64dr250-draw45/measurements.json,sampled_pg,student_topk,1e-05,0.07531689087866496,0.8963631230231838,0.019110563120614793,1097570,1102274,974750,1225094,0.7956532315071333,0.0003510486182018503,,,,,,,,,
density-m-i64dr250-draw45,density,m-i64dr250,raw/density-m-i64dr250-draw45/measurements.json,sampled_pg,topk_intersection,0.0,0.08909934824705289,0.8963680700046301,0.019091031715817296,4393222,4390268,3914753,4868737,0.8040592457551106,0.0013674010544506004,,,,,,,,,
density-m-i64dr250-draw45,density,m-i64dr250,raw/density-m-i64dr250-draw45/measurements.json,sampled_pg,topk_intersection,1e-05,0.08909934824705289,0.8963680700046301,0.019091031715817296,1097570,1098803,973064,1223309,0.7954359855114285,0.0003507185304588842,,,,,,,,,
density-m-i64dr250-draw45,density,m-i64dr250,raw/density-m-i64dr250-draw45/measurements.json,sampled_pg,teacher_topk,0.0,0.07319896259629961,0.8918006857504623,0.01953979538774262,4393222,4420475,3906523,4907174,0.796084059786753,0.001372056454233595,,,,,,,,,
density-m-i64dr250-draw45,density,m-i64dr250,raw/density-m-i64dr250-draw45/measurements.json,sampled_pg,teacher_topk,1e-05,0.07319896259629961,0.8918006857504623,0.01953979538774262,1097570,1107093,970970,1233693,0.7870434540846062,0.0003519370318175554,,,,,,,,,
density-m-i64dr250-draw45,density,m-i64dr250,raw/density-m-i64dr250-draw45/measurements.json,sampled_pg,full_vocab,0.0,0.054025665142322654,0.8994719686603887,0.018781947368547023,4393222,4374424,3923161,4844485,0.8098200324699116,0.001363404472168985,,,,,,,,,
density-m-i64dr250-draw45,density,m-i64dr250,raw/density-m-i64dr250-draw45/measurements.json,sampled_pg,full_vocab,1e-05,0.054025665142322654,0.8994719686603887,0.018781947368547023,1097570,1093729,975012,1216287,0.8016298784744061,0.0003495362624164866,,,,,,,,,
density-m-i64dr250-draw45,density,m-i64dr250,raw/density-m-i64dr250-draw45/measurements.json,sampled_pg,sampled_pg_draw1,0.0,-0.06353096778671741,0.8746847717720786,0.020992665852480545,4393222,4406135,3822872,4976485,0.7681871843278941,0.0013677631069341414,,,,,,,,,
density-m-i64dr250-draw45,density,m-i64dr250,raw/density-m-i64dr250-draw45/measurements.json,sampled_pg,sampled_pg_draw1,1e-05,-0.06353096778671741,0.8746847717720786,0.020992665852480545,1097570,1101272,947379,1251463,0.7570171870842366,0.00035036175901104405,,,,,,,,,
density-m-i64dr250-draw45,density,m-i64dr250,raw/density-m-i64dr250-draw45/measurements.json,sampled_pg,sampled_pg_draw2,0.0,0.025369357256064876,0.8661176227738803,0.02171573366520377,4393222,4422046,3795323,5019945,0.7560487216493408,0.001370730936354531,,,,,,,,,
density-m-i64dr250-draw45,density,m-i64dr250,raw/density-m-i64dr250-draw45/measurements.json,sampled_pg,sampled_pg_draw2,1e-05,0.025369357256064876,0.8661176227738803,0.02171573366520377,1097570,1106155,939699,1264026,0.7434174613496874,0.0003512381887881783,,,,,,,,,
density-m-i64dr250-draw45,density,m-i64dr250,raw/density-m-i64dr250-draw45/measurements.json,sampled_pg,sampled_pg_draw3,0.0,0.038739332774899056,0.8760850289509735,0.020838150019367407,4393222,4372545,3820707,4945060,0.7726310701993505,0.001362105060360696,,,,,,,,,
density-m-i64dr250-draw45,density,m-i64dr250,raw/density-m-i64dr250-draw45/measurements.json,sampled_pg,sampled_pg_draw3,1e-05,0.038739332774899056,0.8760850289509735,0.020838150019367407,1097570,1092393,946019,1243944,0.7604996687953799,0.0003488465857897622,,,,,,,,,
density-m-i64dr250-draw45,density,m-i64dr250,raw/density-m-i64dr250-draw45/measurements.json,student_topk,topk_intersection,0.0,0.9848886314645567,0.9821665487671787,0.007939242037428814,4401416,4390268,4313323,4478361,0.9631476783582208,0.0013705869972838079,,,,,,,,,
density-m-i64dr250-draw45,density,m-i64dr250,raw/density-m-i64dr250-draw45/measurements.json,student_topk,topk_intersection,1e-05,0.9848886314645567,0.9821665487671787,0.007939242037428814,1102274,1098803,1079346,1121731,0.96221464861005,0.0003521397459197873,,,,,,,,,
density-m-i64dr250-draw45,density,m-i64dr250,raw/density-m-i64dr250-draw45/measurements.json,student_topk,teacher_topk,0.0,0.9315535830633567,0.9697947884680005,0.010348602261204943,4401416,4420475,4270322,4551569,0.9382087803128987,0.0013752369289251473,,,,,,,,,
density-m-i64dr250-draw45,density,m-i64dr250,raw/density-m-i64dr250-draw45/measurements.json,student_topk,teacher_topk,1e-05,0.9315535830633567,0.9697947884680005,0.010348602261204943,1102274,1107093,1068373,1140994,0.9363528642569549,0.0003533558597504669,,,,,,,,,
density-m-i64dr250-draw45,density,m-i64dr250,raw/density-m-i64dr250-draw45/measurements.json,student_topk,full_vocab,0.0,0.8647811929796128,0.9445551388598578,0.013983818409151997,4401416,4374424,4128860,4646980,0.888503931585675,0.0013665834919397476,,,,,,,,,
density-m-i64dr250-draw45,density,m-i64dr250,raw/density-m-i64dr250-draw45/measurements.json,student_topk,full_vocab,1e-05,0.8647811929796128,0.9445551388598578,0.013983818409151997,1102274,1093729,1031265,1164738,0.8854051297373314,0.0003509537563978782,,,,,,,,,
density-m-i64dr250-draw45,density,m-i64dr250,raw/density-m-i64dr250-draw45/measurements.json,student_topk,sampled_pg_draw1,0.0,0.4366732723315399,0.8979549507906741,0.018989959023553493,4401416,4406135,3929947,4877604,0.8057125998748565,0.001370884675539137,,,,,,,,,
density-m-i64dr250-draw45,density,m-i64dr250,raw/density-m-i64dr250-draw45/measurements.json,student_topk,sampled_pg_draw1,1e-05,0.4366732723315399,0.8979549507906741,0.018989959023553493,1102274,1101272,977742,1225804,0.797633226845401,0.0003517619499146139,,,,,,,,,
density-m-i64dr250-draw45,density,m-i64dr250,raw/density-m-i64dr250-draw45/measurements.json,student_topk,sampled_pg_draw2,0.0,0.34391784659823144,0.8930462569763301,0.01945630158627745,4401416,4422046,3918429,4905033,0.7988588455979807,0.0013738205855267564,,,,,,,,,
density-m-i64dr250-draw45,density,m-i64dr250,raw/density-m-i64dr250-draw45/measurements.json,student_topk,sampled_pg_draw2,1e-05,0.34391784659823144,0.8930462569763301,0.01945630158627745,1102274,1106155,974389,1234040,0.7895927198470066,0.0003526273937588882,,,,,,,,,
density-m-i64dr250-draw45,density,m-i64dr250,raw/density-m-i64dr250-draw45/measurements.json,student_topk,sampled_pg_draw3,0.0,0.3458931331216538,0.8978656519378148,0.018966209278884264,4401416,4372545,3918666,4855295,0.8070912272065858,0.001365216363129441,,,,,,,,,
density-m-i64dr250-draw45,density,m-i64dr250,raw/density-m-i64dr250-draw45/measurements.json,student_topk,sampled_pg_draw3,1e-05,0.3458931331216538,0.8978656519378148,0.018966209278884264,1102274,1092393,974230,1220437,0.7982632450507482,0.00035023718867697236,,,,,,,,,
density-m-i64dr250-draw45,density,m-i64dr250,raw/density-m-i64dr250-draw45/measurements.json,topk_intersection,teacher_topk,0.0,0.9364099058996842,0.9747727547389594,0.00944922449373325,4390268,4420475,4287804,4522939,0.9480127854919114,0.0013740430962366015,,,,,,,,,
density-m-i64dr250-draw45,density,m-i64dr250,raw/density-m-i64dr250-draw45/measurements.json,topk_intersection,teacher_topk,1e-05,0.9364099058996842,0.9747727547389594,0.00944922449373325,1098803,1107093,1072759,1133137,0.9467160634592287,0.00035302701155523827,,,,,,,,,
density-m-i64dr250-draw45,density,m-i64dr250,raw/density-m-i64dr250-draw45/measurements.json,topk_intersection,full_vocab,0.0,0.8646658606104182,0.9438548159262621,0.014057550323760097,4390268,4374424,4117888,4646804,0.8861763913433836,0.0013654059418275626,,,,,,,,,
density-m-i64dr250-draw45,density,m-i64dr250,raw/density-m-i64dr250-draw45/measurements.json,topk_intersection,full_vocab,1e-05,0.8646658606104182,0.9438548159262621,0.014057550323760097,1098803,1093729,1028283,1164249,0.8832157038571645,0.0003506306287368489,,,,,,,,,
density-m-i64dr250-draw45,density,m-i64dr250,raw/density-m-i64dr250-draw45/measurements.json,topk_intersection,sampled_pg_draw1,0.0,0.44706938793910583,0.8984517437806432,0.0189252774034391,4390268,4406135,3925982,4870421,0.8060867838735091,0.0013696894001289921,,,,,,,,,
density-m-i64dr250-draw45,density,m-i64dr250,raw/density-m-i64dr250-draw45/measurements.json,topk_intersection,sampled_pg_draw1,1e-05,0.44706938793910583,0.8984517437806432,0.0189252774034391,1098803,1101272,976766,1223309,0.7984622037441071,0.00035143186151229843,,,,,,,,,
density-m-i64dr250-draw45,density,m-i64dr250,raw/density-m-i64dr250-draw45/measurements.json,topk_intersection,sampled_pg_draw2,0.0,0.32660476133039495,0.8913449667888964,0.019591668559163448,4390268,4422046,3905034,4907280,0.7957634371790483,0.001372617360601941,,,,,,,,,
density-m-i64dr250-draw45,density,m-i64dr250,raw/density-m-i64dr250-draw45/measurements.json,topk_intersection,sampled_pg_draw2,1e-05,0.32660476133039495,0.8913449667888964,0.019591668559163448,1098803,1106155,970808,1234150,0.7866207511242556,0.0003522942718848988,,,,,,,,,
density-m-i64dr250-draw45,density,m-i64dr250,raw/density-m-i64dr250-draw45/measurements.json,topk_intersection,sampled_pg_draw3,0.0,0.35216846963668624,0.8968932648805992,0.019037137237235397,4390268,4372545,3908759,4854054,0.8052565958269109,0.001364033338469578,,,,,,,,,
density-m-i64dr250-draw45,density,m-i64dr250,raw/density-m-i64dr250-draw45/measurements.json,topk_intersection,sampled_pg_draw3,1e-05,0.35216846963668624,0.8968932648805992,0.019037137237235397,1098803,1092393,971493,1219703,0.7964996396663778,0.00034991116904710423,,,,,,,,,
density-m-i64dr250-draw45,density,m-i64dr250,raw/density-m-i64dr250-draw45/measurements.json,teacher_topk,full_vocab,0.0,0.800885729749083,0.935407750248057,0.015103561225026037,4420475,4374424,4093192,4701707,0.8705757291979275,0.0013700057859043103,,,,,,,,,
density-m-i64dr250-draw45,density,m-i64dr250,raw/density-m-i64dr250-draw45/measurements.json,teacher_topk,full_vocab,1e-05,0.800885729749083,0.935407750248057,0.015103561225026037,1107093,1093729,1022024,1178798,0.8670052036057069,0.0003518316776202162,,,,,,,,,
density-m-i64dr250-draw45,density,m-i64dr250,raw/density-m-i64dr250-draw45/measurements.json,teacher_topk,sampled_pg_draw1,0.0,0.4110557392107637,0.8921232189610477,0.01953785325756378,4420475,4406135,3909125,4917485,0.7949439601747641,0.0013743295497750645,,,,,,,,,
density-m-i64dr250-draw45,density,m-i64dr250,raw/density-m-i64dr250-draw45/measurements.json,teacher_topk,sampled_pg_draw1,1e-05,0.4110557392107637,0.8921232189610477,0.01953785325756378,1107093,1101272,972398,1235967,0.7867507789447453,0.00035264318605717605,,,,,,,,,
density-m-i64dr250-draw45,density,m-i64dr250,raw/density-m-i64dr250-draw45/measurements.json,teacher_topk,sampled_pg_draw2,0.0,0.34266248752139233,0.8873090150407804,0.01998424574144526,4420475,4422046,3898751,4943770,0.7886190093794817,0.0013772971152013484,,,,,,,,,
density-m-i64dr250-draw45,density,m-i64dr250,raw/density-m-i64dr250-draw45/measurements.json,teacher_topk,sampled_pg_draw2,1e-05,0.34266248752139233,0.8873090150407804,0.01998424574144526,1107093,1106155,969268,1243980,0.7791668676345279,0.00035351833346588456,,,,,,,,,
density-m-i64dr250-draw45,density,m-i64dr250,raw/density-m-i64dr250-draw45/measurements.json,teacher_topk,sampled_pg_draw3,0.0,0.272499502773593,0.8871746358470634,0.0199474931507868,4420475,4372545,3877030,4915990,0.7886570151688673,0.0013686307857800918,,,,,,,,,
density-m-i64dr250-draw45,density,m-i64dr250,raw/density-m-i64dr250-draw45/measurements.json,teacher_topk,sampled_pg_draw3,1e-05,0.272499502773593,0.8871746358470634,0.0199474931507868,1107093,1092393,963164,1236322,0.7790559417368614,0.0003511121494616176,,,,,,,,,
density-m-i64dr250-draw45,density,m-i64dr250,raw/density-m-i64dr250-draw45/measurements.json,full_vocab,sampled_pg_draw1,0.0,0.4734453371185499,0.9061258973729672,0.018176372932447473,4374424,4406135,3952818,4827741,0.8187717609540363,0.001365686792004456,,,,,,,,,
density-m-i64dr250-draw45,density,m-i64dr250,raw/density-m-i64dr250-draw45/measurements.json,full_vocab,sampled_pg_draw1,1e-05,0.4734453371185499,0.9061258973729672,0.018176372932447473,1093729,1101272,983725,1211276,0.8121394298244166,0.0003502492441221587,,,,,,,,,
density-m-i64dr250-draw45,density,m-i64dr250,raw/density-m-i64dr250-draw45/measurements.json,full_vocab,sampled_pg_draw2,0.0,0.374090019512852,0.8996959476325627,0.018803612903624183,4374424,4422046,3934374,4862096,0.8091929900191194,0.001368572509818723,,,,,,,,,
density-m-i64dr250-draw45,density,m-i64dr250,raw/density-m-i64dr250-draw45/measurements.json,full_vocab,sampled_pg_draw2,1e-05,0.374090019512852,0.8996959476325627,0.018803612903624183,1093729,1106155,978547,1221337,0.8012096579404374,0.000351100069691357,,,,,,,,,
density-m-i64dr250-draw45,density,m-i64dr250,raw/density-m-i64dr250-draw45/measurements.json,full_vocab,sampled_pg_draw3,0.0,0.40892351757520373,0.9076975934610978,0.01799187769518157,4374424,4372545,3949943,4797026,0.8234149658559282,0.0013600896144788893,,,,,,,,,
density-m-i64dr250-draw45,density,m-i64dr250,raw/density-m-i64dr250-draw45/measurements.json,full_vocab,sampled_pg_draw3,1e-05,0.40892351757520373,0.9076975934610978,0.01799187769518157,1093729,1092393,982349,1203773,0.8160583432258407,0.00034874370744323723,,,,,,,,,
density-m-i64dr250-draw45,density,m-i64dr250,raw/density-m-i64dr250-draw45/measurements.json,sampled_pg_draw1,sampled_pg_draw2,0.0,0.14725989475014803,0.8733671494652911,0.021149718198655316,4406135,4422046,3831540,4996641,0.7668231517933748,0.001373054105063312,,,,,,,,,
density-m-i64dr250-draw45,density,m-i64dr250,raw/density-m-i64dr250-draw45/measurements.json,sampled_pg_draw1,sampled_pg_draw2,1e-05,0.14725989475014803,0.8733671494652911,0.021149718198655316,1101272,1106155,949858,1257569,0.755312829753278,0.0003519562771898799,,,,,,,,,
density-m-i64dr250-draw45,density,m-i64dr250,raw/density-m-i64dr250-draw45/measurements.json,sampled_pg_draw1,sampled_pg_draw3,0.0,0.10840497386656456,0.8780063504707943,0.020706621465260065,4406135,4372545,3832532,4946148,0.7748518645216439,0.001364459156227164,,,,,,,,,
density-m-i64dr250-draw45,density,m-i64dr250,raw/density-m-i64dr250-draw45/measurements.json,sampled_pg_draw1,sampled_pg_draw3,1e-05,0.10840497386656456,0.8780063504707943,0.020706621465260065,1101272,1092393,949564,1244101,0.7632531442382894,0.00034957180448644124,,,,,,,,,
density-m-i64dr250-draw45,density,m-i64dr250,raw/density-m-i64dr250-draw45/measurements.json,sampled_pg_draw2,sampled_pg_draw3,0.0,0.12603304986751898,0.8769988270392741,0.02080871320710025,4422046,4372545,3836967,4957624,0.773952804811337,0.0013673227365546196,,,,,,,,,
density-m-i64dr250-draw45,density,m-i64dr250,raw/density-m-i64dr250-draw45/measurements.json,sampled_pg_draw2,sampled_pg_draw3,1e-05,0.12603304986751898,0.8769988270392741,0.02080871320710025,1106155,1092393,951025,1247523,0.7623306343850975,0.0003504196759587103,,,,,,,,,
density-s-i64250-draw42,density,s-i64250,raw/density-s-i64250-draw42/measurements.json,zero_gradient,sampled_pg,0.0,,0.8973776087576518,0.021518583921892195,5144171,5249531,4654197,5739505,0.8109056443020783,0.0016997962443326537,,,,,,,,,
density-s-i64250-draw42,density,s-i64250,raw/density-s-i64250-draw42/measurements.json,zero_gradient,sampled_pg,1e-05,,0.8973776087576518,0.021518583921892195,1342517,1373705,1206751,1509471,0.7994529209239528,0.0004564718597777455,,,,,,,,,
density-s-i64250-draw42,density,s-i64250,raw/density-s-i64250-draw42/measurements.json,zero_gradient,student_topk,0.0,,0.9069778912280353,0.020507438975985715,5144171,5261111,4708169,5697113,0.8264131324058344,0.0017019799960343864,,,,,,,,,
density-s-i64250-draw42,density,s-i64250,raw/density-s-i64250-draw42/measurements.json,zero_gradient,student_topk,1e-05,,0.9069778912280353,0.020507438975985715,1342517,1377309,1222926,1496900,0.816972409646603,0.00045717409144228123,,,,,,,,,
density-s-i64250-draw42,density,s-i64250,raw/density-s-i64250-draw42/measurements.json,zero_gradient,topk_intersection,0.0,,0.9119418172068328,0.01994374104005577,5144171,5252427,4731954,5664644,0.8353488762930203,0.0017007690777183283,,,,,,,,,
density-s-i64250-draw42,density,s-i64250,raw/density-s-i64250-draw42/measurements.json,zero_gradient,topk_intersection,1e-05,,0.9119418172068328,0.01994374104005577,1342517,1375129,1229464,1488182,0.8261516400547783,0.00045682743300395787,,,,,,,,,
density-s-i64250-draw42,density,s-i64250,raw/density-s-i64250-draw42/measurements.json,zero_gradient,teacher_topk,0.0,,0.9125429161375186,0.019875521857478116,5144171,5252738,4735239,5661670,0.836367891452522,0.0017008095493144708,,,,,,,,,
density-s-i64250-draw42,density,s-i64250,raw/density-s-i64250-draw42/measurements.json,zero_gradient,teacher_topk,1e-05,,0.9125429161375186,0.019875521857478116,1342517,1375194,1230374,1487337,0.8272328329087489,0.00045683980940674037,,,,,,,,,
density-s-i64250-draw42,density,s-i64250,raw/density-s-i64250-draw42/measurements.json,zero_gradient,full_vocab,0.0,,0.9066932404681975,0.02052746551293879,5144171,5257421,4707278,5694314,0.8266628780920757,0.0017012164342188989,,,,,,,,,
density-s-i64250-draw42,density,s-i64250,raw/density-s-i64250-draw42/measurements.json,zero_gradient,full_vocab,1e-05,,0.9066932404681975,0.02052746551293879,1342517,1375761,1222362,1495916,0.8171327801828445,0.00045686750757619333,,,,,,,,,
density-s-i64250-draw42,density,s-i64250,raw/density-s-i64250-draw42/measurements.json,zero_gradient,sampled_pg_draw1,0.0,,0.9205825665865512,0.018874357711344977,5144171,5201695,4757603,5588263,0.8513563159071075,0.0016915410233330852,,,,,,,,,
density-s-i64250-draw42,density,s-i64250,raw/density-s-i64250-draw42/measurements.json,zero_gradient,sampled_pg_draw1,1e-05,,0.9205825665865512,0.018874357711344977,1342517,1358676,1235334,1465859,0.8427372619058177,0.00045388141081097454,,,,,,,,,
density-s-i64250-draw42,density,s-i64250,raw/density-s-i64250-draw42/measurements.json,zero_gradient,sampled_pg_draw2,0.0,,0.9116682870620151,0.019979629694335047,5144171,5255046,4730931,5668286,0.8346316681974058,0.0017011608763282651,,,,,,,,,
density-s-i64250-draw42,density,s-i64250,raw/density-s-i64250-draw42/measurements.json,zero_gradient,sampled_pg_draw2,1e-05,,0.9116682870620151,0.019979629694335047,1342517,1375650,1229127,1489040,0.8254492827593617,0.0004569124751113408,,,,,,,,,
density-s-i64250-draw42,density,s-i64250,raw/density-s-i64250-draw42/measurements.json,zero_gradient,sampled_pg_draw3,0.0,,0.9134943735958211,0.01967191747783477,5144171,5177669,4703557,5618283,0.8371876247600913,0.0016883025469345463,,,,,,,,,
density-s-i64250-draw42,density,s-i64250,raw/density-s-i64250-draw42/measurements.json,zero_gradient,sampled_pg_draw3,1e-05,,0.9134943735958211,0.01967191747783477,1342517,1351441,1220149,1473809,0.8278881456145267,0.00045297474730233593,,,,,,,,,
density-s-i64250-draw42,density,s-i64250,raw/density-s-i64250-draw42/measurements.json,sampled_pg,student_topk,0.0,0.13980330767766155,0.8702127487073643,0.02433990752128944,5249531,5261111,4562901,5947741,0.7671653826217383,0.001720068114352849,,,,,,,,,
density-s-i64250-draw42,density,s-i64250,raw/density-s-i64250-draw42/measurements.json,sampled_pg,student_topk,1e-05,0.13980330767766155,0.8702127487073643,0.02433990752128944,1373705,1377309,1181809,1569205,0.753125945940779,0.00046254897481514426,,,,,,,,,
density-s-i64250-draw42,density,s-i64250,raw/density-s-i64250-draw42/measurements.json,sampled_pg,topk_intersection,0.0,0.0026053427362540847,0.8610509653872368,0.025173682974459845,5249531,5252427,4513458,5988500,0.7536875678383569,0.0017188248074138316,,,,,,,,,
density-s-i64250-draw42,density,s-i64250,raw/density-s-i64250-draw42/measurements.json,sampled_pg,topk_intersection,1e-05,0.0026053427362540847,0.8610509653872368,0.025173682974459845,1373705,1375129,1167600,1581234,0.7384106337202463,0.00046219259064107077,,,,,,,,,
density-s-i64250-draw42,density,s-i64250,raw/density-s-i64250-draw42/measurements.json,sampled_pg,teacher_topk,0.0,5.685587258822473e-05,0.860999789959467,0.025178225694404515,5249531,5252738,4513283,5988986,0.7535971865688115,0.0017188663851488064,,,,,,,,,
density-s-i64250-draw42,density,s-i64250,raw/density-s-i64250-draw42/measurements.json,sampled_pg,teacher_topk,1e-05,5.685587258822473e-05,0.860999789959467,0.025178225694404515,1373705,1375194,1167567,1581332,0.738344003662735,0.0004622049444321523,,,,,,,,,
density-s-i64250-draw42,density,s-i64250,raw/density-s-i64250-draw42/measurements.json,sampled_pg,full_vocab,0.0,0.15935128838348223,0.8705149593441847,0.024299540513782254,5249531,5257421,4565651,5941301,0.7684598036692637,0.001719299090921266,,,,,,,,,
density-s-i64250-draw42,density,s-i64250,raw/density-s-i64250-draw42/measurements.json,sampled_pg,full_vocab,1e-05,0.15935128838348223,0.8705149593441847,0.024299540513782254,1373705,1375761,1182253,1567213,0.7543665092109368,0.00046223790036580426,,,,,,,,,
density-s-i64250-draw42,density,s-i64250,raw/density-s-i64250-draw42/measurements.json,sampled_pg,sampled_pg_draw1,0.0,-0.010104932136772906,0.8731821709361653,0.0239745434479977,5249531,5201695,4558196,5893030,0.7734893594636375,0.001709416331155242,,,,,,,,,
density-s-i64250-draw42,density,s-i64250,raw/density-s-i64250-draw42/measurements.json,sampled_pg,sampled_pg_draw1,1e-05,-0.010104932136772906,0.8731821709361653,0.0239745434479977,1373705,1358676,1179037,1553344,0.75903148304561,0.0004591770390116327,,,,,,,,,
density-s-i64250-draw42,density,s-i64250,raw/density-s-i64250-draw42/measurements.json,sampled_pg,sampled_pg_draw2,0.0,0.073961915235863,0.8687523432971833,0.02447152567982624,5249531,5255046,4554180,5950397,0.7653573366617387,0.001719226429434538,,,,,,,,,
density-s-i64250-draw42,density,s-i64250,raw/density-s-i64250-draw42/measurements.json,sampled_pg,sampled_pg_draw2,1e-05,0.073961915235863,0.8687523432971833,0.02447152567982624,1373705,1375650,1179303,1570052,0.7511235296665333,0.00046227925224025544,,,,,,,,,
density-s-i64250-draw42,density,s-i64250,raw/density-s-i64250-draw42/measurements.json,sampled_pg,sampled_pg_draw3,0.0,-0.16519056302873358,0.8586877260879393,0.02527613999578492,5249531,5177669,4470165,5957035,0.7504009964688809,0.001706084035080845,,,,,,,,,
density-s-i64250-draw42,density,s-i64250,raw/density-s-i64250-draw42/measurements.json,sampled_pg,sampled_pg_draw3,1e-05,-0.16519056302873358,0.8586877260879393,0.02527613999578492,1373705,1351441,1153873,1571273,0.7343555193782366,0.0004582398099893668,,,,,,,,,
density-s-i64250-draw42,density,s-i64250,raw/density-s-i64250-draw42/measurements.json,student_topk,topk_intersection,0.0,0.9263100149398813,0.9640763368658944,0.012810918755687774,5261111,5252427,5060435,5453103,0.9279918241045512,0.0017212483837195174,,,,,,,,,
density-s-i64250-draw42,density,s-i64250,raw/density-s-i64250-draw42/measurements.json,student_topk,topk_intersection,1e-05,0.9263100149398813,0.9640763368658944,0.012810918755687774,1377309,1375129,1322347,1430091,0.9246593398601907,0.00046297809689740764,,,,,,,,,
density-s-i64250-draw42,density,s-i64250,raw/density-s-i64250-draw42/measurements.json,student_topk,teacher_topk,0.0,0.920983496034363,0.9628561583410341,0.013026620388260097,5261111,5252738,5054011,5459838,0.9256705052420969,0.001721296913956851,,,,,,,,,
density-s-i64250-draw42,density,s-i64250,raw/density-s-i64250-draw42/measurements.json,student_topk,teacher_topk,1e-05,0.920983496034363,0.9628561583410341,0.013026620388260097,1377309,1375194,1320518,1431985,0.9221591008285701,0.00046299317449733545,,,,,,,,,
density-s-i64250-draw42,density,s-i64250,raw/density-s-i64250-draw42/measurements.json,student_topk,full_vocab,0.0,0.8927634249584971,0.9569904953681071,0.014016574882841724,5261111,5257421,5025478,5493054,0.9148786813310046,0.0017216612498009642,,,,,,,,,
density-s-i64250-draw42,density,s-i64250,raw/density-s-i64250-draw42/measurements.json,student_topk,full_vocab,1e-05,0.8927634249584971,0.9569904953681071,0.014016574882841724,1377309,1375761,1312728,1440342,0.9114002091170014,0.0004630009694810223,,,,,,,,,
density-s-i64250-draw42,density,s-i64250,raw/density-s-i64250-draw42/measurements.json,student_topk,sampled_pg_draw1,0.0,0.12371559901199636,0.88420445863115,0.022929696813467675,5261111,5201695,4620263,5842543,0.7907965760799707,0.0017116313994089173,,,,,,,,,
density-s-i64250-draw42,density,s-i64250,raw/density-s-i64250-draw42/measurements.json,student_topk,sampled_pg_draw1,1e-05,0.12371559901199636,0.88420445863115,0.022929696813467675,1377309,1358676,1197640,1538345,0.778524973266725,0.0004598877910186376,,,,,,,,,
density-s-i64250-draw42,density,s-i64250,raw/density-s-i64250-draw42/measurements.json,student_topk,sampled_pg_draw2,0.0,0.8510891724890334,0.9485412343090792,0.015336042967401181,5261111,5255046,4978087,5538070,0.8988848100511551,0.001721654498504134,,,,,,,,,
density-s-i64250-draw42,density,s-i64250,raw/density-s-i64250-draw42/measurements.json,student_topk,sampled_pg_draw2,1e-05,0.8510891724890334,0.9485412343090792,0.015336042967401181,1377309,1375650,1299353,1453606,0.8938825238751078,0.0004630666635501158,,,,,,,,,
density-s-i64250-draw42,density,s-i64250,raw/density-s-i64250-draw42/measurements.json,student_topk,sampled_pg_draw3,0.0,-0.03081072699887447,0.8697909017329564,0.02428514094226609,5261111,5177669,4532348,5906432,0.7673580259622053,0.0017083028697240812,,,,,,,,,
density-s-i64250-draw42,density,s-i64250,raw/density-s-i64250-draw42/measurements.json,student_topk,sampled_pg_draw3,1e-05,-0.03081072699887447,0.8697909017329564,0.02428514094226609,1377309,1351441,1172538,1556212,0.7534564699411134,0.0004589516544416699,,,,,,,,,
density-s-i64250-draw42,density,s-i64250,raw/density-s-i64250-draw42/measurements.json,topk_intersection,teacher_topk,0.0,0.9979509997733467,0.9946601689721001,0.004937054711719381,5252427,5252738,5223241,5281924,0.9888898439280838,0.0017200948207612618,,,,,,,,,
density-s-i64250-draw42,density,s-i64250,raw/density-s-i64250-draw42/measurements.json,topk_intersection,teacher_topk,1e-05,0.9979509997733467,0.9946601689721001,0.004937054711719381,1375129,1375194,1367197,1383126,0.9884833341286332,0.0004626510604907266,,,,,,,,,
density-s-i64250-draw42,density,s-i64250,raw/density-s-i64250-draw42/measurements.json,topk_intersection,full_vocab,0.0,0.7480262150551775,0.9369225485907073,0.016967282395968966,5252427,5257421,4914258,5595590,0.8782376836044099,0.0017204394011197074,,,,,,,,,
density-s-i64250-draw42,density,s-i64250,raw/density-s-i64250-draw42/measurements.json,topk_intersection,full_vocab,1e-05,0.7480262150551775,0.9369225485907073,0.016967282395968966,1375129,1375761,1281690,1469200,0.8723727198475361,0.0004626515910947079,,,,,,,,,
density-s-i64250-draw42,density,s-i64250,raw/density-s-i64250-draw42/measurements.json,topk_intersection,sampled_pg_draw1,0.0,0.15399218784484398,0.8883010893415639,0.022510518785594163,5252427,5201695,4638769,5815353,0.7976762545627066,0.00171041296106502,,,,,,,,,
density-s-i64250-draw42,density,s-i64250,raw/density-s-i64250-draw42/measurements.json,topk_intersection,sampled_pg_draw1,1e-05,0.15399218784484398,0.8883010893415639,0.022510518785594163,1375129,1358676,1202978,1530827,0.7858353687255321,0.0004595391128997995,,,,,,,,,
density-s-i64250-draw42,density,s-i64250,raw/density-s-i64250-draw42/measurements.json,topk_intersection,sampled_pg_draw2,0.0,0.9297957386989159,0.9651749592962044,0.012610945307812161,5252427,5255046,5064512,5442961,0.930470014391064,0.0017204516821492932,,,,,,,,,
density-s-i64250-draw42,density,s-i64250,raw/density-s-i64250-draw42/measurements.json,topk_intersection,sampled_pg_draw2,1e-05,0.9297957386989159,0.9651749592962044,0.012610945307812161,1375129,1375650,1323464,1427315,0.9272403078507547,0.0004627246894135826,,,,,,,,,
density-s-i64250-draw42,density,s-i64250,raw/density-s-i64250-draw42/measurements.json,topk_intersection,sampled_pg_draw3,0.0,-0.013782759947027887,0.8719734166341617,0.024069994012705955,5252427,5177669,4539945,5890151,0.7707688648389489,0.0017070790208026667,,,,,,,,,
density-s-i64250-draw42,density,s-i64250,raw/density-s-i64250-draw42/measurements.json,topk_intersection,sampled_pg_draw3,1e-05,-0.013782759947027887,0.8719734166341617,0.024069994012705955,1375129,1351441,1174710,1551860,0.7569690564870543,0.0004585994151182609,,,,,,,,,
density-s-i64250-draw42,density,s-i64250,raw/density-s-i64250-draw42/measurements.json,teacher_topk,full_vocab,0.0,0.7489633745416054,0.9369835824075382,0.016959009492740533,5252738,5257421,4914935,5595224,0.8784161277546708,0.0017204870643041073,,,,,,,,,
density-s-i64250-draw42,density,s-i64250,raw/density-s-i64250-draw42/measurements.json,teacher_topk,full_vocab,1e-05,0.7489633745416054,0.9369835824075382,0.016959009492740533,1375194,1375761,1281859,1469096,0.8725495134422802,0.0004626660712346572,,,,,,,,,
density-s-i64250-draw42,density,s-i64250,raw/density-s-i64250-draw42/measurements.json,teacher_topk,sampled_pg_draw1,0.0,0.12138249546479353,0.8856412254550545,0.022776825097372798,5252738,5201695,4625535,5828898,0.79355222891188,0.0017104537899241762,,,,,,,,,
density-s-i64250-draw42,density,s-i64250,raw/density-s-i64250-draw42/measurements.json,teacher_topk,sampled_pg_draw1,1e-05,0.12138249546479353,0.8856412254550545,0.022776825097372798,1375194,1358676,1199117,1534753,0.7813094354596473,0.00045955181440026976,,,,,,,,,
density-s-i64250-draw42,density,s-i64250,raw/density-s-i64250-draw42/measurements.json,teacher_topk,sampled_pg_draw2,0.0,0.9469483848286079,0.9690559130654659,0.011887462848228484,5252738,5255046,5085404,5422380,0.9378545952146474,0.0017205022330029018,,,,,,,,,
density-s-i64250-draw42,density,s-i64250,raw/density-s-i64250-draw42/measurements.json,teacher_topk,sampled_pg_draw2,1e-05,0.9469483848286079,0.9690559130654659,0.011887462848228484,1375194,1375650,1329263,1421581,0.9350596272741406,0.0004627404846060627,,,,,,,,,
density-s-i64250-draw42,density,s-i64250,raw/density-s-i64250-draw42/measurements.json,teacher_topk,sampled_pg_draw3,0.0,-0.02734075340194247,0.8712994434076581,0.024133152723027757,5252738,5177669,4536063,5894344,0.7695619733086498,0.001707118269130129,,,,,,,,,
density-s-i64250-draw42,density,s-i64250,raw/density-s-i64250-draw42/measurements.json,teacher_topk,sampled_pg_draw3,1e-05,-0.02734075340194247,0.8712994434076581,0.024133152723027757,1375194,1351441,1173620,1553015,0.7557042269392118,0.0004586112534113801,,,,,,,,,
density-s-i64250-draw42,density,s-i64250,raw/density-s-i64250-draw42/measurements.json,full_vocab,sampled_pg_draw1,0.0,-0.01055359681918994,0.8742861055986757,0.023879001059899905,5257421,5201695,4567100,5892016,0.7751336724136526,0.0017108590560264761,,,,,,,,,
density-s-i64250-draw42,density,s-i64250,raw/density-s-i64250-draw42/measurements.json,full_vocab,sampled_pg_draw1,1e-05,-0.01055359681918994,0.8742861055986757,0.023879001059899905,1375761,1358676,1182388,1552049,0.7618238857149484,0.00045957788835818386,,,,,,,,,
density-s-i64250-draw42,density,s-i64250,raw/density-s-i64250-draw42/measurements.json,full_vocab,sampled_pg_draw2,0.0,0.7260157469469601,0.9324292467614057,0.017565097326840563,5257421,5255046,4892876,5619591,0.8706818699083261,0.0017208449060118576,,,,,,,,,
density-s-i64250-draw42,density,s-i64250,raw/density-s-i64250-draw42/measurements.json,full_vocab,sampled_pg_draw2,1e-05,0.7260157469469601,0.9324292467614057,0.017565097326840563,1375761,1375650,1275446,1475965,0.8641437974477715,0.00046273979134174847,,,,,,,,,
density-s-i64250-draw42,density,s-i64250,raw/density-s-i64250-draw42/measurements.json,full_vocab,sampled_pg_draw3,0.0,-0.09760916428667359,0.8671294252421587,0.024519137607682668,5257421,5177669,4517735,5917355,0.7634720242405602,0.0017075258150417057,,,,,,,,,
density-s-i64250-draw42,density,s-i64250,raw/density-s-i64250-draw42/measurements.json,full_vocab,sampled_pg_draw3,1e-05,-0.09760916428667359,0.8671294252421587,0.024519137607682668,1375761,1351441,1167791,1559411,0.7488667195498814,0.0004586413395507512,,,,,,,,,
density-s-i64250-draw42,density,s-i64250,raw/density-s-i64250-draw42/measurements.json,sampled_pg_draw1,sampled_pg_draw2,0.0,-0.02111382820924602,0.8749085392576279,0.023827096528110287,5201695,5255046,4570406,5886335,0.7764434066358779,0.0017108080921536192,,,,,,,,,
density-s-i64250-draw42,density,s-i64250,raw/density-s-i64250-draw42/measurements.json,sampled_pg_draw1,sampled_pg_draw2,1e-05,-0.02111382820924602,0.8749085392576279,0.023827096528110287,1358676,1375650,1183304,1551022,0.7629189012148119,0.0004596252065802465,,,,,,,,,
density-s-i64250-draw42,density,s-i64250,raw/density-s-i64250-draw42/measurements.json,sampled_pg_draw1,sampled_pg_draw3,0.0,0.09328834856064687,0.8917466183733328,0.02205976734353048,5201695,5177669,4623609,5755755,0.8033019126074685,0.0016977777640922215,,,,,,,,,
density-s-i64250-draw42,density,s-i64250,raw/density-s-i64250-draw42/measurements.json,sampled_pg_draw1,sampled_pg_draw3,1e-05,0.09328834856064687,0.8917466183733328,0.02205976734353048,1358676,1351441,1196752,1513365,0.7907887390021574,0.0004556299753250768,,,,,,,,,
density-s-i64250-draw42,density,s-i64250,raw/density-s-i64250-draw42/measurements.json,sampled_pg_draw2,sampled_pg_draw3,0.0,-0.08660485929661871,0.8673171986123637,0.024509411884362255,5255046,5177669,4514863,5917852,0.7629225942115484,0.0017074695654479405,,,,,,,,,
density-s-i64250-draw42,density,s-i64250,raw/density-s-i64250-draw42/measurements.json,sampled_pg_draw2,sampled_pg_draw3,1e-05,-0.08660485929661871,0.8673171986123637,0.024509411884362255,1375650,1351441,1167553,1559538,0.7486531267593352,0.000458684546136179,,,,,,,,,
density-s-i64250-draw43,density,s-i64250,raw/density-s-i64250-draw43/measurements.json,zero_gradient,sampled_pg,0.0,,0.9932207497682934,0.005500995209842306,5144171,5145096,5109482,5179785,0.9864274289376875,0.0016822812251552652,,,,,,,,,
density-s-i64250-draw43,density,s-i64250,raw/density-s-i64250-draw43/measurements.json,zero_gradient,sampled_pg,1e-05,,0.9932207497682934,0.005500995209842306,1342517,1342887,1333060,1352344,0.9857403145945115,0.0004513091408670913,,,,,,,,,
density-s-i64250-draw43,density,s-i64250,raw/density-s-i64250-draw43/measurements.json,zero_gradient,student_topk,0.0,,0.9099255089558701,0.02011213377521386,5144171,5224660,4726342,5642489,0.8376342426188159,0.0016971118620601122,,,,,,,,,
density-s-i64250-draw43,density,s-i64250,raw/density-s-i64250-draw43/measurements.json,zero_gradient,student_topk,1e-05,,0.9099255089558701,0.02011213377521386,1342517,1364863,1224863,1482517,0.8262050283403158,0.00045547781568303433,,,,,,,,,
density-s-i64250-draw43,density,s-i64250,raw/density-s-i64250-draw43/measurements.json,zero_gradient,topk_intersection,0.0,,0.9099174662988525,0.020112911039849708,5144171,5224708,4726529,5642350,0.8376880200625626,0.0016971228041446269,,,,,,,,,
density-s-i64250-draw43,density,s-i64250,raw/density-s-i64250-draw43/measurements.json,zero_gradient,topk_intersection,1e-05,,0.9099174662988525,0.020112911039849708,1342517,1364853,1224881,1482489,0.8262327747457148,0.00045547769246739937,,,,,,,,,
density-s-i64250-draw43,density,s-i64250,raw/density-s-i64250-draw43/measurements.json,zero_gradient,teacher_topk,0.0,,0.909879153534874,0.020116952634889676,5144171,5224691,4726286,5642576,0.837611403018763,0.0016971167328969504,,,,,,,,,
density-s-i64250-draw43,density,s-i64250,raw/density-s-i64250-draw43/measurements.json,zero_gradient,teacher_topk,1e-05,,0.909879153534874,0.020116952634889676,1342517,1364842,1224827,1482532,0.8261723861609732,0.0004554743251288994,,,,,,,,,
density-s-i64250-draw43,density,s-i64250,raw/density-s-i64250-draw43/measurements.json,zero_gradient,full_vocab,0.0,,0.9098680179277654,0.020118452459278735,5144171,5224533,4726340,5642364,0.837652444968102,0.0016970888889558063,,,,,,,,,
density-s-i64250-draw43,density,s-i64250,raw/density-s-i64250-draw43/measurements.json,zero_gradient,full_vocab,1e-05,,0.9098680179277654,0.020118452459278735,1342517,1364815,1224804,1482528,0.8261591012109046,0.00045546984673169877,,,,,,,,,
density-s-i64250-draw43,density,s-i64250,raw/density-s-i64250-draw43/measurements.json,zero_gradient,sampled_pg_draw1,0.0,,0.9932294729842082,0.005497459180484789,5144171,5145089,5109485,5179775,0.9864299124961992,0.0016822784482794016,,,,,,,,,
density-s-i64250-draw43,density,s-i64250,raw/density-s-i64250-draw43/measurements.json,zero_gradient,sampled_pg_draw1,1e-05,,0.9932294729842082,0.005497459180484789,1342517,1342877,1333059,1352335,0.985746135388051,0.00045130757315583764,,,,,,,,,
density-s-i64250-draw43,density,s-i64250,raw/density-s-i64250-draw43/measurements.json,zero_gradient,sampled_pg_draw2,0.0,,0.9932234868645311,0.005499886278841807,5144171,5145081,5109469,5179783,0.9864253000560063,0.0016822771486759952,,,,,,,,,
density-s-i64250-draw43,density,s-i64250,raw/density-s-i64250-draw43/measurements.json,zero_gradient,sampled_pg_draw2,1e-05,,0.9932234868645311,0.005499886278841807,1342517,1342877,1333057,1352337,0.9857431986257863,0.0004513072008642778,,,,,,,,,
density-s-i64250-draw43,density,s-i64250,raw/density-s-i64250-draw43/measurements.json,zero_gradient,sampled_pg_draw3,0.0,,0.9932223789920798,0.0055003296389127725,5144171,5145100,5109474,5179797,0.9864235992259929,0.0016822813600583704,,,,,,,,,
density-s-i64250-draw43,density,s-i64250,raw/density-s-i64250-draw43/measurements.json,zero_gradient,sampled_pg_draw3,1e-05,,0.9932223789920798,0.0055003296389127725,1342517,1342873,1333052,1352338,0.9857387724074899,0.00045130655214838756,,,,,,,,,
density-s-i64250-draw43,density,s-i64250,raw/density-s-i64250-draw43/measurements.json,sampled_pg,student_topk,0.0,0.9677594294046432,0.9163922098627901,0.019377861651034303,5145096,5224660,4758650,5611106,0.8480770101295538,0.0016972692678828456,,,,,,,,,
density-s-i64250-draw43,density,s-i64250,raw/density-s-i64250-draw43/measurements.json,sampled_pg,student_topk,1e-05,0.9677594294046432,0.9163922098627901,0.019377861651034303,1342887,1364863,1234286,1473464,0.8376763870715538,0.0004555462822349292,,,,,,,,,
density-s-i64250-draw43,density,s-i64250,raw/density-s-i64250-draw43/measurements.json,sampled_pg,topk_intersection,0.0,0.9676430109408787,0.9163849230318826,0.01937858944862951,5145096,5224708,4758837,5610967,0.8481313470565769,0.001697280209192814,,,,,,,,,
density-s-i64250-draw43,density,s-i64250,raw/density-s-i64250-draw43/measurements.json,sampled_pg,topk_intersection,1e-05,0.9676430109408787,0.9163849230318826,0.01937858944862951,1342887,1364853,1234305,1473435,0.8377057691720368,0.00045554614915305176,,,,,,,,,
density-s-i64250-draw43,density,s-i64250,raw/density-s-i64250-draw43/measurements.json,sampled_pg,teacher_topk,0.0,0.9676715192249306,0.9163487359422281,0.019382555047984033,5145096,5224691,4758602,5611185,0.848056515691427,0.0016972741382972022,,,,,,,,,
density-s-i64250-draw43,density,s-i64250,raw/density-s-i64250-draw43/measurements.json,sampled_pg,teacher_topk,1e-05,0.9676715192249306,0.9163487359422281,0.019382555047984033,1342887,1364842,1234255,1473474,0.8376496633126882,0.00045554278532433586,,,,,,,,,
density-s-i64250-draw43,density,s-i64250,raw/density-s-i64250-draw43/measurements.json,sampled_pg,full_vocab,0.0,0.9676823882737379,0.916336240284505,0.019384251102866373,5145096,5224533,4758657,5610972,0.8480985112739825,0.0016972462911267424,,,,,,,,,
density-s-i64250-draw43,density,s-i64250,raw/density-s-i64250-draw43/measurements.json,sampled_pg,full_vocab,1e-05,0.9676823882737379,0.916336240284505,0.019384251102866373,1342887,1364815,1234229,1473473,0.8376325864131884,0.00045553831059143063,,,,,,,,,
density-s-i64250-draw43,density,s-i64250,raw/density-s-i64250-draw43/measurements.json,sampled_pg,sampled_pg_draw1,0.0,0.9999651513846413,0.9999643759219992,0.00039879161845186357,5145096,5145089,5144899,5145286,0.9999247855221265,0.0016824321480781428,,,,,,,,,
density-s-i64250-draw43,density,s-i64250,raw/density-s-i64250-draw43/measurements.json,sampled_pg,sampled_pg_draw1,1e-05,0.9999651513846413,0.9999643759219992,0.00039879161845186357,1342887,1342877,1342820,1342944,0.9999076655467392,0.00045137430065843374,,,,,,,,,
density-s-i64250-draw43,density,s-i64250,raw/density-s-i64250-draw43/measurements.json,sampled_pg,sampled_pg_draw2,0.0,0.9999619624264888,0.9999609288380429,0.00041764006823619024,5145096,5145081,5144884,5145293,0.9999205098718382,0.0016824308478292597,,,,,,,,,
density-s-i64250-draw43,density,s-i64250,raw/density-s-i64250-draw43/measurements.json,sampled_pg,sampled_pg_draw2,1e-05,0.9999619624264888,0.9999609288380429,0.00041764006823619024,1342887,1342877,1342822,1342942,0.9999106439444145,0.00045137392750746425,,,,,,,,,
density-s-i64250-draw43,density,s-i64250,raw/density-s-i64250-draw43/measurements.json,sampled_pg,sampled_pg_draw3,0.0,0.9999721828003654,0.9999732636013962,0.0003454816426287725,5145096,5145100,5144945,5145251,0.9999405276827117,0.0016824350618979205,,,,,,,,,
density-s-i64250-draw43,density,s-i64250,raw/density-s-i64250-draw43/measurements.json,sampled_pg,sampled_pg_draw3,1e-05,0.9999721828003654,0.9999732636013962,0.0003454816426287725,1342887,1342873,1342836,1342924,0.9999344713475967,0.0004513732797131971,,,,,,,,,
density-s-i64250-draw43,density,s-i64250,raw/density-s-i64250-draw43/measurements.json,student_topk,topk_intersection,0.0,0.9999455808931321,0.9991809373291981,0.0019233537288475232,5224660,5224708,5220085,5229283,0.9982410590514991,0.0017124474351335518,,,,,,,,,
density-s-i64250-draw43,density,s-i64250,raw/density-s-i64250-draw43/measurements.json,student_topk,topk_intersection,1e-05,0.9999455808931321,0.9991809373291981,0.0019233537288475232,1364863,1364853,1363617,1366099,0.9981831477806513,0.00045981235600537853,,,,,,,,,
density-s-i64250-draw43,density,s-i64250,raw/density-s-i64250-draw43/measurements.json,student_topk,teacher_topk,0.0,0.99994557483763,0.99913926752548,0.0019716511117492436,5224660,5224691,5220069,5229282,0.998238190252505,0.0017124418995260063,,,,,,,,,
density-s-i64250-draw43,density,s-i64250,raw/density-s-i64250-draw43/measurements.json,student_topk,teacher_topk,1e-05,0.99994557483763,0.99913926752548,0.0019716511117492436,1364863,1364842,1363604,1366101,0.9981721702860916,0.0004598091871032027,,,,,,,,,
density-s-i64250-draw43,density,s-i64250,raw/density-s-i64250-draw43/measurements.json,student_topk,full_vocab,0.0,0.9999446324373109,0.999163323896524,0.0019439260527352128,5224660,5224533,5220030,5229163,0.9982534489745299,0.0017124130578871223,,,,,,,,,
density-s-i64250-draw43,density,s-i64250,raw/density-s-i64250-draw43/measurements.json,student_topk,full_vocab,1e-05,0.9999446324373109,0.999163323896524,0.0019439260527352128,1364863,1364815,1363626,1366052,0.9982240793176248,0.00045980445881791017,,,,,,,,,
density-s-i64250-draw43,density,s-i64250,raw/density-s-i64250-draw43/measurements.json,student_topk,sampled_pg_draw1,0.0,0.9677890709148378,0.916388834861109,0.01937826661045792,5224660,5145089,4758644,5611105,0.8480760919640605,0.0016972664078872869,,,,,,,,,
density-s-i64250-draw43,density,s-i64250,raw/density-s-i64250-draw43/measurements.json,student_topk,sampled_pg_draw1,1e-05,0.9677890709148378,0.916388834861109,0.01937826661045792,1364863,1342877,1234281,1473459,0.8376758362465464,0.00045554469802881634,,,,,,,,,
density-s-i64250-draw43,density,s-i64250,raw/density-s-i64250-draw43/measurements.json,student_topk,sampled_pg_draw2,0.0,0.9677138836714712,0.9163908568046476,0.01937802384786699,5224660,5145081,4758642,5611099,0.8480766423832479,0.0016972650995306963,,,,,,,,,
density-s-i64250-draw43,density,s-i64250,raw/density-s-i64250-draw43/measurements.json,student_topk,sampled_pg_draw2,1e-05,0.9677138836714712,0.9163908568046476,0.01937802384786699,1364863,1342877,1234279,1473461,0.837673341880104,0.0004555442805442757,,,,,,,,,
density-s-i64250-draw43,density,s-i64250,raw/density-s-i64250-draw43/measurements.json,student_topk,sampled_pg_draw3,0.0,0.9677492913657652,0.9163921932523741,0.019377848998442176,5224660,5145100,4758664,5611096,0.848081016614223,0.0016972694444326102,,,,,,,,,
density-s-i64250-draw43,density,s-i64250,raw/density-s-i64250-draw43/measurements.json,student_topk,sampled_pg_draw3,1e-05,0.9677492913657652,0.9163921932523741,0.019377848998442176,1364863,1342873,1234281,1473455,0.8376781102917972,0.000455543642503169,,,,,,,,,
density-s-i64250-draw43,density,s-i64250,raw/density-s-i64250-draw43/measurements.json,topk_intersection,teacher_topk,0.0,0.9999465012923362,0.9991580046344137,0.001950061497663394,5224708,5224691,5220091,5229308,0.998237434092618,0.0017124529191260855,,,,,,,,,
density-s-i64250-draw43,density,s-i64250,raw/density-s-i64250-draw43/measurements.json,topk_intersection,teacher_topk,1e-05,0.9999465012923362,0.9991580046344137,0.001950061497663394,1364853,1364842,1363603,1366092,0.9981780143650647,0.0004598090406752195,,,,,,,,,
density-s-i64250-draw43,density,s-i64250,raw/density-s-i64250-draw43/measurements.json,topk_intersection,full_vocab,0.0,0.9999472934608354,0.9991668129645854,0.0019398576388250585,5224708,5224533,5220060,5229181,0.9982557498009726,0.0017124240772038138,,,,,,,,,
density-s-i64250-draw43,density,s-i64250,raw/density-s-i64250-draw43/measurements.json,topk_intersection,full_vocab,1e-05,0.9999472934608354,0.9991668129645854,0.0019398576388250585,1364853,1364815,1363595,1366073,0.9981860413023316,0.00045980430705451676,,,,,,,,,
density-s-i64250-draw43,density,s-i64250,raw/density-s-i64250-draw43/measurements.json,topk_intersection,sampled_pg_draw1,0.0,0.9676723406531639,0.9163812372091464,0.01937903040146159,5224708,5145089,4758832,5610965,0.8481307582563784,0.001697277349938684,,,,,,,,,
density-s-i64250-draw43,density,s-i64250,raw/density-s-i64250-draw43/measurements.json,topk_intersection,sampled_pg_draw1,1e-05,0.9676723406531639,0.9163812372091464,0.01937903040146159,1364853,1342877,1234300,1473430,0.8377052184358945,0.00045554456530043564,,,,,,,,,
density-s-i64250-draw43,density,s-i64250,raw/density-s-i64250-draw43/measurements.json,topk_intersection,sampled_pg_draw2,0.0,0.96759578642458,0.9163831555555179,0.01937879965138684,5224708,5145081,4758829,5610960,0.8481309793689493,0.0016972760414197092,,,,,,,,,
density-s-i64250-draw43,density,s-i64250,raw/density-s-i64250-draw43/measurements.json,topk_intersection,sampled_pg_draw2,1e-05,0.96759578642458,0.9163831555555179,0.01937879965138684,1364853,1342877,1234297,1473433,0.8377014767553055,0.0004555441477923223,,,,,,,,,
density-s-i64250-draw43,density,s-i64250,raw/density-s-i64250-draw43/measurements.json,topk_intersection,sampled_pg_draw3,0.0,0.9676325176631755,0.9163844914716064,0.019378624867667147,5224708,5145100,4758850,5610958,0.8481350243576944,0.001697280385572226,,,,,,,,,
density-s-i64250-draw43,density,s-i64250,raw/density-s-i64250-draw43/measurements.json,topk_intersection,sampled_pg_draw3,1e-05,0.9676325176631755,0.9163844914716064,0.019378624867667147,1364853,1342873,1234299,1473427,0.8377062453721833,0.00045554350924929485,,,,,,,,,
density-s-i64250-draw43,density,s-i64250,raw/density-s-i64250-draw43/measurements.json,teacher_topk,full_vocab,0.0,0.9999433298333703,0.9991600749506625,0.0019476647456207969,5224691,5224533,5219963,5229261,0.9982219284904693,0.0017124185401709642,,,,,,,,,
density-s-i64250-draw43,density,s-i64250,raw/density-s-i64250-draw43/measurements.json,teacher_topk,full_vocab,1e-05,0.9999433298333703,0.9991600749506625,0.0019476647456207969,1364842,1364815,1363604,1366053,0.9982072437892234,0.0004598011394337584,,,,,,,,,
density-s-i64250-draw43,density,s-i64250,raw/density-s-i64250-draw43/measurements.json,teacher_topk,sampled_pg_draw1,0.0,0.9676980989158817,0.9163449460143723,0.01938300796958095,5224691,5145089,4758595,5611185,0.8480552681831022,0.0016972712784095688,,,,,,,,,
density-s-i64250-draw43,density,s-i64250,raw/density-s-i64250-draw43/measurements.json,teacher_topk,sampled_pg_draw1,1e-05,0.9676980989158817,0.9163449460143723,0.01938300796958095,1364842,1342877,1234249,1473470,0.8376478652432693,0.00045554120208442873,,,,,,,,,
density-s-i64250-draw43,density,s-i64250,raw/density-s-i64250-draw43/measurements.json,teacher_topk,sampled_pg_draw2,0.0,0.9676263569566655,0.9163469680564167,0.019382765254608962,5224691,5145081,4758593,5611179,0.8480558185721753,0.0016972699701509834,,,,,,,,,
density-s-i64250-draw43,density,s-i64250,raw/density-s-i64250-draw43/measurements.json,teacher_topk,sampled_pg_draw2,1e-05,0.9676263569566655,0.9163469680564167,0.019382765254608962,1364842,1342877,1234247,1473472,0.8376453709334144,0.00045554078435431196,,,,,,,,,
density-s-i64250-draw43,density,s-i64250,raw/density-s-i64250-draw43/measurements.json,teacher_topk,sampled_pg_draw3,0.0,0.9676598187037383,0.9163483042819102,0.019382590459741313,5224691,5145100,4758615,5611176,0.8480601927296524,0.001697274315169433,,,,,,,,,
density-s-i64250-draw43,density,s-i64250,raw/density-s-i64250-draw43/measurements.json,teacher_topk,sampled_pg_draw3,1e-05,0.9676598187037383,0.9163483042819102,0.019382590459741313,1364842,1342873,1234249,1473466,0.8376501391956109,0.0004555401465748128,,,,,,,,,
density-s-i64250-draw43,density,s-i64250,raw/density-s-i64250-draw43/measurements.json,full_vocab,sampled_pg_draw1,0.0,0.967714537679885,0.9163325557591603,0.019384691785923017,5224533,5145089,4758651,5610971,0.8480975930903938,0.0016972434318939292,,,,,,,,,
density-s-i64250-draw43,density,s-i64250,raw/density-s-i64250-draw43/measurements.json,full_vocab,sampled_pg_draw1,1e-05,0.967714537679885,0.9163325557591603,0.019384691785923017,1364815,1342877,1234224,1473468,0.8376320354429143,0.0004555367271135994,,,,,,,,,
density-s-i64250-draw43,density,s-i64250,raw/density-s-i64250-draw43/measurements.json,full_vocab,sampled_pg_draw2,0.0,0.9676372372034772,0.9163345761393541,0.019384449279940354,5224533,5145081,4758649,5610965,0.8480981435457181,0.0016972421229903825,,,,,,,,,
density-s-i64250-draw43,density,s-i64250,raw/density-s-i64250-draw43/measurements.json,full_vocab,sampled_pg_draw2,1e-05,0.9676372372034772,0.9163345761393541,0.019384449279940354,1364815,1342877,1234222,1473470,0.8376295411511602,0.0004555363087036964,,,,,,,,,
density-s-i64250-draw43,density,s-i64250,raw/density-s-i64250-draw43/measurements.json,full_vocab,sampled_pg_draw3,0.0,0.9676725122024162,0.9163358086499056,0.0193842865115249,5224533,5145100,4758669,5610964,0.8481018591457724,0.0016972464684891417,,,,,,,,,
density-s-i64250-draw43,density,s-i64250,raw/density-s-i64250-draw43/measurements.json,full_vocab,sampled_pg_draw3,1e-05,0.9676725122024162,0.9163358086499056,0.0193842865115249,1364815,1342873,1234223,1473465,0.8376330622037171,0.00045553567066888747,,,,,,,,,
density-s-i64250-draw43,density,s-i64250,raw/density-s-i64250-draw43/measurements.json,sampled_pg_draw1,sampled_pg_draw2,0.0,0.9999699808988926,0.9999762681066173,0.00032549215626507616,5145089,5145081,5144925,5145245,0.9999378066544936,0.0016824280715963002,,,,,,,,,
density-s-i64250-draw43,density,s-i64250,raw/density-s-i64250-draw43/measurements.json,sampled_pg_draw1,sampled_pg_draw2,1e-05,0.9999699808988926,0.9999762681066173,0.00032549215626507616,1342877,1342877,1342835,1342919,0.9999374496898175,0.00045137235897393675,,,,,,,,,
density-s-i64250-draw43,density,s-i64250,raw/density-s-i64250-draw43/measurements.json,sampled_pg_draw1,sampled_pg_draw3,0.0,0.9999665655482116,0.999966795278416,0.00038501158826658734,5145089,5145100,5144904,5145285,0.999925951623671,0.0016824322852312655,,,,,,,,,
density-s-i64250-draw43,density,s-i64250,raw/density-s-i64250-draw43/measurements.json,sampled_pg_draw1,sampled_pg_draw3,1e-05,0.9999665655482116,0.999966795278416,0.00038501158826658734,1342877,1342873,1342819,1342931,0.9999166003316626,0.00045137171093800573,,,,,,,,,
density-s-i64250-draw43,density,s-i64250,raw/density-s-i64250-draw43/measurements.json,sampled_pg_draw2,sampled_pg_draw3,0.0,0.9999623292378916,0.9999687995642278,0.0003732106164992014,5145081,5145100,5144885,5145296,0.9999201212136289,0.001682430985002365,,,,,,,,,
density-s-i64250-draw43,density,s-i64250,raw/density-s-i64250-draw43/measurements.json,sampled_pg_draw2,sampled_pg_draw3,1e-05,0.9999623292378916,0.9999687995642278,0.0003732106164992014,1342877,1342873,1342818,1342932,0.9999151111150825,0.00045137133787393716,,,,,,,,,
density-s-i64250-draw44,density,s-i64250,raw/density-s-i64250-draw44/measurements.json,zero_gradient,sampled_pg,0.0,,0.9012045884535559,0.021108735601041956,5144171,5262504,4677215,5729460,0.8163448213269663,0.0017006288495073517,,,,,,,,,
density-s-i64250-draw44,density,s-i64250,raw/density-s-i64250-draw44/measurements.json,zero_gradient,sampled_pg,1e-05,,0.9012045884535559,0.021108735601041956,1342517,1375811,1213168,1505160,0.806006006006006,0.00045646432869134716,,,,,,,,,
density-s-i64250-draw44,density,s-i64250,raw/density-s-i64250-draw44/measurements.json,zero_gradient,student_topk,0.0,,0.9015819000095218,0.021024026940080022,5144171,5227466,4663764,5707873,0.8170756427131438,0.0016957150548132316,,,,,,,,,
density-s-i64250-draw44,density,s-i64250,raw/density-s-i64250-draw44/measurements.json,zero_gradient,student_topk,1e-05,,0.9015819000095218,0.021024026940080022,1342517,1364839,1209335,1498021,0.8072884158499781,0.00045490724825161095,,,,,,,,,
density-s-i64250-draw44,density,s-i64250,raw/density-s-i64250-draw44/measurements.json,zero_gradient,topk_intersection,0.0,,0.9051976116011221,0.020606096369121783,5144171,5215069,4664615,5694625,0.8191259301534342,0.0016934124727194665,,,,,,,,,
density-s-i64250-draw44,density,s-i64250,raw/density-s-i64250-draw44/measurements.json,zero_gradient,topk_intersection,1e-05,,0.9051976116011221,0.020606096369121783,1342517,1359776,1209841,1492452,0.8106398061713207,0.0004538550920315153,,,,,,,,,
density-s-i64250-draw44,density,s-i64250,raw/density-s-i64250-draw44/measurements.json,zero_gradient,teacher_topk,0.0,,0.9100400937946735,0.020073266530839046,5144171,5215881,4689490,5670562,0.8269885771463217,0.0016935778510870402,,,,,,,,,
density-s-i64250-draw44,density,s-i64250,raw/density-s-i64250-draw44/measurements.json,zero_gradient,teacher_topk,1e-05,,0.9100400937946735,0.020073266530839046,1342517,1359970,1216803,1485684,0.8190187146122594,0.0004538938620861209,,,,,,,,,
density-s-i64250-draw44,density,s-i64250,raw/density-s-i64250-draw44/measurements.json,zero_gradient,full_vocab,0.0,,0.9046533451188536,0.02072035056343309,5144171,5247804,4689848,5702127,0.8224734384204351,0.0017000279934942478,,,,,,,,,
density-s-i64250-draw44,density,s-i64250,raw/density-s-i64250-draw44/measurements.json,zero_gradient,full_vocab,1e-05,,0.9046533451188536,0.02072035056343309,1342517,1372521,1217549,1497489,0.8130603964369688,0.00045603431702355315,,,,,,,,,
density-s-i64250-draw44,density,s-i64250,raw/density-s-i64250-draw44/measurements.json,zero_gradient,sampled_pg_draw1,0.0,,0.9002119997144962,0.021226071572251592,5144171,5264147,4670175,5738143,0.8138826446116801,0.0017010019461290344,,,,,,,,,
density-s-i64250-draw44,density,s-i64250,raw/density-s-i64250-draw44/measurements.json,zero_gradient,sampled_pg_draw1,1e-05,,0.9002119997144962,0.021226071572251592,1342517,1376823,1211276,1508064,0.80319933371528,0.00045646554003844585,,,,,,,,,
density-s-i64250-draw44,density,s-i64250,raw/density-s-i64250-draw44/measurements.json,zero_gradient,sampled_pg_draw2,0.0,,0.8919335939159614,0.022089715795672003,5144171,5266646,4629022,5781795,0.8006202226125277,0.0017013125796372858,,,,,,,,,
density-s-i64250-draw44,density,s-i64250,raw/density-s-i64250-draw44/measurements.json,zero_gradient,sampled_pg_draw2,1e-05,,0.8919335939159614,0.022089715795672003,1342517,1377447,1199829,1520135,0.7892910826998918,0.00045680212272164054,,,,,,,,,
density-s-i64250-draw44,density,s-i64250,raw/density-s-i64250-draw44/measurements.json,zero_gradient,sampled_pg_draw3,0.0,,0.8942594602100694,0.02180967945803619,5144171,5233941,4628161,5749951,0.804904424402921,0.0016955600970118626,,,,,,,,,
density-s-i64250-draw44,density,s-i64250,raw/density-s-i64250-draw44/measurements.json,zero_gradient,sampled_pg_draw3,1e-05,,0.8942594602100694,0.02180967945803619,1342517,1367242,1199222,1510537,0.7939044194217023,0.00045487140513614704,,,,,,,,,
density-s-i64250-draw44,density,s-i64250,raw/density-s-i64250-draw44/measurements.json,sampled_pg,student_topk,0.0,0.1410490967104455,0.8718603077854143,0.02410746456652942,5262504,5227466,4563111,5926859,0.7699037550918623,0.0017145389147197058,,,,,,,,,
density-s-i64250-draw44,density,s-i64250,raw/density-s-i64250-draw44/measurements.json,sampled_pg,student_topk,1e-05,0.1410490967104455,0.8718603077854143,0.02410746456652942,1375811,1364839,1179969,1560681,0.7560603351998262,0.00046022357048616515,,,,,,,,,
density-s-i64250-draw44,density,s-i64250,raw/density-s-i64250-draw44/measurements.json,sampled_pg,topk_intersection,0.0,-0.07012788867578491,0.8598059814866611,0.025184232525233594,5262504,5215069,4484735,5992838,0.7483491127242218,0.001712304853331994,,,,,,,,,
density-s-i64250-draw44,density,s-i64250,raw/density-s-i64250-draw44/measurements.json,sampled_pg,topk_intersection,1e-05,-0.07012788867578491,0.8598059814866611,0.025184232525233594,1375811,1359776,1158133,1577454,0.7341786194716295,0.0004591811564453155,,,,,,,,,
density-s-i64250-draw44,density,s-i64250,raw/density-s-i64250-draw44/measurements.json,sampled_pg,teacher_topk,0.0,-0.08345078877313952,0.8624030088679738,0.024950270013504378,5262504,5215881,4498478,5979907,0.7522655452668411,0.0017124921780208777,,,,,,,,,
density-s-i64250-draw44,density,s-i64250,raw/density-s-i64250-draw44/measurements.json,sampled_pg,teacher_topk,1e-05,-0.08345078877313952,0.8624030088679738,0.024950270013504378,1375811,1359970,1161989,1573792,0.7383370864764848,0.000459225689321819,,,,,,,,,
density-s-i64250-draw44,density,s-i64250,raw/density-s-i64250-draw44/measurements.json,sampled_pg,full_vocab,0.0,0.19937149155217643,0.8751038003355058,0.023828576913833815,5262504,5247804,4591398,5918910,0.7757168127239644,0.0017189452865602362,,,,,,,,,
density-s-i64250-draw44,density,s-i64250,raw/density-s-i64250-draw44/measurements.json,sampled_pg,full_vocab,1e-05,0.19937149155217643,0.8751038003355058,0.023828576913833815,1375811,1372521,1189082,1559250,0.7625986852653519,0.00046138071630899926,,,,,,,,,
density-s-i64250-draw44,density,s-i64250,raw/density-s-i64250-draw44/measurements.json,sampled_pg,sampled_pg_draw1,0.0,0.19669339962437057,0.8728308105229832,0.024074146172949614,5262504,5264147,4581864,5944787,0.7707364452250349,0.0017200883412076635,,,,,,,,,
density-s-i64250-draw44,density,s-i64250,raw/density-s-i64250-draw44/measurements.json,sampled_pg,sampled_pg_draw1,1e-05,0.19669339962437057,0.8728308105229832,0.024074146172949614,1375811,1376823,1186112,1566522,0.7571626826817626,0.0004618682681849793,,,,,,,,,
density-s-i64250-draw44,density,s-i64250,raw/density-s-i64250-draw44/measurements.json,sampled_pg,sampled_pg_draw2,0.0,0.2675026732431534,0.8727183416373736,0.02408602101829285,5262504,5266646,4589029,5940121,0.7725480676235383,0.0017203628096658923,,,,,,,,,
density-s-i64250-draw44,density,s-i64250,raw/density-s-i64250-draw44/measurements.json,sampled_pg,sampled_pg_draw2,1e-05,0.2675026732431534,0.8727183416373736,0.02408602101829285,1375811,1377447,1187255,1566003,0.7581435029179382,0.0004621939872125236,,,,,,,,,
density-s-i64250-draw44,density,s-i64250,raw/density-s-i64250-draw44/measurements.json,sampled_pg,sampled_pg_draw3,0.0,0.08377517272374606,0.8585157222152329,0.02535051489664244,5262504,5233941,4493456,6002989,0.7485364374314196,0.0017144456674134387,,,,,,,,,
density-s-i64250-draw44,density,s-i64250,raw/density-s-i64250-draw44/measurements.json,sampled_pg,sampled_pg_draw3,1e-05,0.08377517272374606,0.8585157222152329,0.02535051489664244,1375811,1367242,1160632,1582421,0.7334533603889231,0.0004602092960630556,,,,,,,,,
density-s-i64250-draw44,density,s-i64250,raw/density-s-i64250-draw44/measurements.json,student_topk,topk_intersection,0.0,0.5650861423093239,0.9115827068094118,0.019960023991882462,5227466,5215069,4738853,5703682,0.8308410251483165,0.001707211425128334,,,,,,,,,
density-s-i64250-draw44,density,s-i64250,raw/density-s-i64250-draw44/measurements.json,student_topk,topk_intersection,1e-05,0.5650861423093239,0.9115827068094118,0.019960023991882462,1364839,1359776,1230104,1494511,0.8230812620315273,0.0004575734381535657,,,,,,,,,
density-s-i64250-draw44,density,s-i64250,raw/density-s-i64250-draw44/measurements.json,student_topk,teacher_topk,0.0,0.49718094367077253,0.907996449548211,0.02036107615200834,5227466,5215881,4721671,5721676,0.8252251612988921,0.0017073777469321996,,,,,,,,,
density-s-i64250-draw44,density,s-i64250,raw/density-s-i64250-draw44/measurements.json,student_topk,teacher_topk,1e-05,0.49718094367077253,0.907996449548211,0.02036107615200834,1364839,1359970,1224952,1499857,0.816712526594202,0.00045760974301960975,,,,,,,,,
density-s-i64250-draw44,density,s-i64250,raw/density-s-i64250-draw44/measurements.json,student_topk,full_vocab,0.0,0.8993351494849517,0.9485711177734002,0.01526125919954614,5227466,5247804,4963040,5512230,0.9003688162504104,0.0017139121730659057,,,,,,,,,
density-s-i64250-draw44,density,s-i64250,raw/density-s-i64250-draw44/measurements.json,student_topk,full_vocab,1e-05,0.8993351494849517,0.9485711177734002,0.01526125919954614,1364839,1372521,1293257,1444103,0.8955434619275772,0.00045978620059916326,,,,,,,,,
density-s-i64250-draw44,density,s-i64250,raw/density-s-i64250-draw44/measurements.json,student_topk,sampled_pg_draw1,0.0,0.09170273229578106,0.8677813633508313,0.024500672723844624,5227466,5264147,4541518,5950095,0.763268149500134,0.0017149178719404296,,,,,,,,,
density-s-i64250-draw44,density,s-i64250,raw/density-s-i64250-draw44/measurements.json,student_topk,sampled_pg_draw1,1e-05,0.09170273229578106,0.8677813633508313,0.024500672723844624,1364839,1376823,1174157,1567505,0.7490610875244417,0.0004602198923949649,,,,,,,,,
density-s-i64250-draw44,density,s-i64250,raw/density-s-i64250-draw44/measurements.json,student_topk,sampled_pg_draw2,0.0,-0.005824266525868244,0.8539830073356117,0.025748639541531733,5227466,5266646,4471451,6022661,0.7424377696171177,0.0017152273012710183,,,,,,,,,
density-s-i64250-draw44,density,s-i64250,raw/density-s-i64250-draw44/measurements.json,student_topk,sampled_pg_draw2,1e-05,-0.005824266525868244,0.8539830073356117,0.025748639541531733,1364839,1377447,1153575,1588711,0.7261075173521175,0.00046056167702533316,,,,,,,,,
density-s-i64250-draw44,density,s-i64250,raw/density-s-i64250-draw44/measurements.json,student_topk,sampled_pg_draw3,0.0,0.009134852885968575,0.8550200758265359,0.02561161507416268,5227466,5233941,4464644,5996763,0.7445089959366411,0.0017093909828525668,,,,,,,,,
density-s-i64250-draw44,density,s-i64250,raw/density-s-i64250-draw44/measurements.json,student_topk,sampled_pg_draw3,1e-05,0.009134852885968575,0.8550200758265359,0.02561161507416268,1364839,1367242,1151547,1580534,0.7285809732659975,0.0004586039858812459,,,,,,,,,
density-s-i64250-draw44,density,s-i64250,raw/density-s-i64250-draw44/measurements.json,topk_intersection,teacher_topk,0.0,0.9733536189090007,0.9769680830201987,0.010173960712233625,5215069,5215881,5090043,5340907,0.9530297007605637,0.0017052352824110382,,,,,,,,,
density-s-i64250-draw44,density,s-i64250,raw/density-s-i64250-draw44/measurements.json,topk_intersection,teacher_topk,1e-05,0.9733536189090007,0.9769680830201987,0.010173960712233625,1359776,1359970,1325971,1393775,0.9513522627396818,0.00045659243564770473,,,,,,,,,
density-s-i64250-draw44,density,s-i64250,raw/density-s-i64250-draw44/measurements.json,topk_intersection,full_vocab,0.0,0.3803937693244779,0.8909339996522917,0.022196202926363776,5215069,5247804,4641515,5821358,0.7973251258555134,0.001711577105287708,,,,,,,,,
density-s-i64250-draw44,density,s-i64250,raw/density-s-i64250-draw44/measurements.json,topk_intersection,full_vocab,1e-05,0.3803937693244779,0.8909339996522917,0.022196202926363776,1359776,1372521,1203206,1529091,0.7868766476292124,0.0004587131232155242,,,,,,,,,
density-s-i64250-draw44,density,s-i64250,raw/density-s-i64250-draw44/measurements.json,topk_intersection,sampled_pg_draw1,0.0,-0.1813903615333027,0.8549737169299678,0.025627830756210196,5215069,5264147,4456658,6022558,0.7399942017993019,0.0017127714503633825,,,,,,,,,
density-s-i64250-draw44,density,s-i64250,raw/density-s-i64250-draw44/measurements.json,topk_intersection,sampled_pg_draw1,1e-05,-0.1813903615333027,0.8549737169299678,0.025627830756210196,1359776,1376823,1150168,1586431,0.7250034826601346,0.00045920037193260434,,,,,,,,,
density-s-i64250-draw44,density,s-i64250,raw/density-s-i64250-draw44/measurements.json,topk_intersection,sampled_pg_draw2,0.0,-0.1703289825906009,0.8488575390973792,0.02616394084068736,5215069,5266646,4426524,6055191,0.7310296240036028,0.001712991259053988,,,,,,,,,
density-s-i64250-draw44,density,s-i64250,raw/density-s-i64250-draw44/measurements.json,topk_intersection,sampled_pg_draw2,1e-05,-0.1703289825906009,0.8488575390973792,0.02616394084068736,1359776,1377447,1141598,1595625,0.7154550724637682,0.0004595171840237232,,,,,,,,,
density-s-i64250-draw44,density,s-i64250,raw/density-s-i64250-draw44/measurements.json,topk_intersection,sampled_pg_draw3,0.0,0.02217468382564974,0.8583531388117656,0.025283211944326683,5215069,5233941,4467706,5981304,0.7469451477470465,0.0017071333105506009,,,,,,,,,
density-s-i64250-draw44,density,s-i64250,raw/density-s-i64250-draw44/measurements.json,topk_intersection,sampled_pg_draw3,1e-05,0.02217468382564974,0.8583531388117656,0.025283211944326683,1359776,1367242,1152867,1574151,0.7323738319894343,0.00045755374412966156,,,,,,,,,
density-s-i64250-draw44,density,s-i64250,raw/density-s-i64250-draw44/measurements.json,teacher_topk,full_vocab,0.0,0.33868485507444474,0.8920281456514835,0.022084914246958673,5215881,5247804,4649077,5814608,0.7995512337203127,0.0017117542633329024,,,,,,,,,
density-s-i64250-draw44,density,s-i64250,raw/density-s-i64250-draw44/measurements.json,teacher_topk,full_vocab,1e-05,0.33868485507444474,0.8920281456514835,0.022084914246958673,1359970,1372521,1205034,1527457,0.7889151707707648,0.0004587541281629008,,,,,,,,,
density-s-i64250-draw44,density,s-i64250,raw/density-s-i64250-draw44/measurements.json,teacher_topk,sampled_pg_draw1,0.0,-0.21297849819321665,0.8561972831425718,0.025519875166745424,5215881,5264147,4462705,6017323,0.7416429199496188,0.001712977091874095,,,,,,,,,
density-s-i64250-draw44,density,s-i64250,raw/density-s-i64250-draw44/measurements.json,teacher_topk,sampled_pg_draw1,1e-05,-0.21297849819321665,0.8561972831425718,0.025519875166745424,1359970,1376823,1151986,1584807,0.7268935586478353,0.0004592528569424053,,,,,,,,,
density-s-i64250-draw44,density,s-i64250,raw/density-s-i64250-draw44/measurements.json,teacher_topk,sampled_pg_draw2,0.0,-0.17892297287950537,0.852267036718659,0.025867575956181867,5215881,5266646,4444103,6038424,0.7359706771170755,0.0017131805635482264,,,,,,,,,
density-s-i64250-draw44,density,s-i64250,raw/density-s-i64250-draw44/measurements.json,teacher_topk,sampled_pg_draw2,1e-05,-0.17892297287950537,0.852267036718659,0.025867575956181867,1359970,1377447,1146677,1590740,0.7208450155273646,0.00045956445564464444,,,,,,,,,
density-s-i64250-draw44,density,s-i64250,raw/density-s-i64250-draw44/measurements.json,teacher_topk,sampled_pg_draw3,0.0,0.031103751697204588,0.8608621267538942,0.02505866802229548,5215881,5233941,4480374,5969448,0.7505508046975198,0.0017073041299757131,,,,,,,,,
density-s-i64250-draw44,density,s-i64250,raw/density-s-i64250-draw44/measurements.json,teacher_topk,sampled_pg_draw3,1e-05,0.031103751697204588,0.8608621267538942,0.02505866802229548,1359970,1367242,1156708,1570504,0.7365202508239393,0.0004575939720034807,,,,,,,,,
density-s-i64250-draw44,density,s-i64250,raw/density-s-i64250-draw44/measurements.json,full_vocab,sampled_pg_draw1,0.0,0.10593865122367935,0.8672309535261391,0.02458047227813434,5247804,5264147,4547117,5964834,0.7623207955158517,0.001719308167467681,,,,,,,,,
density-s-i64250-draw44,density,s-i64250,raw/density-s-i64250-draw44/measurements.json,full_vocab,sampled_pg_draw1,1e-05,0.10593865122367935,0.8672309535261391,0.02458047227813434,1372521,1376823,1176897,1572447,0.748449391299039,0.00046137235529139563,,,,,,,,,
density-s-i64250-draw44,density,s-i64250,raw/density-s-i64250-draw44/measurements.json,full_vocab,sampled_pg_draw2,0.0,0.021208044405710523,0.8547769050539675,0.025708789580324742,5247804,5266646,4485859,6028591,0.7440974184515088,0.0017196332448705643,,,,,,,,,
density-s-i64250-draw44,density,s-i64250,raw/density-s-i64250-draw44/measurements.json,full_vocab,sampled_pg_draw2,1e-05,0.021208044405710523,0.8547769050539675,0.025708789580324742,1372521,1377447,1159086,1590882,0.728580749546478,0.0004617216734238735,,,,,,,,,
density-s-i64250-draw44,density,s-i64250,raw/density-s-i64250-draw44/measurements.json,full_vocab,sampled_pg_draw3,0.0,0.08628024675417181,0.8582302994599156,0.025357029566680546,5247804,5233941,4489426,5992319,0.749196763389933,0.001713750772746583,,,,,,,,,
density-s-i64250-draw44,density,s-i64250,raw/density-s-i64250-draw44/measurements.json,full_vocab,sampled_pg_draw3,1e-05,0.08628024675417181,0.8582302994599156,0.025357029566680546,1372521,1367242,1160090,1579673,0.7343861672637312,0.00045974785878680067,,,,,,,,,
density-s-i64250-draw44,density,s-i64250,raw/density-s-i64250-draw44/measurements.json,sampled_pg_draw1,sampled_pg_draw2,0.0,0.12352493081227199,0.8582651604369895,0.02542931498007468,5264147,5266646,4506951,6023842,0.7481854603756207,0.0017207964671865036,,,,,,,,,
density-s-i64250-draw44,density,s-i64250,raw/density-s-i64250-draw44/measurements.json,sampled_pg_draw1,sampled_pg_draw2,1e-05,0.12352493081227199,0.8582651604369895,0.02542931498007468,1376823,1377447,1164811,1589459,0.732834882812328,0.0004622146735613077,,,,,,,,,
density-s-i64250-draw44,density,s-i64250,raw/density-s-i64250-draw44/measurements.json,sampled_pg_draw1,sampled_pg_draw3,0.0,0.20024596617377335,0.8707386336002539,0.02424306167482516,5264147,5233941,4557183,5940905,0.7670856544583695,0.0017149198910557015,,,,,,,,,
density-s-i64250-draw44,density,s-i64250,raw/density-s-i64250-draw44/measurements.json,sampled_pg_draw1,sampled_pg_draw3,1e-05,0.20024596617377335,0.8707386336002539,0.02424306167482516,1376823,1367242,1178852,1565213,0.753157557469814,0.00046023090867785974,,,,,,,,,
density-s-i64250-draw44,density,s-i64250,raw/density-s-i64250-draw44/measurements.json,sampled_pg_draw2,sampled_pg_draw3,0.0,0.000275762620883957,0.8490721653097717,0.026197444338510845,5266646,5233941,4448316,6052271,0.7349829510278043,0.0017151384019411752,,,,,,,,,
density-s-i64250-draw44,density,s-i64250,raw/density-s-i64250-draw44/measurements.json,sampled_pg_draw2,sampled_pg_draw3,1e-05,0.000275762620883957,0.8490721653097717,0.026197444338510845,1377447,1367242,1147153,1597536,0.718076462752639,0.0004605448333671465,,,,,,,,,
density-s-i64250-draw45,density,s-i64250,raw/density-s-i64250-draw45/measurements.json,zero_gradient,sampled_pg,0.0,,0.9195423932081216,0.019009305120407143,5144171,5214826,4757076,5601921,0.8491865558261175,0.0016944542863973878,,,,,,,,,
density-s-i64250-draw45,density,s-i64250,raw/density-s-i64250-draw45/measurements.json,zero_gradient,sampled_pg,1e-05,,0.9195423932081216,0.019009305120407143,1342517,1362712,1235244,1469985,0.840310615414443,0.0004547275001079753,,,,,,,,,
density-s-i64250-draw45,density,s-i64250,raw/density-s-i64250-draw45/measurements.json,zero_gradient,student_topk,0.0,,0.9128656765177827,0.01981060079909713,5144171,5238922,4731648,5651445,0.837245695569894,0.0016985246945795745,,,,,,,,,
density-s-i64250-draw45,density,s-i64250,raw/density-s-i64250-draw45/measurements.json,zero_gradient,student_topk,1e-05,,0.9128656765177827,0.01981060079909713,1342517,1369924,1228186,1484255,0.8274764107245722,0.00045593149447933554,,,,,,,,,
density-s-i64250-draw45,density,s-i64250,raw/density-s-i64250-draw45/measurements.json,zero_gradient,topk_intersection,0.0,,0.912540301856851,0.019846156198598884,5144171,5238237,4730164,5652244,0.8368647921073471,0.0016983954366840911,,,,,,,,,
density-s-i64250-draw45,density,s-i64250,raw/density-s-i64250-draw45/measurements.json,zero_gradient,topk_intersection,1e-05,,0.912540301856851,0.019846156198598884,1342517,1369744,1227808,1484453,0.8271114006304006,0.000455896641581598,,,,,,,,,
density-s-i64250-draw45,density,s-i64250,raw/density-s-i64250-draw45/measurements.json,zero_gradient,teacher_topk,0.0,,0.9125866617004991,0.019840835581937867,5144171,5238131,4730203,5652099,0.8368931612839761,0.0016983774963116626,,,,,,,,,
density-s-i64250-draw45,density,s-i64250,raw/density-s-i64250-draw45/measurements.json,zero_gradient,teacher_topk,1e-05,,0.9125866617004991,0.019840835581937867,1342517,1369759,1227846,1484430,0.827149815080536,0.00045589806777749726,,,,,,,,,
density-s-i64250-draw45,density,s-i64250,raw/density-s-i64250-draw45/measurements.json,zero_gradient,full_vocab,0.0,,0.9130053008752969,0.01979635405143617,5144171,5240005,4732540,5651636,0.8373752308181206,0.00169870822180815,,,,,,,,,
density-s-i64250-draw45,density,s-i64250,raw/density-s-i64250-draw45/measurements.json,zero_gradient,full_vocab,1e-05,,0.9130053008752969,0.01979635405143617,1342517,1370304,1228541,1484280,0.8277016465895922,0.00045600396682703197,,,,,,,,,
density-s-i64250-draw45,density,s-i64250,raw/density-s-i64250-draw45/measurements.json,zero_gradient,sampled_pg_draw1,0.0,,0.9140029945888587,0.019666212606277777,5144171,5229716,4735234,5638653,0.839781061186067,0.001696697695448465,,,,,,,,,
density-s-i64250-draw45,density,s-i64250,raw/density-s-i64250-draw45/measurements.json,zero_gradient,sampled_pg_draw1,1e-05,,0.9140029945888587,0.019666212606277777,1342517,1366692,1228820,1480389,0.8300656111332899,0.00045529195954472414,,,,,,,,,
density-s-i64250-draw45,density,s-i64250,raw/density-s-i64250-draw45/measurements.json,zero_gradient,sampled_pg_draw2,0.0,,0.9084624735197009,0.020289853305330053,5144171,5214782,4697880,5661073,0.829856813363827,0.0016942004883549818,,,,,,,,,
density-s-i64250-draw45,density,s-i64250,raw/density-s-i64250-draw45/measurements.json,zero_gradient,sampled_pg_draw2,1e-05,,0.9084624735197009,0.020289853305330053,1342517,1364146,1219226,1487437,0.8196824470549005,0.00045498634674311653,,,,,,,,,
density-s-i64250-draw45,density,s-i64250,raw/density-s-i64250-draw45/measurements.json,zero_gradient,sampled_pg_draw3,0.0,,0.9140154564986568,0.019664938055809687,5144171,5229521,4735237,5638455,0.8398110830005737,0.0016966662758812869,,,,,,,,,
density-s-i64250-draw45,density,s-i64250,raw/density-s-i64250-draw45/measurements.json,zero_gradient,sampled_pg_draw3,1e-05,,0.9140154564986568,0.019664938055809687,1342517,1366717,1228864,1480370,0.8301059870167593,0.0004552960259068394,,,,,,,,,
density-s-i64250-draw45,density,s-i64250,raw/density-s-i64250-draw45/measurements.json,sampled_pg,student_topk,0.0,0.6574007688178675,0.9458801646628324,0.015657010956581095,5214826,5238922,4944915,5508833,0.8976338545750071,0.0017111886395686708,,,,,,,,,
density-s-i64250-draw45,density,s-i64250,raw/density-s-i64250-draw45/measurements.json,sampled_pg,student_topk,1e-05,0.6574007688178675,0.9458801646628324,0.015657010956581095,1362712,1369924,1287774,1444862,0.8912781981947064,0.00045952572417782276,,,,,,,,,
density-s-i64250-draw45,density,s-i64250,raw/density-s-i64250-draw45/measurements.json,sampled_pg,topk_intersection,0.0,0.6620249857558845,0.9463108365898426,0.015593556826945177,5214826,5238237,4946892,5506171,0.8984268741381262,0.0017110556876436336,,,,,,,,,
density-s-i64250-draw45,density,s-i64250,raw/density-s-i64250-draw45/measurements.json,sampled_pg,topk_intersection,1e-05,0.6620249857558845,0.9463108365898426,0.015593556826945177,1362712,1369744,1288309,1444147,0.8920899326730589,0.00045949005617287604,,,,,,,,,
density-s-i64250-draw45,density,s-i64250,raw/density-s-i64250-draw45/measurements.json,sampled_pg,teacher_topk,0.0,0.6630055453021194,0.9464909072034215,0.015567339895865033,5214826,5238131,4947588,5505369,0.898684175393148,0.0017110378519599493,,,,,,,,,
density-s-i64250-draw45,density,s-i64250,raw/density-s-i64250-draw45/measurements.json,sampled_pg,teacher_topk,1e-05,0.6630055453021194,0.9464909072034215,0.015567339895865033,1362712,1369759,1288564,1443907,0.8924148161896853,0.00045949163593986465,,,,,,,,,
density-s-i64250-draw45,density,s-i64250,raw/density-s-i64250-draw45/measurements.json,sampled_pg,full_vocab,0.0,0.6514829984129133,0.9454985508573065,0.015713342078819897,5214826,5240005,4943185,5511646,0.8968618449007791,0.0017113758659951116,,,,,,,,,
density-s-i64250-draw45,density,s-i64250,raw/density-s-i64250-draw45/measurements.json,sampled_pg,full_vocab,1e-05,0.6514829984129133,0.9454985508573065,0.015713342078819897,1362712,1370304,1287328,1445688,0.8904604589648666,0.00045959953167966854,,,,,,,,,
density-s-i64250-draw45,density,s-i64250,raw/density-s-i64250-draw45/measurements.json,sampled_pg,sampled_pg_draw1,0.0,0.7647371260793526,0.9524110824450013,0.014671537006419072,5214826,5229716,4973639,5470903,0.9091075093087924,0.001709329814399155,,,,,,,,,
density-s-i64250-draw45,density,s-i64250,raw/density-s-i64250-draw45/measurements.json,sampled_pg,sampled_pg_draw1,1e-05,0.7647371260793526,0.9524110824450013,0.014671537006419072,1362712,1366692,1295517,1433887,0.90350006660218,0.0004588742936013421,,,,,,,,,
density-s-i64250-draw45,density,s-i64250,raw/density-s-i64250-draw45/measurements.json,sampled_pg,sampled_pg_draw2,0.0,0.11368695401198038,0.8887633852362371,0.022430992751928593,5214826,5214782,4635726,5793882,0.8001070784665618,0.0017066975273506018,,,,,,,,,
density-s-i64250-draw45,density,s-i64250,raw/density-s-i64250-draw45/measurements.json,sampled_pg,sampled_pg_draw2,1e-05,0.11368695401198038,0.8887633852362371,0.022430992751928593,1362712,1364146,1200773,1526085,0.7868323193006943,0.000458530526117068,,,,,,,,,
density-s-i64250-draw45,density,s-i64250,raw/density-s-i64250-draw45/measurements.json,sampled_pg,sampled_pg_draw3,0.0,0.7647774876508222,0.9524234937915776,0.014669729637522864,5214826,5229521,4973564,5470783,0.9091137411226144,0.0017092977255516112,,,,,,,,,
density-s-i64250-draw45,density,s-i64250,raw/density-s-i64250-draw45/measurements.json,sampled_pg,sampled_pg_draw3,1e-05,0.7647774876508222,0.9524234937915776,0.014669729637522864,1362712,1366717,1295516,1433913,0.90348298676419,0.00045887864900274995,,,,,,,,,
density-s-i64250-draw45,density,s-i64250,raw/density-s-i64250-draw45/measurements.json,student_topk,topk_intersection,0.0,0.9988199874167277,0.9956833669920219,0.004427285493259786,5238922,5238237,5215347,5261812,0.9911693918368806,0.0017152464689068312,,,,,,,,,
density-s-i64250-draw45,density,s-i64250,raw/density-s-i64250-draw45/measurements.json,student_topk,topk_intersection,1e-05,0.9988199874167277,0.9956833669920219,0.004427285493259786,1369924,1369744,1363495,1376173,0.990787495467503,0.00046073298594389054,,,,,,,,,
density-s-i64250-draw45,density,s-i64250,raw/density-s-i64250-draw45/measurements.json,student_topk,teacher_topk,0.0,0.9988600736091665,0.9957151724790319,0.004410932761928117,5238922,5238131,5215393,5261660,0.9912067674460151,0.0017152285003374495,,,,,,,,,
density-s-i64250-draw45,density,s-i64250,raw/density-s-i64250-draw45/measurements.json,student_topk,teacher_topk,1e-05,0.9988600736091665,0.9957151724790319,0.004410932761928117,1369924,1369759,1363541,1376142,0.9908432414678137,0.00046073442569743897,,,,,,,,,
density-s-i64250-draw45,density,s-i64250,raw/density-s-i64250-draw45/measurements.json,student_topk,full_vocab,0.0,0.9995248683822386,0.9974214197844011,0.0034222817134341656,5238922,5240005,5225544,5253383,0.9947007480703387,0.0017155674282520257,,,,,,,,,
density-s-i64250-draw45,density,s-i64250,raw/density-s-i64250-draw45/measurements.json,student_topk,full_vocab,1e-05,0.9995248683822386,0.9974214197844011,0.0034222817134341656,1369924,1370304,1366295,1373933,0.9944407769520056,0.00046084243725262743,,,,,,,,,
density-s-i64250-draw45,density,s-i64250,raw/density-s-i64250-draw45/measurements.json,student_topk,sampled_pg_draw1,0.0,0.8708092646516885,0.9583613383125464,0.013741932466665632,5238922,5229716,5012877,5455761,0.9188226903634525,0.0017135168035777373,,,,,,,,,
density-s-i64250-draw45,density,s-i64250,raw/density-s-i64250-draw45/measurements.json,student_topk,sampled_pg_draw1,1e-05,0.8708092646516885,0.9583613383125464,0.013741932466665632,1369924,1366692,1307031,1429585,0.9142730232899757,0.00046011519753470337,,,,,,,,,
density-s-i64250-draw45,density,s-i64250,raw/density-s-i64250-draw45/measurements.json,student_topk,sampled_pg_draw2,0.0,0.214673267397237,0.8904905791395089,0.02228569033893043,5238922,5214782,4654650,5799054,0.802656778157265,0.0017108197601722395,,,,,,,,,
density-s-i64250-draw45,density,s-i64250,raw/density-s-i64250-draw45/measurements.json,student_topk,sampled_pg_draw2,1e-05,0.214673267397237,0.8904905791395089,0.02228569033893043,1369924,1364146,1206181,1527889,0.7894428194718334,0.00045975281479743917,,,,,,,,,
density-s-i64250-draw45,density,s-i64250,raw/density-s-i64250-draw45/measurements.json,student_topk,sampled_pg_draw3,0.0,0.8708201852396885,0.9583671654512267,0.013741064328524533,5238922,5229521,5012848,5455595,0.9188453321773336,0.0017134843819340047,,,,,,,,,
density-s-i64250-draw45,density,s-i64250,raw/density-s-i64250-draw45/measurements.json,student_topk,sampled_pg_draw3,1e-05,0.8708201852396885,0.9583671654512267,0.013741064328524533,1369924,1366717,1307043,1429598,0.9142731033479342,0.0004601196256533797,,,,,,,,,
density-s-i64250-draw45,density,s-i64250,raw/density-s-i64250-draw45/measurements.json,topk_intersection,teacher_topk,0.0,0.9999212261715332,0.9988171301316751,0.0023174174257741043,5238237,5238131,5231664,5244704,0.9975136823736859,0.0017150959375262418,,,,,,,,,
density-s-i64250-draw45,density,s-i64250,raw/density-s-i64250-draw45/measurements.json,topk_intersection,teacher_topk,1e-05,0.9999212261715332,0.9988171301316751,0.0023174174257741043,1369744,1369759,1367939,1371564,0.9973570318264404,0.00046069908367867517,,,,,,,,,
density-s-i64250-draw45,density,s-i64250,raw/density-s-i64250-draw45/measurements.json,topk_intersection,full_vocab,0.0,0.9977606171955681,0.9944343383924684,0.0050275551353383295,5238237,5240005,5208834,5269408,0.9885045910280623,0.0017154345183691179,,,,,,,,,
density-s-i64250-draw45,density,s-i64250,raw/density-s-i64250-draw45/measurements.json,topk_intersection,full_vocab,1e-05,0.9977606171955681,0.9944343383924684,0.0050275551353383295,1369744,1370304,1361780,1378268,0.9880371596815714,0.00046080696779493254,,,,,,,,,
density-s-i64250-draw45,density,s-i64250,raw/density-s-i64250-draw45/measurements.json,topk_intersection,sampled_pg_draw1,0.0,0.8822852091227078,0.9600047819218441,0.013467135358664919,5238237,5229716,5021676,5446277,0.9220383024954478,0.0017133852604097857,,,,,,,,,
density-s-i64250-draw45,density,s-i64250,raw/density-s-i64250-draw45/measurements.json,topk_intersection,sampled_pg_draw1,1e-05,0.8822852091227078,0.9600047819218441,0.013467135358664919,1369744,1366692,1309475,1426961,0.9176669859933103,0.0004600800817270756,,,,,,,,,
density-s-i64250-draw45,density,s-i64250,raw/density-s-i64250-draw45/measurements.json,topk_intersection,sampled_pg_draw2,0.0,0.20686987177760993,0.8901451938710883,0.022319374199144565,5238237,5214782,4652317,5800702,0.8020265478212809,0.0017106892127273234,,,,,,,,,
density-s-i64250-draw45,density,s-i64250,raw/density-s-i64250-draw45/measurements.json,topk_intersection,sampled_pg_draw2,1e-05,0.20686987177760993,0.8901451938710883,0.022319374199144565,1369744,1364146,1205545,1528345,0.7887911433609558,0.0004597176636319053,,,,,,,,,
density-s-i64250-draw45,density,s-i64250,raw/density-s-i64250-draw45/measurements.json,topk_intersection,sampled_pg_draw3,0.0,0.8823099146205374,0.9600133329686512,0.013465787395811476,5238237,5229521,5021639,5446119,0.9220582583671051,0.001713352861967483,,,,,,,,,
density-s-i64250-draw45,density,s-i64250,raw/density-s-i64250-draw45/measurements.json,topk_intersection,sampled_pg_draw3,1e-05,0.8823099146205374,0.9600133329686512,0.013465787395811476,1369744,1366717,1309486,1426975,0.9176656914101509,0.0004600845120271163,,,,,,,,,
density-s-i64250-draw45,density,s-i64250,raw/density-s-i64250-draw45/measurements.json,teacher_topk,full_vocab,0.0,0.9977595065419556,0.9943354516354582,0.005072007452211559,5238131,5240005,5208353,5269783,0.9883429735152283,0.0017154165509090764,,,,,,,,,
density-s-i64250-draw45,density,s-i64250,raw/density-s-i64250-draw45/measurements.json,teacher_topk,full_vocab,1e-05,0.9977595065419556,0.9943354516354582,0.005072007452211559,1369759,1370304,1361640,1378423,0.9878244921914391,0.0004608084080447496,,,,,,,,,
density-s-i64250-draw45,density,s-i64250,raw/density-s-i64250-draw45/measurements.json,teacher_topk,sampled_pg_draw1,0.0,0.8823794849871313,0.96007891282062,0.0134546095766969,5238131,5229716,5021888,5445959,0.922131070028254,0.0017133671989671753,,,,,,,,,
density-s-i64250-draw45,density,s-i64250,raw/density-s-i64250-draw45/measurements.json,teacher_topk,sampled_pg_draw1,1e-05,0.8823794849871313,0.96007891282062,0.0134546095766969,1369759,1366692,1309584,1426867,0.9178038317516629,0.00046008152688168334,,,,,,,,,
density-s-i64250-draw45,density,s-i64250,raw/density-s-i64250-draw45/measurements.json,teacher_topk,sampled_pg_draw2,0.0,0.20718900021068745,0.8901501867471685,0.022318802561506885,5238131,5214782,4652345,5800568,0.802049902699184,0.0017106708688576246,,,,,,,,,
density-s-i64250-draw45,density,s-i64250,raw/density-s-i64250-draw45/measurements.json,teacher_topk,sampled_pg_draw2,1e-05,0.20718900021068745,0.8901501867471685,0.022318802561506885,1369759,1364146,1205572,1528333,0.7888150030130868,0.00045971912205157434,,,,,,,,,
density-s-i64250-draw45,density,s-i64250,raw/density-s-i64250-draw45/measurements.json,teacher_topk,sampled_pg_draw3,0.0,0.882397446159813,0.960091208400254,0.013452629119311664,5238131,5229521,5021839,5445813,0.9221467942435776,0.001713334797001391,,,,,,,,,
density-s-i64250-draw45,density,s-i64250,raw/density-s-i64250-draw45/measurements.json,teacher_topk,sampled_pg_draw3,1e-05,0.882397446159813,0.960091208400254,0.013452629119311664,1369759,1366717,1309596,1426880,0.9178038797936757,0.0004600859482427068,,,,,,,,,
density-s-i64250-draw45,density,s-i64250,raw/density-s-i64250-draw45/measurements.json,full_vocab,sampled_pg_draw1,0.0,0.8612979721626561,0.957086268479021,0.01395182148730213,5240005,5229716,5006614,5463107,0.916440772622612,0.0017137042710410242,,,,,,,,,
density-s-i64250-draw45,density,s-i64250,raw/density-s-i64250-draw45/measurements.json,full_vocab,sampled_pg_draw1,1e-05,0.8612979721626561,0.957086268479021,0.01395182148730213,1370304,1366692,1305315,1431681,0.9117359244133295,0.0004601888598535383,,,,,,,,,
density-s-i64250-draw45,density,s-i64250,raw/density-s-i64250-draw45/measurements.json,full_vocab,sampled_pg_draw2,0.0,0.21957970393114842,0.8907961253291742,0.022256260691895083,5240005,5214782,4656477,5798310,0.8030748614682554,0.0017110057393450945,,,,,,,,,
density-s-i64250-draw45,density,s-i64250,raw/density-s-i64250-draw45/measurements.json,full_vocab,sampled_pg_draw2,1e-05,0.21957970393114842,0.8907961253291742,0.022256260691895083,1370304,1364146,1206765,1527685,0.7899305157804128,0.0004598264550541167,,,,,,,,,
density-s-i64250-draw45,density,s-i64250,raw/density-s-i64250-draw45/measurements.json,full_vocab,sampled_pg_draw3,0.0,0.8612952187515804,0.957087163646158,0.013951770596534229,5240005,5229521,5006573,5462953,0.9164591018813452,0.0017136718438704515,,,,,,,,,
density-s-i64250-draw45,density,s-i64250,raw/density-s-i64250-draw45/measurements.json,full_vocab,sampled_pg_draw3,1e-05,0.8612952187515804,0.957087163646158,0.013951770596534229,1370304,1366717,1305327,1431694,0.9117360273913281,0.0004601932862711347,,,,,,,,,
density-s-i64250-draw45,density,s-i64250,raw/density-s-i64250-draw45/measurements.json,sampled_pg_draw1,sampled_pg_draw2,0.0,-0.12251912436825096,0.869803861427993,0.024282870487378,5229716,5214782,4546352,5898146,0.7708103529481977,0.0017089704874322898,,,,,,,,,
density-s-i64250-draw45,density,s-i64250,raw/density-s-i64250-draw45/measurements.json,sampled_pg_draw1,sampled_pg_draw2,1e-05,-0.12251912436825096,0.869803861427993,0.024282870487378,1366692,1364146,1174276,1556562,0.7544036151467144,0.00045910399667262555,,,,,,,,,
density-s-i64250-draw45,density,s-i64250,raw/density-s-i64250-draw45/measurements.json,sampled_pg_draw1,sampled_pg_draw3,0.0,0.9999614783375923,0.9994970157471683,0.0015093058487612296,5229716,5229521,5226724,5232513,0.9988936482336499,0.001711632948319733,,,,,,,,,
density-s-i64250-draw45,density,s-i64250,raw/density-s-i64250-draw45/measurements.json,sampled_pg_draw1,sampled_pg_draw3,1e-05,0.9999614783375923,0.9994970157471683,0.0015093058487612296,1366692,1366717,1365953,1367456,0.9989008787120024,0.00045947040059710667,,,,,,,,,
density-s-i64250-draw45,density,s-i64250,raw/density-s-i64250-draw45/measurements.json,sampled_pg_draw2,sampled_pg_draw3,0.0,-0.12225226443589136,0.8698331858135858,0.024280306359849412,5214782,5229521,4546355,5897948,0.7708367384724314,0.0017089387476164266,,,,,,,,,
density-s-i64250-draw45,density,s-i64250,raw/density-s-i64250-draw45/measurements.json,sampled_pg_draw2,sampled_pg_draw3,1e-05,-0.12225226443589136,0.8698331858135858,0.024280306359849412,1364146,1366717,1174330,1556533,0.7544523630401668,0.0004591081399525905,,,,,,,,,
teachers-m-pg250-draw42,teachers,m-pg250,raw/teachers-m-pg250-draw42/measurements.json,routed/math/sampled_pg,routed/code/sampled_pg,0.0,-0.009139047293907515,0.8976277316064374,0.011417081447768084,3240919,3129149,2826141,3543927,0.7974602750000211,0.0009941084067813643,True,172058,0.7864277259796084,True,860288,0.7603133127213723,True,1720575,0.7539348406695345
teachers-m-pg250-draw42,teachers,m-pg250,raw/teachers-m-pg250-draw42/measurements.json,routed/math/sampled_pg,routed/code/sampled_pg,1e-05,-0.009139047293907515,0.8976277316064374,0.011417081447768084,627753,604786,542155,690384,0.785294850402095,0.00020049402007833616,True,172058,0.7864277259796084,True,860288,0.7603133127213723,True,1720575,0.7539348406695345
teachers-m-pg250-draw42,teachers,m-pg250,raw/teachers-m-pg250-draw42/measurements.json,routed/math/sampled_pg,routed/if/sampled_pg,0.0,-0.0013460727920785772,0.8570774420377142,0.01355945039947566,3240919,3231568,2717452,3755035,0.723682202695847,0.0010113745962673129,True,172058,0.746347355226365,True,860288,0.7077728271151179,True,1720575,0.7015524938945064
teachers-m-pg250-draw42,teachers,m-pg250,raw/teachers-m-pg250-draw42/measurements.json,routed/math/sampled_pg,routed/if/sampled_pg,1e-05,-0.0013460727920785772,0.8570774420377142,0.01355945039947566,627753,625184,520209,732728,0.7099619504099748,0.0002039485825889104,True,172058,0.746347355226365,True,860288,0.7077728271151179,True,1720575,0.7015524938945064
teachers-m-pg250-draw42,teachers,m-pg250,raw/teachers-m-pg250-draw42/measurements.json,routed/math/sampled_pg,routed/science/sampled_pg,0.0,-0.00048702114921493324,0.847085811867854,0.014054028088881494,3240919,3267572,2697732,3810759,0.707925114130807,0.0010185027862329404,True,172058,0.7311399537176778,True,860288,0.6873123248283343,True,1720575,0.6819515065786804
teachers-m-pg250-draw42,teachers,m-pg250,raw/teachers-m-pg250-draw42/measurements.json,routed/math/sampled_pg,routed/science/sampled_pg,1e-05,-0.00048702114921493324,0.847085811867854,0.014054028088881494,627753,631955,515758,743950,0.693269708985819,0.0002054613232184548,True,172058,0.7311399537176778,True,860288,0.6873123248283343,True,1720575,0.6819515065786804
teachers-m-pg250-draw42,teachers,m-pg250,raw/teachers-m-pg250-draw42/measurements.json,routed/code/sampled_pg,routed/if/sampled_pg,0.0,0.027399300636579093,0.9160830307615955,0.010333190663629116,3129149,3231568,2862058,3498659,0.818044284967469,0.0009902986387517396,True,172058,0.8425178299886488,True,860288,0.7892510331545375,True,1720575,0.7828314751108716
teachers-m-pg250-draw42,teachers,m-pg250,raw/teachers-m-pg250-draw42/measurements.json,routed/code/sampled_pg,routed/if/sampled_pg,1e-05,0.027399300636579093,0.9160830307615955,0.010333190663629116,604786,625184,551596,678374,0.8131148894267763,0.00019930985512843605,True,172058,0.8425178299886488,True,860288,0.7892510331545375,True,1720575,0.7828314751108716
teachers-m-pg250-draw42,teachers,m-pg250,raw/teachers-m-pg250-draw42/measurements.json,routed/code/sampled_pg,routed/science/sampled_pg,0.0,0.004922004916076342,0.8975962786643348,0.011440063931968763,3129149,3267572,2818062,3578659,0.7874631251538635,0.0009969465374558362,True,172058,0.7923641856346685,True,860288,0.7467723448558025,True,1720575,0.7419769285440927
teachers-m-pg250-draw42,teachers,m-pg250,raw/teachers-m-pg250-draw42/measurements.json,routed/code/sampled_pg,routed/science/sampled_pg,1e-05,0.004922004916076342,0.8975962786643348,0.011440063931968763,604786,631955,542026,694715,0.7802134688325428,0.00020071859637888636,True,172058,0.7923641856346685,True,860288,0.7467723448558025,True,1720575,0.7419769285440927
teachers-m-pg250-draw42,teachers,m-pg250,raw/teachers-m-pg250-draw42/measurements.json,routed/if/sampled_pg,routed/science/sampled_pg,0.0,-0.006594260774653797,0.8603043890614954,0.013427935341238357,3231568,3267572,2721930,3777210,0.7206191871778376,0.0010144281855471204,True,172058,0.7552640169754345,True,860288,0.7014281278491853,True,1720575,0.6961930726768072
teachers-m-pg250-draw42,teachers,m-pg250,raw/teachers-m-pg250-draw42/measurements.json,routed/if/sampled_pg,routed/science/sampled_pg,1e-05,-0.006594260774653797,0.8603043890614954,0.013427935341238357,625184,631955,522465,734674,0.7111521572833664,0.00020421003305109176,True,172058,0.7552640169754345,True,860288,0.7014281278491853,True,1720575,0.6961930726768072
teachers-m-pg250-draw42,teachers,m-pg250,raw/teachers-m-pg250-draw42/measurements.json,zero_gradient,routed/math/sampled_pg,0.0,,0.8976221935838684,0.011417412346118793,3129143,3240919,2826139,3543923,0.7974606107412605,0.0009941068145869541,True,172058,0.7864277259796084,True,860288,0.760311511754842,True,1720575,0.7539330527298694
teachers-m-pg250-draw42,teachers,m-pg250,raw/teachers-m-pg250-draw42/measurements.json,zero_gradient,routed/math/sampled_pg,1e-05,,0.8976221935838684,0.011417412346118793,604788,627753,542153,690388,0.7852874036049294,0.00020049479464730584,True,172058,0.7864277259796084,True,860288,0.760311511754842,True,1720575,0.7539330527298694
teachers-m-pg250-draw42,teachers,m-pg250,raw/teachers-m-pg250-draw42/measurements.json,zero_gradient,routed/code/sampled_pg,0.0,,0.999940493927524,0.0002735677664643277,3129143,3129149,3128882,3129410,0.9998312781003448,0.0009736203351709016,True,172058,0.9998488995821492,True,860288,0.9998279793854215,True,1720575,0.9998221682915603
teachers-m-pg250-draw42,teachers,m-pg250,raw/teachers-m-pg250-draw42/measurements.json,zero_gradient,routed/code/sampled_pg,1e-05,,0.999940493927524,0.0002735677664643277,604788,604786,604740,604834,0.9998445854565055,0.00019598121849746003,True,172058,0.9998488995821492,True,860288,0.9998279793854215,True,1720575,0.9998221682915603
teachers-m-pg250-draw42,teachers,m-pg250,raw/teachers-m-pg250-draw42/measurements.json,zero_gradient,routed/if/sampled_pg,0.0,,0.9160802761306567,0.010333379949933984,3129143,3231568,2862046,3498665,0.81803945219105,0.0009902970795640396,True,172058,0.8425178299886488,True,860288,0.7892491724893123,True,1720575,0.7828305514410456
teachers-m-pg250-draw42,teachers,m-pg250,raw/teachers-m-pg250-draw42/measurements.json,zero_gradient,routed/if/sampled_pg,1e-05,,0.9160802761306567,0.010333379949933984,604788,625184,551592,678380,0.8131018013502757,0.0001993105057165624,True,172058,0.8425178299886488,True,860288,0.7892491724893123,True,1720575,0.7828305514410456
teachers-m-pg250-draw42,teachers,m-pg250,raw/teachers-m-pg250-draw42/measurements.json,zero_gradient,routed/science/sampled_pg,0.0,,0.8976012218438245,0.011439809646560377,3129143,3267572,2818053,3578662,0.7874599501154342,0.0009969450113522717,True,172058,0.7923828572619122,True,860288,0.746781211738501,True,1720575,0.7419742830805024
teachers-m-pg250-draw42,teachers,m-pg250,raw/teachers-m-pg250-draw42/measurements.json,zero_gradient,routed/science/sampled_pg,1e-05,,0.8976012218438245,0.011439809646560377,604788,631955,542029,694714,0.780218910227806,0.00020071933179580313,True,172058,0.7923828572619122,True,860288,0.746781211738501,True,1720575,0.7419742830805024
teachers-m-pg250-draw42,teachers,m-pg250,raw/teachers-m-pg250-draw42/measurements.json,routed/math/topk_intersection,routed/code/topk_intersection,0.0,-0.019858229714173406,0.8469676638739984,0.014163547043172593,3307365,3270936,2734783,3843518,0.7115312065664842,0.001031985335716435,True,172058,0.7218714035526645,True,860288,0.6895192570175043,True,1720575,0.6822285990838829
teachers-m-pg250-draw42,teachers,m-pg250,raw/teachers-m-pg250-draw42/measurements.json,routed/math/topk_intersection,routed/code/topk_intersection,1e-05,-0.019858229714173406,0.8469676638739984,0.014163547043172593,643347,634244,523340,754251,0.6938539027459029,0.0002091349024999499,True,172058,0.7218714035526645,True,860288,0.6895192570175043,True,1720575,0.6822285990838829
teachers-m-pg250-draw42,teachers,m-pg250,raw/teachers-m-pg250-draw42/measurements.json,routed/math/topk_intersection,routed/if/topk_intersection,0.0,-0.02063603181755602,0.8604518606630877,0.013486871880335493,3307365,3231835,2747209,3791991,0.7244766667431436,0.0010218983082403551,True,172058,0.7430832041657802,True,860288,0.6984452582845523,True,1720575,0.6907036479480538
teachers-m-pg250-draw42,teachers,m-pg250,raw/teachers-m-pg250-draw42/measurements.json,routed/math/topk_intersection,routed/if/topk_intersection,1e-05,-0.02063603181755602,0.8604518606630877,0.013486871880335493,643347,624645,527394,740598,0.712119125355456,0.00020642287209481495,True,172058,0.7430832041657802,True,860288,0.6984452582845523,True,1720575,0.6907036479480538
teachers-m-pg250-draw42,teachers,m-pg250,raw/teachers-m-pg250-draw42/measurements.json,routed/math/topk_intersection,routed/science/topk_intersection,0.0,0.03968474795218487,0.8504370846635224,0.014019774558174073,3307365,3280734,2734462,3853637,0.7095795478401313,0.00103145709158659,True,172058,0.737485736213356,True,860288,0.6919648739809816,True,1720575,0.6848527519530906
teachers-m-pg250-draw42,teachers,m-pg250,raw/teachers-m-pg250-draw42/measurements.json,routed/math/topk_intersection,routed/science/topk_intersection,1e-05,0.03968474795218487,0.8504370846635224,0.014019774558174073,643347,635583,525035,753895,0.6964298741867236,0.00020876319752986634,True,172058,0.737485736213356,True,860288,0.6919648739809816,True,1720575,0.6848527519530906
teachers-m-pg250-draw42,teachers,m-pg250,raw/teachers-m-pg250-draw42/measurements.json,routed/code/topk_intersection,routed/if/topk_intersection,0.0,0.03084095987657503,0.8555240877986515,0.013661356306221385,3270936,3231835,2714467,3788304,0.7165388522146058,0.0010169921449775614,True,172058,0.7323600483286347,True,860288,0.6947747492179066,True,1720575,0.6874817945275208
teachers-m-pg250-draw42,teachers,m-pg250,raw/teachers-m-pg250-draw42/measurements.json,routed/code/topk_intersection,routed/if/topk_intersection,1e-05,0.03084095987657503,0.8555240877986515,0.013661356306221385,634244,624645,519923,738966,0.7035817615424796,0.00020519220144888184,True,172058,0.7323600483286347,True,860288,0.6947747492179066,True,1720575,0.6874817945275208
teachers-m-pg250-draw42,teachers,m-pg250,raw/teachers-m-pg250-draw42/measurements.json,routed/code/topk_intersection,routed/science/topk_intersection,0.0,0.015369771941669958,0.8452785297071749,0.01419935373667056,3270936,3280734,2705754,3845916,0.7035395468855794,0.0010267524088769435,True,172058,0.7283576092415871,True,860288,0.6865630823188752,True,1720575,0.6808153137531688
teachers-m-pg250-draw42,teachers,m-pg250,raw/teachers-m-pg250-draw42/measurements.json,routed/code/topk_intersection,routed/science/topk_intersection,1e-05,0.015369771941669958,0.8452785297071749,0.01419935373667056,634244,635583,517999,751828,0.6889860446804322,0.00020755711664701012,True,172058,0.7283576092415871,True,860288,0.6865630823188752,True,1720575,0.6808153137531688
teachers-m-pg250-draw42,teachers,m-pg250,raw/teachers-m-pg250-draw42/measurements.json,routed/if/topk_intersection,routed/science/topk_intersection,0.0,0.022027201581930805,0.8609487514211042,0.013421167667604397,3231835,3280734,2729733,3782836,0.7216101887578525,0.0010165484173125944,True,172058,0.7503268040345675,True,860288,0.6998043903499239,True,1720575,0.6937710727733616
teachers-m-pg250-draw42,teachers,m-pg250,raw/teachers-m-pg250-draw42/measurements.json,routed/if/topk_intersection,routed/science/topk_intersection,1e-05,0.022027201581930805,0.8609487514211042,0.013421167667604397,624645,635583,524317,735911,0.7124733833303212,0.00020480959587851214,True,172058,0.7503268040345675,True,860288,0.6998043903499239,True,1720575,0.6937710727733616
teachers-m-pg250-draw42,teachers,m-pg250,raw/teachers-m-pg250-draw42/measurements.json,zero_gradient,routed/math/topk_intersection,0.0,,0.8981110923561296,0.011478453159371889,3129143,3307365,2850315,3586193,0.7948024548595126,0.0010043106437457004,True,172058,0.7812309125731145,True,860288,0.7470188777333723,True,1720575,0.7389935501868036
teachers-m-pg250-draw42,teachers,m-pg250,raw/teachers-m-pg250-draw42/measurements.json,zero_gradient,routed/math/topk_intersection,1e-05,,0.8981110923561296,0.011478453159371889,604788,643347,548324,699811,0.7835315535194503,0.0002029599014797306,True,172058,0.7812309125731145,True,860288,0.7470188777333723,True,1720575,0.7389935501868036
teachers-m-pg250-draw42,teachers,m-pg250,raw/teachers-m-pg250-draw42/measurements.json,zero_gradient,routed/code/topk_intersection,0.0,,0.8966279638749379,0.011503602249436163,3129143,3270936,2829037,3571042,0.7922161094716892,0.000999795796843764,True,172058,0.7749649253115458,True,860288,0.7487447809312404,True,1720575,0.7414726720647773
teachers-m-pg250-draw42,teachers,m-pg250,raw/teachers-m-pg250-draw42/measurements.json,zero_gradient,routed/code/topk_intersection,1e-05,,0.8966279638749379,0.011503602249436163,604788,634244,543037,695995,0.7802311798216941,0.0002018163764622617,True,172058,0.7749649253115458,True,860288,0.7487447809312404,True,1720575,0.7414726720647773
teachers-m-pg250-draw42,teachers,m-pg250,raw/teachers-m-pg250-draw42/measurements.json,zero_gradient,routed/if/topk_intersection,0.0,,0.9153753338839037,0.010372540708154214,3129143,3231835,2856059,3504919,0.8148716132954855,0.0009901119434574401,True,172058,0.8396317699952421,True,860288,0.7866294784476895,True,1720575,0.7803014429591139
teachers-m-pg250-draw42,teachers,m-pg250,raw/teachers-m-pg250-draw42/measurements.json,zero_gradient,routed/if/topk_intersection,1e-05,,0.9153753338839037,0.010372540708154214,604788,624645,550536,678897,0.8109271362224314,0.00019920648830983913,True,172058,0.8396317699952421,True,860288,0.7866294784476895,True,1720575,0.7803014429591139
teachers-m-pg250-draw42,teachers,m-pg250,raw/teachers-m-pg250-draw42/measurements.json,zero_gradient,routed/science/topk_intersection,0.0,,0.8967973479415201,0.011512015433918821,3129143,3280734,2823475,3586402,0.7872723135889396,0.0009991826880639922,True,172058,0.7879220853445006,True,860288,0.7441039624534976,True,1720575,0.7389838833895619
teachers-m-pg250-draw42,teachers,m-pg250,raw/teachers-m-pg250-draw42/measurements.json,zero_gradient,routed/science/topk_intersection,1e-05,,0.8967973479415201,0.011512015433918821,604788,635583,543596,696775,0.7801600229629364,0.00020140716147091218,True,172058,0.7879220853445006,True,860288,0.7441039624534976,True,1720575,0.7389838833895619
teachers-m-pg250-draw42,teachers,m-pg250,raw/teachers-m-pg250-draw42/measurements.json,common/math/sampled_pg,common/code/sampled_pg,0.0,0.9976996831321278,0.9925918769318473,0.0030985250307637847,3267456,3267669,3239236,3295889,0.9828110109290695,0.0010202578179766923,True,172058,0.9854831637009854,True,860288,0.9821961602046048,True,1720575,0.9820260365008657
teachers-m-pg250-draw42,teachers,m-pg250,raw/teachers-m-pg250-draw42/measurements.json,common/math/sampled_pg,common/code/sampled_pg,1e-05,0.9976996831321278,0.9925918769318473,0.0030985250307637847,631888,632092,626440,637540,0.9825893277284563,0.00020531267395946295,True,172058,0.9854831637009854,True,860288,0.9821961602046048,True,1720575,0.9820260365008657
teachers-m-pg250-draw42,teachers,m-pg250,raw/teachers-m-pg250-draw42/measurements.json,common/math/sampled_pg,common/if/sampled_pg,0.0,0.9849031407723141,0.982130269050337,0.004813450024812633,3267456,3272486,3201344,3338598,0.9588887311380406,0.001021187540154495,True,172058,0.9637961536266622,True,860288,0.9561091461827145,True,1720575,0.9553821807158057
teachers-m-pg250-draw42,teachers,m-pg250,raw/teachers-m-pg250-draw42/measurements.json,common/math/sampled_pg,common/if/sampled_pg,1e-05,0.9849031407723141,0.982130269050337,0.004813450024812633,631888,632915,618874,645929,0.9581145915417948,0.00020548747854367985,True,172058,0.9637961536266622,True,860288,0.9561091461827145,True,1720575,0.9553821807158057
teachers-m-pg250-draw42,teachers,m-pg250,raw/teachers-m-pg250-draw42/measurements.json,common/math/sampled_pg,common/science/sampled_pg,0.0,0.9939387369591685,0.9889088675306301,0.0037914645631455493,3267456,3268049,3224792,3310713,0.974047584311899,0.0010203030489851614,True,172058,0.9790999281092739,True,860288,0.9733277058799242,True,1720575,0.9728050275957079
teachers-m-pg250-draw42,teachers,m-pg250,raw/teachers-m-pg250-draw42/measurements.json,common/math/sampled_pg,common/science/sampled_pg,1e-05,0.9939387369591685,0.9889088675306301,0.0037914645631455493,631888,632282,623751,640419,0.9739732893621207,0.00020534026919533766,True,172058,0.9790999281092739,True,860288,0.9733277058799242,True,1720575,0.9728050275957079
teachers-m-pg250-draw42,teachers,m-pg250,raw/teachers-m-pg250-draw42/measurements.json,common/code/sampled_pg,common/if/sampled_pg,0.0,0.9829566120314411,0.982139268237761,0.004812895716538931,3267669,3272486,3200558,3339597,0.9583665334469997,0.0010211867620325157,True,172058,0.964917489864672,True,860288,0.9558867829726574,True,1720575,0.955027798703977
teachers-m-pg250-draw42,teachers,m-pg250,raw/teachers-m-pg250-draw42/measurements.json,common/code/sampled_pg,common/if/sampled_pg,1e-05,0.9829566120314411,0.982139268237761,0.004812895716538931,632092,632915,618862,646145,0.9577757314534663,0.00020551264826714012,True,172058,0.964917489864672,True,860288,0.9558867829726574,True,1720575,0.955027798703977
teachers-m-pg250-draw42,teachers,m-pg250,raw/teachers-m-pg250-draw42/measurements.json,common/code/sampled_pg,common/science/sampled_pg,0.0,0.9973681308664939,0.9935669632192935,0.0028879337625415035,3267669,3268049,3242219,3293499,0.9844299330286725,0.0010203046727784177,True,172058,0.9881904321700947,True,860288,0.9841825943958687,True,1720575,0.9837136198111375
teachers-m-pg250-draw42,teachers,m-pg250,raw/teachers-m-pg250-draw42/measurements.json,common/code/sampled_pg,common/science/sampled_pg,1e-05,0.9973681308664939,0.9935669632192935,0.0028879337625415035,632092,632282,627254,637120,0.984514691109995,0.00020536607908039006,True,172058,0.9881904321700947,True,860288,0.9841825943958687,True,1720575,0.9837136198111375
teachers-m-pg250-draw42,teachers,m-pg250,raw/teachers-m-pg250-draw42/measurements.json,common/if/sampled_pg,common/science/sampled_pg,0.0,0.973772284649181,0.9779912935882291,0.005342832381103818,3272486,3268049,3184482,3356053,0.948877148245275,0.0010212314589630358,True,172058,0.9574734351179777,True,860288,0.9467185014380528,True,1720575,0.9454946039047275
teachers-m-pg250-draw42,teachers,m-pg250,raw/teachers-m-pg250-draw42/measurements.json,common/if/sampled_pg,common/science/sampled_pg,1e-05,0.973772284649181,0.9779912935882291,0.005342832381103818,632915,632282,615798,649399,0.9482583126860374,0.00020554008168507327,True,172058,0.9574734351179777,True,860288,0.9467185014380528,True,1720575,0.9454946039047275
teachers-m-pg250-draw42,teachers,m-pg250,raw/teachers-m-pg250-draw42/measurements.json,zero_gradient,common/math/sampled_pg,0.0,,0.8968991635812494,0.01147823957962268,3129143,3267456,2807241,3589358,0.7821011445500838,0.0009963677742372069,True,172058,0.8009378467206766,True,860288,0.7437221680588126,True,1720575,0.7386236521327905
teachers-m-pg250-draw42,teachers,m-pg250,raw/teachers-m-pg250-draw42/measurements.json,zero_gradient,common/math/sampled_pg,1e-05,,0.8968991635812494,0.01147823957962268,604788,631888,540595,696081,0.7766265707582882,0.00020052187047738684,True,172058,0.8009378467206766,True,860288,0.7437221680588126,True,1720575,0.7386236521327905
teachers-m-pg250-draw42,teachers,m-pg250,raw/teachers-m-pg250-draw42/measurements.json,zero_gradient,common/code/sampled_pg,0.0,,0.8975673939492618,0.011442874593865034,3129143,3267669,2810246,3586566,0.7835478282011261,0.0009963684819614042,True,172058,0.8021545245539338,True,860288,0.7450892689610965,True,1720575,0.7401121087004341
teachers-m-pg250-draw42,teachers,m-pg250,raw/teachers-m-pg250-draw42/measurements.json,zero_gradient,common/code/sampled_pg,1e-05,,0.8975673939492618,0.011442874593865034,604788,632092,541262,695618,0.7781023492779082,0.00020054608687565802,True,172058,0.8021545245539338,True,860288,0.7450892689610965,True,1720575,0.7401121087004341
teachers-m-pg250-draw42,teachers,m-pg250,raw/teachers-m-pg250-draw42/measurements.json,zero_gradient,common/if/sampled_pg,0.0,,0.895637129495231,0.01155295369888415,3129143,3272486,2805775,3595854,0.7802805675647565,0.0009972572307491618,True,172058,0.796462579351821,True,860288,0.7403128884681169,True,1720575,0.7353217643534758
teachers-m-pg250-draw42,teachers,m-pg250,raw/teachers-m-pg250-draw42/measurements.json,zero_gradient,common/if/sampled_pg,1e-05,,0.895637129495231,0.01155295369888415,604788,632915,540149,697554,0.7743472189966655,0.0002007141804493042,True,172058,0.796462579351821,True,860288,0.7403128884681169,True,1720575,0.7353217643534758
teachers-m-pg250-draw42,teachers,m-pg250,raw/teachers-m-pg250-draw42/measurements.json,zero_gradient,common/science/sampled_pg,0.0,,0.8979335268086849,0.011422972479239084,3129143,3268049,2811556,3585636,0.7841164022226461,0.0009964119864376375,True,172058,0.8031082653029143,True,860288,0.7455849962411469,True,1720575,0.7406014904483535
teachers-m-pg250-draw42,teachers,m-pg250,raw/teachers-m-pg250-draw42/measurements.json,zero_gradient,common/science/sampled_pg,1e-05,,0.8979335268086849,0.011422972479239084,604788,632282,541561,695509,0.7786541942663574,0.0002005722920669973,True,172058,0.8031082653029143,True,860288,0.7455849962411469,True,1720575,0.7406014904483535
teachers-m-pg250-draw42,teachers,m-pg250,raw/teachers-m-pg250-draw42/measurements.json,common/math/topk_intersection,common/code/topk_intersection,0.0,0.9994623287468467,0.9961675792274183,0.002254107885185008,3314644,3313936,3299599,3328981,0.9911738757295401,0.0010400090654351336,True,172058,0.9914350860542367,True,860288,0.9906586064269806,True,1720575,0.9905492079798975
teachers-m-pg250-draw42,teachers,m-pg250,raw/teachers-m-pg250-draw42/measurements.json,common/math/topk_intersection,common/code/topk_intersection,1e-05,0.9994623287468467,0.9961675792274183,0.002254107885185008,645198,645066,642208,648056,0.9909760884861802,0.00021124359688347703,True,172058,0.9914350860542367,True,860288,0.9906586064269806,True,1720575,0.9905492079798975
teachers-m-pg250-draw42,teachers,m-pg250,raw/teachers-m-pg250-draw42/measurements.json,common/math/topk_intersection,common/if/topk_intersection,0.0,0.9957855266578601,0.9898660476659729,0.003665515546230286,3314644,3314670,3275357,3353957,0.9765649947211608,0.0010400771770595078,True,172058,0.979236525310158,True,860288,0.9759156796137689,True,1720575,0.9755764860957857
teachers-m-pg250-draw42,teachers,m-pg250,raw/teachers-m-pg250-draw42/measurements.json,common/math/topk_intersection,common/if/topk_intersection,1e-05,0.9957855266578601,0.9898660476659729,0.003665515546230286,645198,645163,637375,652986,0.9760929024512011,0.00021123979205299248,True,172058,0.979236525310158,True,860288,0.9759156796137689,True,1720575,0.9755764860957857
teachers-m-pg250-draw42,teachers,m-pg250,raw/teachers-m-pg250-draw42/measurements.json,common/math/topk_intersection,common/science/topk_intersection,0.0,0.995014152388266,0.989936788495733,0.0036520018685594667,3314644,3312609,3275661,3351592,0.9773447961446381,0.0010397960224867134,True,172058,0.9789064476801693,True,860288,0.9761312722599259,True,1720575,0.9757057917061868
teachers-m-pg250-draw42,teachers,m-pg250,raw/teachers-m-pg250-draw42/measurements.json,common/math/topk_intersection,common/science/topk_intersection,1e-05,0.995014152388266,0.989936788495733,0.0036520018685594667,645198,644759,637405,652552,0.9767880567372409,0.0002111790461531806,True,172058,0.9789064476801693,True,860288,0.9761312722599259,True,1720575,0.9757057917061868
teachers-m-pg250-draw42,teachers,m-pg250,raw/teachers-m-pg250-draw42/measurements.json,common/code/topk_intersection,common/if/topk_intersection,0.0,0.9964380153609748,0.991269887152723,0.0034020377418369193,3313936,3314670,3280171,3348435,0.9796131625669903,0.001039937804062519,True,172058,0.9827832580436987,True,860288,0.9789587490726737,True,1720575,0.9786276133305734
teachers-m-pg250-draw42,teachers,m-pg250,raw/teachers-m-pg250-draw42/measurements.json,common/code/topk_intersection,common/if/topk_intersection,1e-05,0.9964380153609748,0.991269887152723,0.0034020377418369193,645066,645163,638350,651879,0.9792461484416587,0.00021121230640115874,True,172058,0.9827832580436987,True,860288,0.9789587490726737,True,1720575,0.9786276133305734
teachers-m-pg250-draw42,teachers,m-pg250,raw/teachers-m-pg250-draw42/measurements.json,common/code/topk_intersection,common/science/topk_intersection,0.0,0.9955928350656145,0.990777085060788,0.0034960677255259478,3313936,3312609,3278478,3348067,0.9792151710225632,0.0010396564146473361,True,172058,0.9809569862761353,True,860288,0.9784353745407715,True,1720575,0.9779850263691101
teachers-m-pg250-draw42,teachers,m-pg250,raw/teachers-m-pg250-draw42/measurements.json,common/code/topk_intersection,common/science/topk_intersection,1e-05,0.9955928350656145,0.990777085060788,0.0034960677255259478,645066,644759,637999,651826,0.9787872837229568,0.00021115146174619274,True,172058,0.9809569862761353,True,860288,0.9784353745407715,True,1720575,0.9779850263691101
teachers-m-pg250-draw42,teachers,m-pg250,raw/teachers-m-pg250-draw42/measurements.json,common/if/topk_intersection,common/science/topk_intersection,0.0,0.9854431749614634,0.9830174871666124,0.004744100446118146,3314670,3312609,3248687,3378592,0.9615505512355442,0.001039724069100884,True,172058,0.9658267113779571,True,860288,0.9601069495566743,True,1720575,0.9593457744373746
teachers-m-pg250-draw42,teachers,m-pg250,raw/teachers-m-pg250-draw42/measurements.json,common/if/topk_intersection,common/science/topk_intersection,1e-05,0.9854431749614634,0.9830174871666124,0.004744100446118146,645163,644759,632044,657878,0.9607313210048064,0.00021114757582586362,True,172058,0.9658267113779571,True,860288,0.9601069495566743,True,1720575,0.9593457744373746
teachers-m-pg250-draw42,teachers,m-pg250,raw/teachers-m-pg250-draw42/measurements.json,zero_gradient,common/math/topk_intersection,0.0,,0.8949077444008259,0.011668755037966765,3129143,3314644,2837855,3605932,0.7869962606061346,0.001005368304434747,True,172058,0.7768712822207535,True,860288,0.7381539509055074,True,1720575,0.7305890535584157
teachers-m-pg250-draw42,teachers,m-pg250,raw/teachers-m-pg250-draw42/measurements.json,zero_gradient,common/math/topk_intersection,1e-05,,0.8949077444008259,0.011668755037966765,604788,645198,546549,703437,0.776969366126604,0.0002032553580249817,True,172058,0.7768712822207535,True,860288,0.7381539509055074,True,1720575,0.7305890535584157
teachers-m-pg250-draw42,teachers,m-pg250,raw/teachers-m-pg250-draw42/measurements.json,zero_gradient,common/code/topk_intersection,0.0,,0.8952508060285888,0.011649205366175844,3129143,3313936,2838744,3604335,0.7875916084381723,0.0010052404645804493,True,172058,0.7775964046801147,True,860288,0.7388917467687148,True,1720575,0.7313030191582138
teachers-m-pg250-draw42,teachers,m-pg250,raw/teachers-m-pg250-draw42/measurements.json,zero_gradient,common/code/topk_intersection,1e-05,,0.8952508060285888,0.011649205366175844,604788,645066,546725,703129,0.7775600209918806,0.00020323003954696373,True,172058,0.7775964046801147,True,860288,0.7388917467687148,True,1720575,0.7313030191582138
teachers-m-pg250-draw42,teachers,m-pg250,raw/teachers-m-pg250-draw42/measurements.json,zero_gradient,common/if/topk_intersection,0.0,,0.8943282017195584,0.011700484227470416,3129143,3314670,2835253,3608560,0.7857020528964462,0.0010053201938652046,True,172058,0.7765318712861575,True,860288,0.7371010422145874,True,1720575,0.7295383324077029
teachers-m-pg250-draw42,teachers,m-pg250,raw/teachers-m-pg250-draw42/measurements.json,zero_gradient,common/if/topk_intersection,1e-05,,0.8943282017195584,0.011700484227470416,604788,645163,546117,703834,0.7759173327801726,0.00020322970072860283,True,172058,0.7765318712861575,True,860288,0.7371010422145874,True,1720575,0.7295383324077029
teachers-m-pg250-draw42,teachers,m-pg250,raw/teachers-m-pg250-draw42/measurements.json,zero_gradient,common/science/topk_intersection,0.0,,0.8961085069053958,0.011598991085199649,3129143,3312609,2841616,3600136,0.7893079594770864,0.0010050192400593379,True,172058,0.7787817384831693,True,860288,0.7406456442785315,True,1720575,0.733088767445339
teachers-m-pg250-draw42,teachers,m-pg250,raw/teachers-m-pg250-draw42/measurements.json,zero_gradient,common/science/topk_intersection,1e-05,,0.8961085069053958,0.011598991085199649,604788,644759,547149,702398,0.7789728900139238,0.00020316615575403403,True,172058,0.7787817384831693,True,860288,0.7406456442785315,True,1720575,0.733088767445339
teachers-m-pg250-draw42,teachers,m-pg250,raw/teachers-m-pg250-draw42/measurements.json,routed/math/sampled_pg,routed/math/topk_intersection,0.0,-0.022015914815034947,0.8618745068388561,0.01342682864518993,3240919,3307365,2778772,3769512,0.7371702225646184,0.0010258064086953696,True,172058,0.7441610574973644,True,860288,0.7113381964157478,True,1720575,0.7036855136603284
teachers-m-pg250-draw42,teachers,m-pg250,raw/teachers-m-pg250-draw42/measurements.json,routed/math/sampled_pg,routed/math/topk_intersection,1e-05,-0.022015914815034947,0.8618745068388561,0.01342682864518993,627753,643347,532355,738745,0.7206207825433675,0.00020770057295249687,True,172058,0.7441610574973644,True,860288,0.7113381964157478,True,1720575,0.7036855136603284
teachers-m-pg250-draw42,teachers,m-pg250,raw/teachers-m-pg250-draw42/measurements.json,routed/code/sampled_pg,routed/code/topk_intersection,0.0,0.9970559249230269,0.8966860040475475,0.011500355221162986,3129149,3270936,2829286,3570799,0.7923397536517738,0.0009997974023591284,True,172058,0.7750564834779379,True,860288,0.7488585403139573,True,1720575,0.7415987088134415
teachers-m-pg250-draw42,teachers,m-pg250,raw/teachers-m-pg250-draw42/measurements.json,routed/code/sampled_pg,routed/code/topk_intersection,1e-05,0.9970559249230269,0.8966860040475475,0.011500355221162986,604786,634244,543083,695947,0.780351089953689,0.00020181559601993536,True,172058,0.7750564834779379,True,860288,0.7488585403139573,True,1720575,0.7415987088134415
teachers-m-pg250-draw42,teachers,m-pg250,raw/teachers-m-pg250-draw42/measurements.json,routed/if/sampled_pg,routed/if/topk_intersection,0.0,0.18451086563976432,0.8898242574621301,0.011896449104559143,3231568,3231835,2812618,3650785,0.7704145820693358,0.0010074222127382743,True,172058,0.8159059846649885,True,860288,0.7637743616659217,True,1720575,0.757085479171709
teachers-m-pg250-draw42,teachers,m-pg250,raw/teachers-m-pg250-draw42/measurements.json,routed/if/sampled_pg,routed/if/topk_intersection,1e-05,0.18451086563976432,0.8898242574621301,0.011896449104559143,625184,624645,540992,708837,0.7632107240451613,0.00020266084911309487,True,172058,0.8159059846649885,True,860288,0.7637743616659217,True,1720575,0.757085479171709
teachers-m-pg250-draw42,teachers,m-pg250,raw/teachers-m-pg250-draw42/measurements.json,routed/science/sampled_pg,routed/science/topk_intersection,0.0,0.8017851291380637,0.9395334992656948,0.008870755415076413,3267572,3280734,3053109,3495197,0.8735155700808853,0.0010237745849095766,True,172058,0.8801892668640928,True,860288,0.8649188544126876,True,1720575,0.8624358039705335
teachers-m-pg250-draw42,teachers,m-pg250,raw/teachers-m-pg250-draw42/measurements.json,routed/science/sampled_pg,routed/science/topk_intersection,1e-05,0.8017851291380637,0.9395334992656948,0.008870755415076413,631955,635583,589197,678341,0.8685852690608411,0.00020640953488021278,True,172058,0.8801892668640928,True,860288,0.8649188544126876,True,1720575,0.8624358039705335
teachers-m-pg250-draw42,teachers,m-pg250,raw/teachers-m-pg250-draw42/measurements.json,common/math/sampled_pg,common/math/topk_intersection,0.0,0.15553631772237012,0.8627147787855697,0.013417257548550755,3267456,3314644,2775254,3806846,0.7290166190069154,0.0010294968867604042,True,172058,0.750558311077197,True,860288,0.7080610367834874,True,1720575,0.7023782785802557
teachers-m-pg250-draw42,teachers,m-pg250,raw/teachers-m-pg250-draw42/measurements.json,common/math/sampled_pg,common/math/topk_intersection,1e-05,0.15553631772237012,0.8627147787855697,0.013417257548550755,631888,645198,533564,743522,0.7176169635868206,0.00020811440146101503,True,172058,0.750558311077197,True,860288,0.7080610367834874,True,1720575,0.7023782785802557
teachers-m-pg250-draw42,teachers,m-pg250,raw/teachers-m-pg250-draw42/measurements.json,common/code/sampled_pg,common/code/topk_intersection,0.0,0.16842378118319962,0.8636155175375138,0.013374374104430315,3267669,3313936,2778164,3803441,0.7304343619369934,0.0010293860276081852,True,172058,0.7523144140382324,True,860288,0.7097753491196114,True,1720575,0.7040786664692444
teachers-m-pg250-draw42,teachers,m-pg250,raw/teachers-m-pg250-draw42/measurements.json,common/code/sampled_pg,common/code/topk_intersection,1e-05,0.16842378118319962,0.8636155175375138,0.013374374104430315,632092,645066,534241,742917,0.7191126330397608,0.00020812001879976267,True,172058,0.7523144140382324,True,860288,0.7097753491196114,True,1720575,0.7040786664692444
teachers-m-pg250-draw42,teachers,m-pg250,raw/teachers-m-pg250-draw42/measurements.json,common/if/sampled_pg,common/if/topk_intersection,0.0,0.20940437019043961,0.8646392051429329,0.013327030570108806,3272486,3314670,2785279,3801877,0.7326062889462231,0.0010303807702224301,True,172058,0.7537969135424949,True,860288,0.7126362184910754,True,1720575,0.7070737536821281
teachers-m-pg250-draw42,teachers,m-pg250,raw/teachers-m-pg250-draw42/measurements.json,common/if/sampled_pg,common/if/topk_intersection,1e-05,0.20940437019043961,0.8646392051429329,0.013327030570108806,632915,645163,535495,742583,0.7211247766242965,0.00020829034588964922,True,172058,0.7537969135424949,True,860288,0.7126362184910754,True,1720575,0.7070737536821281
teachers-m-pg250-draw42,teachers,m-pg250,raw/teachers-m-pg250-draw42/measurements.json,common/science/sampled_pg,common/science/topk_intersection,0.0,0.1617124236404031,0.863768631922787,0.013364808194891106,3268049,3312609,2778043,3802615,0.7305612059069877,0.0010292158261289064,True,172058,0.7528410393288474,True,860288,0.710565769119115,True,1720575,0.7047810559075446
teachers-m-pg250-draw42,teachers,m-pg250,raw/teachers-m-pg250-draw42/measurements.json,common/science/sampled_pg,common/science/topk_intersection,1e-05,0.1617124236404031,0.863768631922787,0.013364808194891106,632282,644759,534333,742708,0.7194388642642869,0.0002080864988484991,True,172058,0.7528410393288474,True,860288,0.710565769119115,True,1720575,0.7047810559075446
teachers-m-pg500-draw42,teachers,m-pg500,raw/teachers-m-pg500-draw42/measurements.json,routed/math/sampled_pg,routed/code/sampled_pg,0.0,-0.018048448925689423,0.9517610351746462,0.010338599794297569,2793791,2818881,2664166,2948506,0.9035647205737414,0.0008989872640260194,True,172058,0.9011198461937936,True,860288,0.8899910145634374,True,1720575,0.8892386716502475
teachers-m-pg500-draw42,teachers,m-pg500,raw/teachers-m-pg500-draw42/measurements.json,routed/math/sampled_pg,routed/code/sampled_pg,1e-05,-0.018048448925689423,0.9517610351746462,0.010338599794297569,624900,631448,594479,661869,0.8981822686966756,0.0002074641863395036,True,172058,0.9011198461937936,True,860288,0.8899910145634374,True,1720575,0.8892386716502475
teachers-m-pg500-draw42,teachers,m-pg500,raw/teachers-m-pg500-draw42/measurements.json,routed/math/sampled_pg,routed/if/sampled_pg,0.0,-0.006578485324044066,0.8745068062278208,0.01684129747719235,2793791,2974170,2487671,3280290,0.7583692295498264,0.0009224958136630687,True,172058,0.7467373924519682,True,860288,0.7045599546659587,True,1720575,0.6986488407634257
teachers-m-pg500-draw42,teachers,m-pg500,raw/teachers-m-pg500-draw42/measurements.json,routed/math/sampled_pg,routed/if/sampled_pg,1e-05,-0.006578485324044066,0.8745068062278208,0.01684129747719235,624900,667306,552512,739694,0.7469467103964612,0.00021274759043699877,True,172058,0.7467373924519682,True,860288,0.7045599546659587,True,1720575,0.6986488407634257
teachers-m-pg500-draw42,teachers,m-pg500,raw/teachers-m-pg500-draw42/measurements.json,routed/math/sampled_pg,routed/science/sampled_pg,0.0,0.0021458134829020485,0.8946699041740244,0.01538383523277727,2793791,2902356,2546709,3149438,0.8086233162869058,0.0009135813016977507,True,172058,0.7804107016282162,True,860288,0.767200038618882,True,1720575,0.765417486875378
teachers-m-pg500-draw42,teachers,m-pg500,raw/teachers-m-pg500-draw42/measurements.json,routed/math/sampled_pg,routed/science/sampled_pg,1e-05,0.0021458134829020485,0.8946699041740244,0.01538383523277727,624900,652247,565164,711983,0.7937886157394207,0.00021122221260985003,True,172058,0.7804107016282162,True,860288,0.767200038618882,True,1720575,0.765417486875378
teachers-m-pg500-draw42,teachers,m-pg500,raw/teachers-m-pg500-draw42/measurements.json,routed/code/sampled_pg,routed/if/sampled_pg,0.0,0.022706668796222476,0.8585670330627394,0.017910672720110286,2818881,2974170,2452053,3340998,0.7339283052548969,0.00092724563512332,True,172058,0.7287830756941688,True,860288,0.6859912612578184,True,1720575,0.680363071517061
teachers-m-pg500-draw42,teachers,m-pg500,raw/teachers-m-pg500-draw42/measurements.json,routed/code/sampled_pg,routed/if/sampled_pg,1e-05,0.022706668796222476,0.8585670330627394,0.017910672720110286,631448,667306,543990,754764,0.7207418477828831,0.00021400863003341394,True,172058,0.7287830756941688,True,860288,0.6859912612578184,True,1720575,0.680363071517061
teachers-m-pg500-draw42,teachers,m-pg500,raw/teachers-m-pg500-draw42/measurements.json,routed/code/sampled_pg,routed/science/sampled_pg,0.0,1.639760567694562e-05,0.8768647751595081,0.01666388957331921,2818881,2902356,2504020,3217217,0.7783186524253726,0.0009182855119358791,True,172058,0.7592932479204904,True,860288,0.7433423071895888,True,1720575,0.7418808151910088
teachers-m-pg500-draw42,teachers,m-pg500,raw/teachers-m-pg500-draw42/measurements.json,routed/code/sampled_pg,routed/science/sampled_pg,1e-05,1.639760567694562e-05,0.8768647751595081,0.01666388957331921,631448,652247,555222,728473,0.7621723797587556,0.000212470681020806,True,172058,0.7592932479204904,True,860288,0.7433423071895888,True,1720575,0.7418808151910088
teachers-m-pg500-draw42,teachers,m-pg500,raw/teachers-m-pg500-draw42/measurements.json,routed/if/sampled_pg,routed/science/sampled_pg,0.0,0.012773212253810937,0.8233388581764578,0.020134538869756684,2974170,2902356,2393932,3482594,0.6873991053794959,0.0009426828913004668,True,172058,0.6919521692955198,True,860288,0.6551464073702468,True,1720575,0.6501799725509491
teachers-m-pg500-draw42,teachers,m-pg500,raw/teachers-m-pg500-draw42/measurements.json,routed/if/sampled_pg,routed/science/sampled_pg,1e-05,0.012773212253810937,0.8233388581764578,0.020134538869756684,667306,652247,528418,791135,0.667923932072276,0.00021799372296285049,True,172058,0.6919521692955198,True,860288,0.6551464073702468,True,1720575,0.6501799725509491
teachers-m-pg500-draw42,teachers,m-pg500,raw/teachers-m-pg500-draw42/measurements.json,zero_gradient,routed/math/sampled_pg,0.0,,0.9985589025079873,0.0017827636827473878,2793621,2793791,2789596,2797816,0.99706199406966,0.0008944302206390451,True,172058,0.9971329909172688,True,860288,0.9968478934504426,True,1720575,0.9968293519378729
teachers-m-pg500-draw42,teachers,m-pg500,raw/teachers-m-pg500-draw42/measurements.json,zero_gradient,routed/math/sampled_pg,1e-05,,0.9985589025079873,0.0017827636827473878,624869,624900,623911,625858,0.9968890706837653,0.00020626316689250458,True,172058,0.9971329909172688,True,860288,0.9968478934504426,True,1720575,0.9968293519378729
teachers-m-pg500-draw42,teachers,m-pg500,raw/teachers-m-pg500-draw42/measurements.json,zero_gradient,routed/code/sampled_pg,0.0,,0.951933139206216,0.010319804131105906,2793621,2818881,2664276,2948226,0.9036878448260073,0.0008989548949421814,True,172058,0.9013929639022881,True,860288,0.8901529632510293,True,1720575,0.8893071305195726
teachers-m-pg500-draw42,teachers,m-pg500,raw/teachers-m-pg500-draw42/measurements.json,zero_gradient,routed/code/sampled_pg,1e-05,,0.951933139206216,0.010319804131105906,624869,631448,594539,661778,0.8983964411026054,0.0002074577611770124,True,172058,0.9013929639022881,True,860288,0.8901529632510293,True,1720575,0.8893071305195726
teachers-m-pg500-draw42,teachers,m-pg500,raw/teachers-m-pg500-draw42/measurements.json,zero_gradient,routed/if/sampled_pg,0.0,,0.8745638439922588,0.016836975186332027,2793621,2974170,2487693,3280098,0.7584203276853314,0.0009224623846703224,True,172058,0.7468349289826086,True,860288,0.7045413792454381,True,1720575,0.6986194937337444
teachers-m-pg500-draw42,teachers,m-pg500,raw/teachers-m-pg500-draw42/measurements.json,zero_gradient,routed/if/sampled_pg,1e-05,,0.8745638439922588,0.016836975186332027,624869,667306,552501,739674,0.7469520356265057,0.000212741550487293,True,172058,0.7468349289826086,True,860288,0.7045413792454381,True,1720575,0.6986194937337444
teachers-m-pg500-draw42,teachers,m-pg500,raw/teachers-m-pg500-draw42/measurements.json,zero_gradient,routed/science/sampled_pg,0.0,,0.894666885229065,0.01538358767376562,2793621,2902356,2546802,3149175,0.8087203791469194,0.0009135483008485089,True,172058,0.7804107016282162,True,860288,0.7672889823823298,True,1720575,0.7654682083356634
teachers-m-pg500-draw42,teachers,m-pg500,raw/teachers-m-pg500-draw42/measurements.json,zero_gradient,routed/science/sampled_pg,1e-05,,0.894666885229065,0.01538358767376562,624869,652247,565174,711942,0.7938483752889982,0.0002112158251157556,True,172058,0.7804107016282162,True,860288,0.7672889823823298,True,1720575,0.7654682083356634
teachers-m-pg500-draw42,teachers,m-pg500,raw/teachers-m-pg500-draw42/measurements.json,routed/math/topk_intersection,routed/code/topk_intersection,0.0,-0.017766776811378462,0.8833691088862727,0.01622236129337185,2801321,2910256,2515993,3195584,0.7873343338807555,0.0009167813970527807,True,172058,0.7634675303378157,True,860288,0.7451246687148112,True,1720575,0.7462678387109543
teachers-m-pg500-draw42,teachers,m-pg500,raw/teachers-m-pg500-draw42/measurements.json,routed/math/topk_intersection,routed/code/topk_intersection,1e-05,-0.017766776811378462,0.8833691088862727,0.01622236129337185,626822,654404,558241,722985,0.7721335850674633,0.0002121099177933114,True,172058,0.7634675303378157,True,860288,0.7451246687148112,True,1720575,0.7462678387109543
teachers-m-pg500-draw42,teachers,m-pg500,raw/teachers-m-pg500-draw42/measurements.json,routed/math/topk_intersection,routed/if/topk_intersection,0.0,-0.019551843447565553,0.8626950919438221,0.017670658622621304,2801321,3001200,2465401,3337120,0.7387810447331831,0.0009282021845747211,True,172058,0.7234581751525047,True,860288,0.6832252320997075,True,1720575,0.6751409885383681
teachers-m-pg500-draw42,teachers,m-pg500,raw/teachers-m-pg500-draw42/measurements.json,routed/math/topk_intersection,routed/if/topk_intersection,1e-05,-0.019551843447565553,0.8626950919438221,0.017670658622621304,626822,674429,547290,753961,0.7258863522118518,0.00021429046428486702,True,172058,0.7234581751525047,True,860288,0.6832252320997075,True,1720575,0.6751409885383681
teachers-m-pg500-draw42,teachers,m-pg500,raw/teachers-m-pg500-draw42/measurements.json,routed/math/topk_intersection,routed/science/topk_intersection,0.0,-0.016089996076855857,0.8892992562610864,0.01577806038295451,2801321,2899814,2530832,3170303,0.7982934123331429,0.0009143695226282881,True,172058,0.7763026129688323,True,860288,0.7590085784301197,True,1720575,0.758558096322469
teachers-m-pg500-draw42,teachers,m-pg500,raw/teachers-m-pg500-draw42/measurements.json,routed/math/topk_intersection,routed/science/topk_intersection,1e-05,-0.016089996076855857,0.8892992562610864,0.01577806038295451,626822,651620,561721,716721,0.783737325960869,0.00021141869019902394,True,172058,0.7763026129688323,True,860288,0.7590085784301197,True,1720575,0.758558096322469
teachers-m-pg500-draw42,teachers,m-pg500,raw/teachers-m-pg500-draw42/measurements.json,routed/code/topk_intersection,routed/if/topk_intersection,0.0,0.02421857667893746,0.8149638948569676,0.02067831110037582,2910256,3001200,2374112,3537344,0.6711566644352372,0.000948878449741548,True,172058,0.6757454309937619,True,860288,0.6361692982422774,True,1720575,0.6297143506645734
teachers-m-pg500-draw42,teachers,m-pg500,raw/teachers-m-pg500-draw42/measurements.json,routed/code/topk_intersection,routed/if/topk_intersection,1e-05,0.02421857667893746,0.8149638948569676,0.02067831110037582,654404,674429,524319,804514,0.6517214119331671,0.00021972315980710197,True,172058,0.6757454309937619,True,860288,0.6361692982422774,True,1720575,0.6297143506645734
teachers-m-pg500-draw42,teachers,m-pg500,raw/teachers-m-pg500-draw42/measurements.json,routed/code/topk_intersection,routed/science/topk_intersection,0.0,0.0008129915748218651,0.8377871511410969,0.019264084940977595,2910256,2899814,2423767,3386303,0.7157560915251825,0.0009348523039999721,True,172058,0.7145704306406047,True,860288,0.6950001428446175,True,1720575,0.6950166908273596
teachers-m-pg500-draw42,teachers,m-pg500,raw/teachers-m-pg500-draw42/measurements.json,routed/code/topk_intersection,routed/science/topk_intersection,1e-05,0.0008129915748218651,0.8377871511410969,0.019264084940977595,654404,651620,535755,770269,0.6955427259827411,0.00021680315767596173,True,172058,0.7145704306406047,True,860288,0.6950001428446175,True,1720575,0.6950166908273596
teachers-m-pg500-draw42,teachers,m-pg500,raw/teachers-m-pg500-draw42/measurements.json,routed/if/topk_intersection,routed/science/topk_intersection,0.0,-0.0060456504581424654,0.8196532531123583,0.020385634105770257,3001200,2899814,2385684,3515330,0.6786515064019594,0.0009466269079195576,True,172058,0.6799093935813945,True,860288,0.6429169582982023,True,1720575,0.6352431088508368
teachers-m-pg500-draw42,teachers,m-pg500,raw/teachers-m-pg500-draw42/measurements.json,routed/if/topk_intersection,routed/science/topk_intersection,1e-05,-0.0060456504581424654,0.8196532531123583,0.020385634105770257,674429,651620,527184,798865,0.6599162561884674,0.00021907478346515097,True,172058,0.6799093935813945,True,860288,0.6429169582982023,True,1720575,0.6352431088508368
teachers-m-pg500-draw42,teachers,m-pg500,raw/teachers-m-pg500-draw42/measurements.json,zero_gradient,routed/math/topk_intersection,0.0,,0.9762012506668016,0.007250718868618819,2793621,2801321,2732287,2862655,0.9544590598587674,0.0008957312826520218,True,172058,0.9513019415714027,True,860288,0.9482284416332918,True,1720575,0.9486399188187035
teachers-m-pg500-draw42,teachers,m-pg500,raw/teachers-m-pg500-draw42/measurements.json,zero_gradient,routed/math/topk_intersection,1e-05,,0.9762012506668016,0.007250718868618819,624869,626822,610134,641557,0.9510207199048565,0.00020659913473236127,True,172058,0.9513019415714027,True,860288,0.9482284416332918,True,1720575,0.9486399188187035
teachers-m-pg500-draw42,teachers,m-pg500,raw/teachers-m-pg500-draw42/measurements.json,zero_gradient,routed/code/topk_intersection,0.0,,0.8889429071346834,0.015819653169255498,2793621,2910256,2527026,3176851,0.7954499597242678,0.0009153953125805577,True,172058,0.7691702612245318,True,860288,0.7514933608049286,True,1720575,0.7523048602571055
teachers-m-pg500-draw42,teachers,m-pg500,raw/teachers-m-pg500-draw42/measurements.json,zero_gradient,routed/code/topk_intersection,1e-05,,0.8889429071346834,0.015819653169255498,624869,654404,560903,718370,0.7807995879560672,0.00021175201843793377,True,172058,0.7691702612245318,True,860288,0.7514933608049286,True,1720575,0.7523048602571055
teachers-m-pg500-draw42,teachers,m-pg500,raw/teachers-m-pg500-draw42/measurements.json,zero_gradient,routed/if/topk_intersection,0.0,,0.8683299425985649,0.01729358283484007,2793621,3001200,2475118,3319703,0.7455841682222777,0.0009267688127126603,True,172058,0.7296781068419889,True,860288,0.6887067266545749,True,1720575,0.6800480411278924
teachers-m-pg500-draw42,teachers,m-pg500,raw/teachers-m-pg500-draw42/measurements.json,zero_gradient,routed/if/topk_intersection,1e-05,,0.8683299425985649,0.01729358283484007,624869,674429,549801,749497,0.733559974222712,0.00021392059168607103,True,172058,0.7296781068419889,True,860288,0.6887067266545749,True,1720575,0.6800480411278924
teachers-m-pg500-draw42,teachers,m-pg500,raw/teachers-m-pg500-draw42/measurements.json,zero_gradient,routed/science/topk_intersection,0.0,,0.8953571318831912,0.015329956085347738,2793621,2899814,2543529,3149906,0.8074936204445466,0.0009129828022996061,True,172058,0.7832616468881173,True,860288,0.766597634989101,True,1720575,0.765557883762501
teachers-m-pg500-draw42,teachers,m-pg500,raw/teachers-m-pg500-draw42/measurements.json,zero_gradient,routed/science/topk_intersection,1e-05,,0.8953571318831912,0.015329956085347738,624869,651620,564869,711620,0.7937789831651724,0.00021106054825007796,True,172058,0.7832616468881173,True,860288,0.766597634989101,True,1720575,0.765557883762501
teachers-m-pg500-draw42,teachers,m-pg500,raw/teachers-m-pg500-draw42/measurements.json,common/math/sampled_pg,common/code/sampled_pg,0.0,0.9986251592149822,0.9941685918641197,0.003667133677548305,2971030,2974506,2953468,2992068,0.9870992236807452,0.0009530714917847493,True,172058,0.987547361611681,True,860288,0.9853342148958684,True,1720575,0.9851291979527698
teachers-m-pg500-draw42,teachers,m-pg500,raw/teachers-m-pg500-draw42/measurements.json,common/math/sampled_pg,common/code/sampled_pg,1e-05,0.9986251592149822,0.9941685918641197,0.003667133677548305,666442,667398,662479,671361,0.9867701579329153,0.00021982818056664636,True,172058,0.987547361611681,True,860288,0.9853342148958684,True,1720575,0.9851291979527698
teachers-m-pg500-draw42,teachers,m-pg500,raw/teachers-m-pg500-draw42/measurements.json,common/math/sampled_pg,common/if/sampled_pg,0.0,0.9979424782871333,0.9931030807595305,0.00398785698682829,2971030,2974170,2948474,2996726,0.9838984278175582,0.0009529447871720076,True,172058,0.9864115219210898,True,860288,0.9825296214059956,True,1720575,0.9820203285022374
teachers-m-pg500-draw42,teachers,m-pg500,raw/teachers-m-pg500-draw42/measurements.json,common/math/sampled_pg,common/if/sampled_pg,1e-05,0.9979424782871333,0.9931030807595305,0.00398785698682829,666442,667244,661450,672236,0.9839550395991884,0.00021978220872557056,True,172058,0.9864115219210898,True,860288,0.9825296214059956,True,1720575,0.9820203285022374
teachers-m-pg500-draw42,teachers,m-pg500,raw/teachers-m-pg500-draw42/measurements.json,common/math/sampled_pg,common/science/sampled_pg,0.0,0.9995681142932782,0.9965122490915816,0.0028350516492937094,2971030,2969448,2958256,2982222,0.9919637102804553,0.0009522029731412611,True,172058,0.992495917918312,True,860288,0.9911585125933332,True,1720575,0.9910628838313763
teachers-m-pg500-draw42,teachers,m-pg500,raw/teachers-m-pg500-draw42/measurements.json,common/math/sampled_pg,common/science/sampled_pg,1e-05,0.9995681142932782,0.9965122490915816,0.0028350516492937094,666442,666111,663523,669030,0.9917686800292962,0.00021961338818680766,True,172058,0.992495917918312,True,860288,0.9911585125933332,True,1720575,0.9910628838313763
teachers-m-pg500-draw42,teachers,m-pg500,raw/teachers-m-pg500-draw42/measurements.json,common/code/sampled_pg,common/if/sampled_pg,0.0,0.9982260908616257,0.9934907222027713,0.003875103112182315,2974506,2974170,2951420,2997256,0.9847073456521565,0.0009535343320734624,True,172058,0.9869620699013205,True,860288,0.9842443770693526,True,1720575,0.983902323157317
teachers-m-pg500-draw42,teachers,m-pg500,raw/teachers-m-pg500-draw42/measurements.json,common/code/sampled_pg,common/if/sampled_pg,1e-05,0.9982260908616257,0.9934907222027713,0.003875103112182315,667398,667244,662211,672431,0.9848014145689298,0.0002199399573933322,True,172058,0.9869620699013205,True,860288,0.9842443770693526,True,1720575,0.983902323157317
teachers-m-pg500-draw42,teachers,m-pg500,raw/teachers-m-pg500-draw42/measurements.json,common/code/sampled_pg,common/science/sampled_pg,0.0,0.9972509009890166,0.9918315459308277,0.004339803492779599,2974506,2969448,2944556,2999398,0.9817156642766315,0.0009527912725827091,True,172058,0.9822806977119288,True,860288,0.979231923986127,True,1720575,0.9789530466267251
teachers-m-pg500-draw42,teachers,m-pg500,raw/teachers-m-pg500-draw42/measurements.json,common/code/sampled_pg,common/science/sampled_pg,1e-05,0.9972509009890166,0.9918315459308277,0.004339803492779599,667398,666111,660453,673056,0.9812749607759236,0.0002197707295966435,True,172058,0.9822806977119288,True,860288,0.979231923986127,True,1720575,0.9789530466267251
teachers-m-pg500-draw42,teachers,m-pg500,raw/teachers-m-pg500-draw42/measurements.json,common/if/sampled_pg,common/science/sampled_pg,0.0,0.9973867091929406,0.9918220653910897,0.004342044479156189,2974170,2969448,2943266,3000352,0.9809735657682832,0.0009526647689664362,True,172058,0.9832060628764083,True,860288,0.978945092306436,True,1720575,0.9783807650670326
teachers-m-pg500-draw42,teachers,m-pg500,raw/teachers-m-pg500-draw42/measurements.json,common/if/sampled_pg,common/science/sampled_pg,1e-05,0.9973867091929406,0.9918220653910897,0.004342044479156189,667244,666111,660257,673098,0.980922540254168,0.0002197248048346378,True,172058,0.9832060628764083,True,860288,0.978945092306436,True,1720575,0.9783807650670326
teachers-m-pg500-draw42,teachers,m-pg500,raw/teachers-m-pg500-draw42/measurements.json,zero_gradient,common/math/sampled_pg,0.0,,0.8752979350355189,0.01678384522857638,2793621,2971030,2489542,3275109,0.7601401968606236,0.0009220519711320529,True,172058,0.7480861353395681,True,860288,0.7066277315500415,True,1720575,0.7011588237649586
teachers-m-pg500-draw42,teachers,m-pg500,raw/teachers-m-pg500-draw42/measurements.json,zero_gradient,common/math/sampled_pg,1e-05,,0.8752979350355189,0.01678384522857638,624869,666442,552811,738500,0.7485592417061612,0.00021262987100622167,True,172058,0.7480861353395681,True,860288,0.7066277315500415,True,1720575,0.7011588237649586
teachers-m-pg500-draw42,teachers,m-pg500,raw/teachers-m-pg500-draw42/measurements.json,zero_gradient,common/code/sampled_pg,0.0,,0.8742627213353189,0.01685811229195327,2793621,2974506,2487661,3280466,0.7583254939999378,0.0009225901399963545,True,172058,0.7459043424877854,True,860288,0.7043151293508634,True,1720575,0.6984568457265263
teachers-m-pg500-draw42,teachers,m-pg500,raw/teachers-m-pg500-draw42/measurements.json,zero_gradient,common/code/sampled_pg,1e-05,,0.8742627213353189,0.01685811229195327,624869,667398,552420,739847,0.7466678921452679,0.00021277401268729026,True,172058,0.7459043424877854,True,860288,0.7043151293508634,True,1720575,0.6984568457265263
teachers-m-pg500-draw42,teachers,m-pg500,raw/teachers-m-pg500-draw42/measurements.json,zero_gradient,common/if/sampled_pg,0.0,,0.8744064012083111,0.016847321274012273,2793621,2974170,2487722,3280069,0.758435874367277,0.0009224612325543004,True,172058,0.7466664636343795,True,860288,0.7045633320586411,True,1720575,0.6986312324239314
teachers-m-pg500-draw42,teachers,m-pg500,raw/teachers-m-pg500-draw42/measurements.json,zero_gradient,common/if/sampled_pg,1e-05,,0.8744064012083111,0.016847321274012273,624869,667244,552463,739650,0.746924896910701,0.0002127299786867767,True,172058,0.7466664636343795,True,860288,0.7045633320586411,True,1720575,0.6986312324239314
teachers-m-pg500-draw42,teachers,m-pg500,raw/teachers-m-pg500-draw42/measurements.json,zero_gradient,common/science/sampled_pg,0.0,,0.8758784781233138,0.01674292059113896,2793621,2969448,2490492,3272577,0.761018610104514,0.0009217922142973037,True,172058,0.749125731945348,True,860288,0.7078355468207175,True,1720575,0.7024439717013803
teachers-m-pg500-draw42,teachers,m-pg500,raw/teachers-m-pg500-draw42/measurements.json,zero_gradient,common/science/sampled_pg,1e-05,,0.8758784781233138,0.01674292059113896,624869,666111,553081,737899,0.7495348279371568,0.00021257689712447634,True,172058,0.749125731945348,True,860288,0.7078355468207175,True,1720575,0.7024439717013803
teachers-m-pg500-draw42,teachers,m-pg500,raw/teachers-m-pg500-draw42/measurements.json,common/math/topk_intersection,common/code/topk_intersection,0.0,0.8997993248223632,0.9467889598997382,0.011124568024971962,2998024,2997033,2820869,3174188,0.8886899578726906,0.0009621466953444753,True,172058,0.8988224647677485,True,860288,0.8842473801850106,True,1720575,0.8808158045042509
teachers-m-pg500-draw42,teachers,m-pg500,raw/teachers-m-pg500-draw42/measurements.json,common/math/topk_intersection,common/code/topk_intersection,1e-05,0.8997993248223632,0.9467889598997382,0.011124568024971962,673790,673755,632812,714733,0.8853823735576782,0.00022247720852834087,True,172058,0.8988224647677485,True,860288,0.8842473801850106,True,1720575,0.8808158045042509
teachers-m-pg500-draw42,teachers,m-pg500,raw/teachers-m-pg500-draw42/measurements.json,common/math/topk_intersection,common/if/topk_intersection,0.0,0.979171696020302,0.9743224244852045,0.00772716414993086,2998024,3000955,2914196,3084783,0.9447004862254492,0.0009623599904750516,True,172058,0.9489148656608218,True,860288,0.9426083657745703,True,1720575,0.9410687653287545
teachers-m-pg500-draw42,teachers,m-pg500,raw/teachers-m-pg500-draw42/measurements.json,common/math/topk_intersection,common/if/topk_intersection,1e-05,0.979171696020302,0.9743224244852045,0.00772716414993086,673790,674439,654556,693673,0.9436088762284246,0.00022244258552703462,True,172058,0.9489148656608218,True,860288,0.9426083657745703,True,1720575,0.9410687653287545
teachers-m-pg500-draw42,teachers,m-pg500,raw/teachers-m-pg500-draw42/measurements.json,common/math/topk_intersection,common/science/topk_intersection,0.0,0.8733284536931667,0.9403610801845468,0.011779556443467407,2998024,2998482,2800564,3195942,0.8762874920758887,0.0009622780681954935,True,172058,0.8878739500869556,True,860288,0.8714606428708167,True,1720575,0.8674468973024954
teachers-m-pg500-draw42,teachers,m-pg500,raw/teachers-m-pg500-draw42/measurements.json,common/math/topk_intersection,common/science/topk_intersection,1e-05,0.8733284536931667,0.9403610801845468,0.011779556443467407,673790,674159,628006,719943,0.8722996126082204,0.00022251038142484373,True,172058,0.8878739500869556,True,860288,0.8714606428708167,True,1720575,0.8674468973024954
teachers-m-pg500-draw42,teachers,m-pg500,raw/teachers-m-pg500-draw42/measurements.json,common/code/topk_intersection,common/if/topk_intersection,0.0,0.8930529519137613,0.9430701654541827,0.011508925895682176,2997033,3000955,2810381,3187607,0.8816585607949788,0.0009624865052019227,True,172058,0.8925774375219993,True,860288,0.8762728757777928,True,1720575,0.8725573741588551
teachers-m-pg500-draw42,teachers,m-pg500,raw/teachers-m-pg500-draw42/measurements.json,common/code/topk_intersection,common/if/topk_intersection,1e-05,0.8930529519137613,0.9430701654541827,0.011508925895682176,673755,674439,630385,717809,0.8782071553853462,0.00022256091017748406,True,172058,0.8925774375219993,True,860288,0.8762728757777928,True,1720575,0.8725573741588551
teachers-m-pg500-draw42,teachers,m-pg500,raw/teachers-m-pg500-draw42/measurements.json,common/code/topk_intersection,common/science/topk_intersection,0.0,0.9930247303405022,0.9847147276234441,0.005965162733163588,2997033,2998482,2947847,3047668,0.9672467604739099,0.0009624310305382586,True,172058,0.969438212536056,True,860288,0.9656514581507812,True,1720575,0.965212514677059
teachers-m-pg500-draw42,teachers,m-pg500,raw/teachers-m-pg500-draw42/measurements.json,common/code/topk_intersection,common/science/topk_intersection,1e-05,0.9930247303405022,0.9847147276234441,0.005965162733163588,673755,674159,662403,685511,0.9662908399719333,0.00022263630695817187,True,172058,0.969438212536056,True,860288,0.9656514581507812,True,1720575,0.965212514677059
teachers-m-pg500-draw42,teachers,m-pg500,raw/teachers-m-pg500-draw42/measurements.json,common/if/topk_intersection,common/science/topk_intersection,0.0,0.8749552613953291,0.9408159806327163,0.01173676433338635,3000955,2998482,2803691,3195746,0.8773197244086357,0.0009626235592527904,True,172058,0.8891591134925035,True,860288,0.8720918845871787,True,1720575,0.8679993789892072
teachers-m-pg500-draw42,teachers,m-pg500,raw/teachers-m-pg500-draw42/measurements.json,common/if/topk_intersection,common/science/topk_intersection,1e-05,0.8749552613953291,0.9408159806327163,0.01173676433338635,674439,674159,628752,719846,0.8734534886628529,0.00022259507997858435,True,172058,0.8891591134925035,True,860288,0.8720918845871787,True,1720575,0.8679993789892072
teachers-m-pg500-draw42,teachers,m-pg500,raw/teachers-m-pg500-draw42/measurements.json,zero_gradient,common/math/topk_intersection,0.0,,0.8630817652851431,0.01762886113925476,2793621,2998024,2460184,3331461,0.7384699985982126,0.0009265360780943613,True,172058,0.721707718555654,True,860288,0.6816343923757546,True,1720575,0.6743014925010035
teachers-m-pg500-draw42,teachers,m-pg500,raw/teachers-m-pg500-draw42/measurements.json,zero_gradient,common/math/topk_intersection,1e-05,,0.8630817652851431,0.01762886113925476,624869,673790,546189,752470,0.725861496139381,0.00021388425828500408,True,172058,0.721707718555654,True,860288,0.6816343923757546,True,1720575,0.6743014925010035
teachers-m-pg500-draw42,teachers,m-pg500,raw/teachers-m-pg500-draw42/measurements.json,zero_gradient,common/code/topk_intersection,0.0,,0.8641814371527757,0.01756401316303092,2793621,2997033,2464535,3326119,0.7409641687504266,0.0009267081290397604,True,172058,0.7205541916871246,True,860288,0.6845122766687977,True,1720575,0.6767693994396394
teachers-m-pg500-draw42,teachers,m-pg500,raw/teachers-m-pg500-draw42/measurements.json,zero_gradient,common/code/topk_intersection,1e-05,,0.8641814371527757,0.01756401316303092,624869,673755,547041,751583,0.7278517475781118,0.0002140072914576805,True,172058,0.7205541916871246,True,860288,0.6845122766687977,True,1720575,0.6767693994396394
teachers-m-pg500-draw42,teachers,m-pg500,raw/teachers-m-pg500-draw42/measurements.json,zero_gradient,common/if/topk_intersection,0.0,,0.8643661414749134,0.01755020522699189,2793621,3000955,2463254,3331322,0.7394223674565232,0.000926818474676825,True,172058,0.7240366935706091,True,860288,0.6824927760149027,True,1720575,0.6745540678308389
teachers-m-pg500-draw42,teachers,m-pg500,raw/teachers-m-pg500-draw42/measurements.json,zero_gradient,common/if/topk_intersection,1e-05,,0.8643661414749134,0.01755020522699189,624869,674439,547087,752221,0.7272955687224898,0.0002139599059540869,True,172058,0.7240366935706091,True,860288,0.6824927760149027,True,1720575,0.6745540678308389
teachers-m-pg500-draw42,teachers,m-pg500,raw/teachers-m-pg500-draw42/measurements.json,zero_gradient,common/science/topk_intersection,0.0,,0.8641416249140915,0.017570499706449805,2793621,2998482,2464177,3327926,0.7404542649085346,0.0009268232564633868,True,172058,0.7206488259530381,True,860288,0.6837160874143255,True,1720575,0.6759584715496412
teachers-m-pg500-draw42,teachers,m-pg500,raw/teachers-m-pg500-draw42/measurements.json,zero_gradient,common/science/topk_intersection,1e-05,,0.8641416249140915,0.017570499706449805,624869,674159,547042,751986,0.7274630112794653,0.00021403716764876527,True,172058,0.7206488259530381,True,860288,0.6837160874143255,True,1720575,0.6759584715496412
teachers-m-pg500-draw42,teachers,m-pg500,raw/teachers-m-pg500-draw42/measurements.json,routed/math/sampled_pg,routed/math/topk_intersection,0.0,0.999854413303726,0.9776407273059433,0.007028267341427375,2793791,2801321,2736423,2858689,0.9572300449611693,0.0008957632760246689,True,172058,0.9540387836801908,True,860288,0.9512199547513878,True,1720575,0.9516481945914308
teachers-m-pg500-draw42,teachers,m-pg500,raw/teachers-m-pg500-draw42/measurements.json,routed/math/sampled_pg,routed/math/topk_intersection,1e-05,0.999854413303726,0.9776407273059433,0.007028267341427375,624900,626822,611122,640600,0.9539837652201062,0.00020660537606175054,True,172058,0.9540387836801908,True,860288,0.9512199547513878,True,1720575,0.9516481945914308
teachers-m-pg500-draw42,teachers,m-pg500,raw/teachers-m-pg500-draw42/measurements.json,routed/code/sampled_pg,routed/code/topk_intersection,0.0,0.9969168560567618,0.9362904497352135,0.012009246777807422,2818881,2910256,2676390,3052747,0.8767152993680773,0.0009202032922374816,True,172058,0.8538635175976856,True,860288,0.8412181359198782,True,1720575,0.8416407817079149
teachers-m-pg500-draw42,teachers,m-pg500,raw/teachers-m-pg500-draw42/measurements.json,routed/code/sampled_pg,routed/code/topk_intersection,1e-05,0.9969168560567618,0.9362904497352135,0.012009246777807422,631448,654404,597654,688198,0.8684332125347647,0.00021302472963235478,True,172058,0.8538635175976856,True,860288,0.8412181359198782,True,1720575,0.8416407817079149
teachers-m-pg500-draw42,teachers,m-pg500,raw/teachers-m-pg500-draw42/measurements.json,routed/if/sampled_pg,routed/if/topk_intersection,0.0,0.6495530969582177,0.9067380507278283,0.014699689727076456,2974170,3001200,2683643,3291727,0.8152690062085951,0.0009580324812804921,True,172058,0.8246875480542344,True,860288,0.8004474497665434,True,1720575,0.7957223906019086
teachers-m-pg500-draw42,teachers,m-pg500,raw/teachers-m-pg500-draw42/measurements.json,routed/if/sampled_pg,routed/if/topk_intersection,1e-05,0.6495530969582177,0.9067380507278283,0.014699689727076456,667306,674429,599407,742328,0.8074692049875527,0.00022117823018541694,True,172058,0.8246875480542344,True,860288,0.8004474497665434,True,1720575,0.7957223906019086
teachers-m-pg500-draw42,teachers,m-pg500,raw/teachers-m-pg500-draw42/measurements.json,routed/science/sampled_pg,routed/science/topk_intersection,0.0,0.8630415838106514,0.9448212722434709,0.01122060840109768,2902356,2899814,2734332,3067838,0.8912895661374558,0.0009329914770850253,True,172058,0.8946093410193307,True,860288,0.8845796603634707,True,1720575,0.8845114804517153
teachers-m-pg500-draw42,teachers,m-pg500,raw/teachers-m-pg500-draw42/measurements.json,routed/science/sampled_pg,routed/science/topk_intersection,1e-05,0.8630415838106514,0.9448212722434709,0.01122060840109768,652247,651620,612137,691730,0.8849363190840357,0.00021626513559077062,True,172058,0.8946093410193307,True,860288,0.8845796603634707,True,1720575,0.8845114804517153
teachers-m-pg500-draw42,teachers,m-pg500,raw/teachers-m-pg500-draw42/measurements.json,common/math/sampled_pg,common/math/topk_intersection,0.0,0.6370611474230179,0.9008454513428414,0.015150250508815825,2971030,2998024,2664214,3304840,0.8061552147759045,0.0009571981735028182,True,172058,0.8140679940746364,True,860288,0.7900589273229683,True,1720575,0.7868984150211319
teachers-m-pg500-draw42,teachers,m-pg500,raw/teachers-m-pg500-draw42/measurements.json,common/math/sampled_pg,common/math/topk_intersection,1e-05,0.6370611474230179,0.9008454513428414,0.015150250508815825,666442,673790,594653,745579,0.7975720882696535,0.0002209985420986603,True,172058,0.8140679940746364,True,860288,0.7900589273229683,True,1720575,0.7868984150211319
teachers-m-pg500-draw42,teachers,m-pg500,raw/teachers-m-pg500-draw42/measurements.json,common/code/sampled_pg,common/code/topk_intersection,0.0,0.5813101734398318,0.8889509389989313,0.016041631038619174,2974506,2997033,2627603,3343936,0.7857814862485406,0.0009579024110185811,True,172058,0.7953004027629959,True,860288,0.7696465285913084,True,1720575,0.7649665563418315
teachers-m-pg500-draw42,teachers,m-pg500,raw/teachers-m-pg500-draw42/measurements.json,common/code/sampled_pg,common/code/topk_intersection,1e-05,0.5813101734398318,0.8889509389989313,0.016041631038619174,667398,673755,585928,755225,0.7758323678373995,0.00022126874031007412,True,172058,0.7953004027629959,True,860288,0.7696465285913084,True,1720575,0.7649665563418315
teachers-m-pg500-draw42,teachers,m-pg500,raw/teachers-m-pg500-draw42/measurements.json,common/if/sampled_pg,common/if/topk_intersection,0.0,0.6248664019745527,0.8990246030560296,0.015294499029315444,2974170,3000955,2660398,3314727,0.8025994297569604,0.0009580224935199669,True,172058,0.8114609982839034,True,860288,0.7865960851339551,True,1720575,0.7826541480517543
teachers-m-pg500-draw42,teachers,m-pg500,raw/teachers-m-pg500-draw42/measurements.json,common/if/sampled_pg,common/if/topk_intersection,1e-05,0.6248664019745527,0.8990246030560296,0.015294499029315444,667244,674439,593726,747957,0.7937969696118895,0.00022119656542779532,True,172058,0.8114609982839034,True,860288,0.7865960851339551,True,1720575,0.7826541480517543
teachers-m-pg500-draw42,teachers,m-pg500,raw/teachers-m-pg500-draw42/measurements.json,common/science/sampled_pg,common/science/topk_intersection,0.0,0.5268721091020403,0.882842626628482,0.016474672306416856,2969448,2998482,2605456,3362474,0.7748627944781135,0.0009571641556213816,True,172058,0.7845841090718624,True,860288,0.7563600802755337,True,1720575,0.751404981896321
teachers-m-pg500-draw42,teachers,m-pg500,raw/teachers-m-pg500-draw42/measurements.json,common/science/sampled_pg,common/science/topk_intersection,1e-05,0.5268721091020403,0.882842626628482,0.016474672306416856,666111,674159,580540,759730,0.764139891803667,0.00022108634060905304,True,172058,0.7845841090718624,True,860288,0.7563600802755337,True,1720575,0.751404981896321
normalization-m-pg500-draw42-quota1234-uniform,normalization,m-pg500,raw/normalization-m-pg500-draw42-quota1234-uniform/measurements.json,zero_gradient,DR,0.0,,0.8506383109236682,0.01859871921254027,2793621,3014999,2453192,3355428,0.7311115005298877,0.0009286259500938021,,,,,,,,,
normalization-m-pg500-draw42-quota1234-uniform,normalization,m-pg500,raw/normalization-m-pg500-draw42-quota1234-uniform/measurements.json,zero_gradient,DR,1e-05,,0.8506383109236682,0.01859871921254027,624869,681724,545266,761327,0.7162047320008353,0.00021514344281825374,,,,,,,,,
normalization-m-pg500-draw42-quota1234-uniform,normalization,m-pg500,raw/normalization-m-pg500-draw42-quota1234-uniform/measurements.json,zero_gradient,DT,0.0,,0.8504353472767786,0.018607579002911958,2793621,3019088,2449663,3363046,0.7284060342915322,0.0009300735809827248,,,,,,,,,
normalization-m-pg500-draw42-quota1234-uniform,normalization,m-pg500,raw/normalization-m-pg500-draw42-quota1234-uniform/measurements.json,zero_gradient,DT,1e-05,,0.8504353472767786,0.018607579002911958,624869,682544,544531,762882,0.7137814236015531,0.00021556945491761417,,,,,,,,,
normalization-m-pg500-draw42-quota1234-uniform,normalization,m-pg500,raw/normalization-m-pg500-draw42-quota1234-uniform/measurements.json,zero_gradient,GT,0.0,,0.8503447454594919,0.01863752846949047,2793621,3026940,2447378,3373183,0.7255396460850182,0.0009303311072443317,,,,,,,,,
normalization-m-pg500-draw42-quota1234-uniform,normalization,m-pg500,raw/normalization-m-pg500-draw42-quota1234-uniform/measurements.json,zero_gradient,GT,1e-05,,0.8503447454594919,0.01863752846949047,624869,684300,544769,764400,0.7126753008895866,0.00021554351933740333,,,,,,,,,
normalization-m-pg500-draw42-quota1234-uniform,normalization,m-pg500,raw/normalization-m-pg500-draw42-quota1234-uniform/measurements.json,DR,DT,0.0,,0.9443400227871038,0.011562191702615535,3014999,3019088,2841157,3192930,0.8898275251884633,0.0009671113477236911,,,,,,,,,
normalization-m-pg500-draw42-quota1234-uniform,normalization,m-pg500,raw/normalization-m-pg500-draw42-quota1234-uniform/measurements.json,DR,DT,1e-05,,0.9443400227871038,0.011562191702615535,681724,682544,640300,723968,0.8844313560820368,0.00022529507841990537,,,,,,,,,
normalization-m-pg500-draw42-quota1234-uniform,normalization,m-pg500,raw/normalization-m-pg500-draw42-quota1234-uniform/measurements.json,DR,GT,0.0,,0.9260970516585617,0.013336567331115498,3014999,3026940,2785368,3256571,0.8553070085068005,0.0009674062657343647,,,,,,,,,
normalization-m-pg500-draw42-quota1234-uniform,normalization,m-pg500,raw/normalization-m-pg500-draw42-quota1234-uniform/measurements.json,DR,GT,1e-05,,0.9260970516585617,0.013336567331115498,681724,684300,627490,738534,0.8496426704796258,0.00022527434824753828,,,,,,,,,
normalization-m-pg500-draw42-quota1234-uniform,normalization,m-pg500,raw/normalization-m-pg500-draw42-quota1234-uniform/measurements.json,DT,GT,0.0,,0.9447948673143127,0.01152496135594374,3019088,3026940,2849630,3196398,0.8915128841902666,0.0009689571696858181,,,,,,,,,
normalization-m-pg500-draw42-quota1234-uniform,normalization,m-pg500,raw/normalization-m-pg500-draw42-quota1234-uniform/measurements.json,DT,GT,1e-05,,0.9447948673143127,0.01152496135594374,682544,684300,642394,724450,0.8867333839464421,0.00022572991794497487,,,,,,,,,
normalization-m-pg500-draw42-long2048,normalization,m-pg500,raw/normalization-m-pg500-draw42-long2048/measurements.json,zero_gradient,DR,0.0,,0.8554741245499485,0.018223512431375453,2793621,2985008,2457656,3320973,0.7400409458312368,0.0009238992670926306,,,,,,,,,
normalization-m-pg500-draw42-long2048,normalization,m-pg500,raw/normalization-m-pg500-draw42-long2048/measurements.json,zero_gradient,DR,1e-05,,0.8554741245499485,0.018223512431375453,624869,673841,545886,752824,0.725117690190536,0.0002138359919045048,,,,,,,,,
normalization-m-pg500-draw42-long2048,normalization,m-pg500,raw/normalization-m-pg500-draw42-long2048/measurements.json,zero_gradient,DT,0.0,,0.8539709030585528,0.01831621345643169,2793621,2989385,2450378,3332628,0.7352689829167852,0.0009267611331186533,,,,,,,,,
normalization-m-pg500-draw42-long2048,normalization,m-pg500,raw/normalization-m-pg500-draw42-long2048/measurements.json,zero_gradient,DT,1e-05,,0.8539709030585528,0.01831621345643169,624869,675241,544376,755734,0.7203275226468572,0.00021476340188227944,,,,,,,,,
normalization-m-pg500-draw42-long2048,normalization,m-pg500,raw/normalization-m-pg500-draw42-long2048/measurements.json,zero_gradient,GT,0.0,,0.8491710914162771,0.01866713622125608,2793621,3015057,2445809,3362869,0.7272983277076805,0.0009292512129213697,,,,,,,,,
normalization-m-pg500-draw42-long2048,normalization,m-pg500,raw/normalization-m-pg500-draw42-long2048/measurements.json,zero_gradient,GT,1e-05,,0.8491710914162771,0.01866713622125608,624869,681303,543932,762240,0.7135967674223341,0.0002152165213023156,,,,,,,,,
normalization-m-pg500-draw42-long2048,normalization,m-pg500,raw/normalization-m-pg500-draw42-long2048/measurements.json,DR,DT,0.0,,0.899258873711836,0.01545844364377509,2985008,2989385,2677456,3296937,0.8121040832748699,0.000958427378798388,,,,,,,,,
normalization-m-pg500-draw42-long2048,normalization,m-pg500,raw/normalization-m-pg500-draw42-long2048/measurements.json,DR,DT,1e-05,,0.899258873711836,0.01545844364377509,673841,675241,600293,748789,0.8016851209085604,0.00022298436558288782,,,,,,,,,
normalization-m-pg500-draw42-long2048,normalization,m-pg500,raw/normalization-m-pg500-draw42-long2048/measurements.json,DR,GT,0.0,,0.889075158923704,0.016258952200568746,2985008,3015057,2652802,3347263,0.7925287018080145,0.0009611093947413072,,,,,,,,,
normalization-m-pg500-draw42-long2048,normalization,m-pg500,raw/normalization-m-pg500-draw42-long2048/measurements.json,DR,GT,1e-05,,0.889075158923704,0.016258952200568746,673841,681303,594946,760198,0.7826197911596715,0.00022349097337405162,,,,,,,,,
normalization-m-pg500-draw42-long2048,normalization,m-pg500,raw/normalization-m-pg500-draw42-long2048/measurements.json,DT,GT,0.0,,0.9214963315850792,0.013677485457330057,2989385,3015057,2753451,3250991,0.8469574354404549,0.0009641359056952731,,,,,,,,,
normalization-m-pg500-draw42-long2048,normalization,m-pg500,raw/normalization-m-pg500-draw42-long2048/measurements.json,DT,GT,1e-05,,0.9214963315850792,0.013677485457330057,675241,681303,619364,737180,0.8401801459616376,0.00022446977894054974,,,,,,,,,
normalization-m-pg250-draw42,normalization,m-pg250,raw/normalization-m-pg250-draw42/measurements.json,zero_gradient,DR,0.0,,0.8802429227895766,0.012440642874440978,3129143,3312796,2781467,3660472,0.7598656675969656,0.0010008493728565241,,,,,,,,,
normalization-m-pg250-draw42,normalization,m-pg250,raw/normalization-m-pg250-draw42/measurements.json,zero_gradient,DR,1e-05,,0.8802429227895766,0.012440642874440978,604788,641136,534741,711183,0.7519035185036763,0.00020123150692357613,,,,,,,,,
normalization-m-pg250-draw42,normalization,m-pg250,raw/normalization-m-pg250-draw42/measurements.json,zero_gradient,DT,0.0,,0.8792307800658388,0.012612929936061798,3129143,3374032,2792529,3710646,0.7525721936288182,0.0010112199081783093,,,,,,,,,
normalization-m-pg250-draw42,normalization,m-pg250,raw/normalization-m-pg250-draw42/measurements.json,zero_gradient,DT,1e-05,,0.8792307800658388,0.012612929936061798,604788,657223,539934,722077,0.7477512786032514,0.00020419689045593945,,,,,,,,,
normalization-m-pg250-draw42,normalization,m-pg250,raw/normalization-m-pg250-draw42/measurements.json,zero_gradient,GT,0.0,,0.8813634105050704,0.012530092717382816,3129143,3386138,2805220,3710061,0.7561115571954208,0.001014114948091454,,,,,,,,,
normalization-m-pg250-draw42,normalization,m-pg250,raw/normalization-m-pg250-draw42/measurements.json,zero_gradient,GT,1e-05,,0.8813634105050704,0.012530092717382816,604788,661166,542972,722982,0.7510173144006351,0.00020515537567377347,,,,,,,,,
normalization-m-pg250-draw42,normalization,m-pg250,raw/normalization-m-pg250-draw42/measurements.json,DR,DT,0.0,,0.9262157730393913,0.009956203584521886,3312796,3374032,3055439,3631389,0.8413967768256169,0.0010407304793135764,,,,,,,,,
normalization-m-pg250-draw42,normalization,m-pg250,raw/normalization-m-pg250-draw42/measurements.json,DR,DT,1e-05,,0.9262157730393913,0.009956203584521886,641136,657223,592055,706304,0.8382438723269301,0.00020994016542289005,,,,,,,,,
normalization-m-pg250-draw42,normalization,m-pg250,raw/normalization-m-pg250-draw42/measurements.json,DR,GT,0.0,,0.9132320473321718,0.010817106576121054,3312796,3386138,3017095,3681839,0.8194532677827575,0.0010437682457800712,,,,,,,,,
normalization-m-pg250-draw42,normalization,m-pg250,raw/normalization-m-pg250-draw42/measurements.json,DR,GT,1e-05,,0.9132320473321718,0.010817106576121054,641136,661166,584386,717916,0.8140033095793937,0.00021093630735076436,,,,,,,,,
normalization-m-pg250-draw42,normalization,m-pg250,raw/normalization-m-pg250-draw42/measurements.json,DT,GT,0.0,,0.9711820609301544,0.006275649350745455,3374032,3386138,3265540,3494630,0.9344451343919099,0.0010550418951550916,,,,,,,,,
normalization-m-pg250-draw42,normalization,m-pg250,raw/normalization-m-pg250-draw42/measurements.json,DT,GT,1e-05,,0.9711820609301544,0.006275649350745455,657223,661166,636756,681633,0.9341625185400355,0.00021418752462799696,,,,,,,,,
normalization-m-pg250-draw43,normalization,m-pg250,raw/normalization-m-pg250-draw43/measurements.json,zero_gradient,DR,0.0,,0.8923237368803968,0.011960520437123015,3129143,3395608,2849084,3675667,0.7751202706882859,0.0010172496742399827,,,,,,,,,
normalization-m-pg250-draw43,normalization,m-pg250,raw/normalization-m-pg250-draw43/measurements.json,zero_gradient,DR,1e-05,,0.8923237368803968,0.011960520437123015,604788,665829,553001,717616,0.7706085148603152,0.0002063409668573167,,,,,,,,,
normalization-m-pg250-draw43,normalization,m-pg250,raw/normalization-m-pg250-draw43/measurements.json,zero_gradient,DT,0.0,,0.892927316589816,0.011915918240212518,3129143,3388245,2847970,3669418,0.7761367061479504,0.0010160546394430334,,,,,,,,,
normalization-m-pg250-draw43,normalization,m-pg250,raw/normalization-m-pg250-draw43/measurements.json,zero_gradient,DT,1e-05,,0.892927316589816,0.011915918240212518,604788,664073,552768,716093,0.7719220827462355,0.00020605261913887705,,,,,,,,,
normalization-m-pg250-draw43,normalization,m-pg250,raw/normalization-m-pg250-draw43/measurements.json,zero_gradient,GT,0.0,,0.8938072364705842,0.01186917074539364,3129143,3385872,2849356,3665659,0.7773107100251279,0.001015539226816705,,,,,,,,,
normalization-m-pg250-draw43,normalization,m-pg250,raw/normalization-m-pg250-draw43/measurements.json,zero_gradient,GT,1e-05,,0.8938072364705842,0.01186917074539364,604788,663535,553137,715186,0.7734169852318138,0.00020593282892389906,,,,,,,,,
normalization-m-pg250-draw43,normalization,m-pg250,raw/normalization-m-pg250-draw43/measurements.json,DR,DT,0.0,,0.9798808550836392,0.005260082429248345,3395608,3388245,3308268,3475585,0.9518593272787171,0.001063589710392793,,,,,,,,,
normalization-m-pg250-draw43,normalization,m-pg250,raw/normalization-m-pg250-draw43/measurements.json,DR,DT,1e-05,,0.9798808550836392,0.005260082429248345,665829,664073,648577,681325,0.9519348328624372,0.00021749618908206667,,,,,,,,,
normalization-m-pg250-draw43,normalization,m-pg250,raw/normalization-m-pg250-draw43/measurements.json,DR,GT,0.0,,0.9777020186890782,0.005538160493416131,3395608,3385872,3298439,3483041,0.9469997625638056,0.001063035008304626,,,,,,,,,
normalization-m-pg250-draw43,normalization,m-pg250,raw/normalization-m-pg250-draw43/measurements.json,DR,GT,1e-05,,0.9777020186890782,0.005538160493416131,665829,663535,646695,682669,0.9473038910511536,0.00021736631986997266,,,,,,,,,
normalization-m-pg250-draw43,normalization,m-pg250,raw/normalization-m-pg250-draw43/measurements.json,DT,GT,0.0,,0.9868455540984278,0.0042508007529562025,3388245,3385872,3333836,3440281,0.9690592134770386,0.0010617289091535483,,,,,,,,,
normalization-m-pg250-draw43,normalization,m-pg250,raw/normalization-m-pg250-draw43/measurements.json,DT,GT,1e-05,,0.9868455540984278,0.0042508007529562025,664073,663535,653351,674257,0.9689940186012158,0.00021704728236493604,,,,,,,,,
normalization-m-pg500-draw42,normalization,m-pg500,raw/normalization-m-pg500-draw42/measurements.json,zero_gradient,DR,0.0,,0.851725756215265,0.018497332941888874,2793621,3002359,2451986,3343994,0.7332507175551153,0.0009262278993021746,,,,,,,,,
normalization-m-pg500-draw42,normalization,m-pg500,raw/normalization-m-pg500-draw42/measurements.json,zero_gradient,DR,1e-05,,0.851725756215265,0.018497332941888874,624869,678567,544825,758611,0.7181875823050285,0.00021448698341442434,,,,,,,,,
normalization-m-pg500-draw42,normalization,m-pg500,raw/normalization-m-pg500-draw42/measurements.json,zero_gradient,DT,0.0,,0.8502959133506967,0.01859860656089905,2793621,3013243,2444258,3362606,0.726893962599246,0.0009285899226507292,,,,,,,,,
normalization-m-pg500-draw42,normalization,m-pg500,raw/normalization-m-pg500-draw42/measurements.json,zero_gradient,DT,1e-05,,0.8502959133506967,0.01859860656089905,624869,681241,543663,762447,0.7130502185725697,0.0002151171634177136,,,,,,,,,
normalization-m-pg500-draw42,normalization,m-pg500,raw/normalization-m-pg500-draw42/measurements.json,zero_gradient,GT,0.0,,0.8481728761669677,0.01875470259024627,2793621,3023056,2442207,3374470,0.7237305413887218,0.0009304495845717847,,,,,,,,,
normalization-m-pg500-draw42,normalization,m-pg500,raw/normalization-m-pg500-draw42/measurements.json,zero_gradient,GT,1e-05,,0.8481728761669677,0.01875470259024627,624869,683950,543259,765560,0.7096230210564816,0.00021563014189976225,,,,,,,,,
normalization-m-pg500-draw42,normalization,m-pg500,raw/normalization-m-pg500-draw42/measurements.json,DR,DT,0.0,,0.9367235950897103,0.012301166706852277,3002359,3013243,2807661,3207941,0.8752221440481605,0.0009629669737792566,,,,,,,,,
normalization-m-pg500-draw42,normalization,m-pg500,raw/normalization-m-pg500-draw42/measurements.json,DR,DT,1e-05,,0.9367235950897103,0.012301166706852277,678567,681241,632686,727122,0.8701235831126001,0.0002241116557159754,,,,,,,,,
normalization-m-pg500-draw42,normalization,m-pg500,raw/normalization-m-pg500-draw42/measurements.json,DR,GT,0.0,,0.9281628648448765,0.013121245031593474,3002359,3023056,2788175,3237240,0.8612815237671597,0.000964940110058755,,,,,,,,,
normalization-m-pg500-draw42,normalization,m-pg500,raw/normalization-m-pg500-draw42/measurements.json,DR,GT,1e-05,,0.9281628648448765,0.013121245031593474,678567,683950,627871,734646,0.8546578896502534,0.00022465971101605896,,,,,,,,,
normalization-m-pg500-draw42,normalization,m-pg500,raw/normalization-m-pg500-draw42/measurements.json,DT,GT,0.0,,0.9741900361765222,0.007869240727082139,3013243,3023056,2936367,3099932,0.9472359393689926,0.0009674872010137094,,,,,,,,,
normalization-m-pg500-draw42,normalization,m-pg500,raw/normalization-m-pg500-draw42/measurements.json,DT,GT,1e-05,,0.9741900361765222,0.007869240727082139,681241,683950,663285,701906,0.9449769627272028,0.0002253439509141988,,,,,,,,,
normalization-m-pg500-draw43,normalization,m-pg500,raw/normalization-m-pg500-draw43/measurements.json,zero_gradient,DR,0.0,,0.8509405873928594,0.018766960961468078,2793621,3106519,2487536,3412604,0.7289260634987241,0.0009451354661759045,,,,,,,,,
normalization-m-pg500-draw43,normalization,m-pg500,raw/normalization-m-pg500-draw43/measurements.json,zero_gradient,DR,1e-05,,0.8509405873928594,0.018766960961468078,624869,706814,554823,776860,0.7141865973277038,0.00021964994036459027,,,,,,,,,
normalization-m-pg500-draw43,normalization,m-pg500,raw/normalization-m-pg500-draw43/measurements.json,zero_gradient,DT,0.0,,0.8518215296757666,0.018706229033568774,2793621,3104426,2489746,3408301,0.7304947538377625,0.0009447793140231413,,,,,,,,,
normalization-m-pg500-draw43,normalization,m-pg500,raw/normalization-m-pg500-draw43/measurements.json,zero_gradient,DT,1e-05,,0.8518215296757666,0.018706229033568774,624869,706108,555245,775732,0.7157691058252077,0.0002195365316294587,,,,,,,,,
normalization-m-pg500-draw43,normalization,m-pg500,raw/normalization-m-pg500-draw43/measurements.json,zero_gradient,GT,0.0,,0.8518528825641356,0.01871592717094683,2793621,3109973,2492119,3411475,0.7305107028484746,0.0009456233372683705,,,,,,,,,
normalization-m-pg500-draw43,normalization,m-pg500,raw/normalization-m-pg500-draw43/measurements.json,zero_gradient,GT,1e-05,,0.8518528825641356,0.01871592717094683,624869,707838,555985,776722,0.715809517433522,0.00021980442619418448,,,,,,,,,
normalization-m-pg500-draw43,normalization,m-pg500,raw/normalization-m-pg500-draw43/measurements.json,DR,DT,0.0,,0.9856475856948441,0.005959592418804861,3106519,3104426,3057998,3152947,0.9698856339798925,0.0010015995063504825,,,,,,,,,
normalization-m-pg500-draw43,normalization,m-pg500,raw/normalization-m-pg500-draw43/measurements.json,DR,DT,1e-05,,0.9856475856948441,0.005959592418804861,706814,706108,695342,717580,0.9690097271384375,0.00023480119552681645,,,,,,,,,
normalization-m-pg500-draw43,normalization,m-pg500,raw/normalization-m-pg500-draw43/measurements.json,DR,GT,0.0,,0.9822315806489796,0.006633967675272636,3106519,3109973,3049096,3167396,0.9626507073949705,0.0010025649882924852,,,,,,,,,
normalization-m-pg500-draw43,normalization,m-pg500,raw/normalization-m-pg500-draw43/measurements.json,DR,GT,1e-05,,0.9822315806489796,0.006633967675272636,706814,707838,693474,721178,0.9615850733106113,0.00023511254262595946,,,,,,,,,
normalization-m-pg500-draw43,normalization,m-pg500,raw/normalization-m-pg500-draw43/measurements.json,DT,GT,0.0,,0.989292250821764,0.005148818605960538,3104426,3109973,3071043,3143356,0.9769949697075355,0.001002175824494586,,,,,,,,,
normalization-m-pg500-draw43,normalization,m-pg500,raw/normalization-m-pg500-draw43/measurements.json,DT,GT,1e-05,,0.989292250821764,0.005148818605960538,706108,707838,698509,715437,0.9763389369015022,0.00023498618755945182,,,,,,,,,
normalization-m-pg500-draw42-quota1234-prompt,normalization,m-pg500,raw/normalization-m-pg500-draw42-quota1234-prompt/measurements.json,zero_gradient,DR,0.0,,0.8531764508489301,0.018417736444409947,2793621,3006067,2454330,3345358,0.7336524222519683,0.00092635543553889,,,,,,,,,
normalization-m-pg500-draw42-quota1234-prompt,normalization,m-pg500,raw/normalization-m-pg500-draw42-quota1234-prompt/measurements.json,zero_gradient,DR,1e-05,,0.8531764508489301,0.018417736444409947,624869,679098,545783,758184,0.719855602333998,0.00021446867427862094,,,,,,,,,
normalization-m-pg500-draw42-quota1234-prompt,normalization,m-pg500,raw/normalization-m-pg500-draw42-quota1234-prompt/measurements.json,zero_gradient,DT,0.0,,0.8514531323245744,0.018542443768224812,2793621,3019630,2445772,3367479,0.7262916858575807,0.000929159454174285,,,,,,,,,
normalization-m-pg500-draw42-quota1234-prompt,normalization,m-pg500,raw/normalization-m-pg500-draw42-quota1234-prompt/measurements.json,zero_gradient,DT,1e-05,,0.8514531323245744,0.018542443768224812,624869,682275,544390,762754,0.7137163489145911,0.00021521920714342774,,,,,,,,,
normalization-m-pg500-draw42-quota1234-prompt,normalization,m-pg500,raw/normalization-m-pg500-draw42-quota1234-prompt/measurements.json,zero_gradient,GT,0.0,,0.8503370541694695,0.018638948419366145,2793621,3026974,2447309,3373286,0.7254970376066542,0.0009303345303421788,,,,,,,,,
normalization-m-pg500-draw42-quota1234-prompt,normalization,m-pg500,raw/normalization-m-pg500-draw42-quota1234-prompt/measurements.json,zero_gradient,GT,1e-05,,0.8503370541694695,0.018638948419366145,624869,684333,544758,764444,0.7126198910580762,0.00021555054767472437,,,,,,,,,
normalization-m-pg500-draw42-quota1234-prompt,normalization,m-pg500,raw/normalization-m-pg500-draw42-quota1234-prompt/measurements.json,DR,DT,0.0,,0.9341305288217678,0.012564609275368366,3006067,3019630,2803623,3222074,0.8701299225281605,0.0009637388890800613,,,,,,,,,
normalization-m-pg500-draw42-quota1234-prompt,normalization,m-pg500,raw/normalization-m-pg500-draw42-quota1234-prompt/measurements.json,DR,DT,1e-05,,0.9341305288217678,0.012564609275368366,679098,682275,631342,730031,0.8648153297599691,0.00022420106240461752,,,,,,,,,
normalization-m-pg500-draw42-quota1234-prompt,normalization,m-pg500,raw/normalization-m-pg500-draw42-quota1234-prompt/measurements.json,DR,GT,0.0,,0.9300019873544944,0.01296772211783939,3006067,3026974,2795928,3237113,0.8637103493143428,0.0009649971754002706,,,,,,,,,
normalization-m-pg500-draw42-quota1234-prompt,normalization,m-pg500,raw/normalization-m-pg500-draw42-quota1234-prompt/measurements.json,DR,GT,1e-05,,0.9300019873544944,0.01296772211783939,679098,684333,629565,733866,0.8578745983599185,0.00022455877809451842,,,,,,,,,
normalization-m-pg500-draw42-quota1234-prompt,normalization,m-pg500,raw/normalization-m-pg500-draw42-quota1234-prompt/measurements.json,DT,GT,0.0,,0.9811694811969464,0.0067310305697384125,3019630,3026974,2963467,3083137,0.9611856365772913,0.0009680354048331786,,,,,,,,,
normalization-m-pg500-draw42-quota1234-prompt,normalization,m-pg500,raw/normalization-m-pg500-draw42-quota1234-prompt/measurements.json,DT,GT,1e-05,,0.9811694811969464,0.0067310305697384125,682275,684333,669290,697318,0.9598059995583077,0.0002253754929088073,,,,,,,,,
teachers-m-pg250-draw43,teachers,m-pg250,raw/teachers-m-pg250-draw43/measurements.json,routed/math/sampled_pg,routed/code/sampled_pg,0.0,0.007478853910975983,0.8408051636948612,0.01436957730873977,3254875,3292954,2698001,3849828,0.700810789469036,0.0010288960610477238,True,172058,0.7050554699461404,True,860288,0.6761725139333905,True,1720575,0.6681177026061446
teachers-m-pg250-draw43,teachers,m-pg250,raw/teachers-m-pg250-draw43/measurements.json,routed/math/sampled_pg,routed/code/sampled_pg,1e-05,0.007478853910975983,0.8408051636948612,0.01436957730873977,630626,638036,514195,754467,0.6815341161376177,0.0002081970779208467,True,172058,0.7050554699461404,True,860288,0.6761725139333905,True,1720575,0.6681177026061446
teachers-m-pg250-draw43,teachers,m-pg250,raw/teachers-m-pg250-draw43/measurements.json,routed/math/sampled_pg,routed/if/sampled_pg,0.0,-0.00667392074931343,0.8470029333426755,0.014057663481937918,3254875,3249987,2702813,3802049,0.7108832632088645,0.0010189299987153606,True,172058,0.7173856626674385,True,860288,0.6944426116012735,True,1720575,0.686581940979557
teachers-m-pg250-draw43,teachers,m-pg250,raw/teachers-m-pg250-draw43/measurements.json,routed/math/sampled_pg,routed/if/sampled_pg,1e-05,-0.00667392074931343,0.8470029333426755,0.014057663481937918,630626,628538,515913,743251,0.6941302467134252,0.00020573330487314446,True,172058,0.7173856626674385,True,860288,0.6944426116012735,True,1720575,0.686581940979557
teachers-m-pg250-draw43,teachers,m-pg250,raw/teachers-m-pg250-draw43/measurements.json,routed/math/sampled_pg,routed/science/sampled_pg,0.0,-0.0021875257215984126,0.8547912722226668,0.013651572222338402,3254875,3218742,2717817,3755800,0.7236319825336812,0.001013746206082472,True,172058,0.7203477530533378,True,860288,0.7014197154240407,True,1720575,0.6935585079026825
teachers-m-pg250-draw43,teachers,m-pg250,raw/teachers-m-pg250-draw43/measurements.json,routed/math/sampled_pg,routed/science/sampled_pg,1e-05,-0.0021875257215984126,0.8547912722226668,0.013651572222338402,630626,621195,518730,733091,0.7075929182052433,0.0002044980000065644,True,172058,0.7203477530533378,True,860288,0.7014197154240407,True,1720575,0.6935585079026825
teachers-m-pg250-draw43,teachers,m-pg250,raw/teachers-m-pg250-draw43/measurements.json,routed/code/sampled_pg,routed/if/sampled_pg,0.0,-0.0036930962206666875,0.8409236254419966,0.014360647905175201,3292954,3249987,2683066,3859875,0.6951173289290457,0.0010252081201424618,True,172058,0.7138616622838473,True,860288,0.6710672894164585,True,1720575,0.6636257628849233
teachers-m-pg250-draw43,teachers,m-pg250,raw/teachers-m-pg250-draw43/measurements.json,routed/code/sampled_pg,routed/if/sampled_pg,1e-05,-0.0036930962206666875,0.8409236254419966,0.014360647905175201,638036,628538,512440,754134,0.6795078858664375,0.00020694553494454503,True,172058,0.7138616622838473,True,860288,0.6710672894164585,True,1720575,0.6636257628849233
teachers-m-pg250-draw43,teachers,m-pg250,raw/teachers-m-pg250-draw43/measurements.json,routed/code/sampled_pg,routed/science/sampled_pg,0.0,-0.03166097796811309,0.8493525466411188,0.013931579909332524,3292954,3218742,2699513,3812183,0.7081278626970426,0.0010199944634157075,True,172058,0.7177885935355048,True,860288,0.6782145093548645,True,1720575,0.6710857942046299
teachers-m-pg250-draw43,teachers,m-pg250,raw/teachers-m-pg250-draw43/measurements.json,routed/code/sampled_pg,routed/science/sampled_pg,1e-05,-0.03166097796811309,0.8493525466411188,0.013931579909332524,638036,621195,515584,743647,0.6933182007054423,0.00020570353630111716,True,172058,0.7177885935355048,True,860288,0.6782145093548645,True,1720575,0.6710857942046299
teachers-m-pg250-draw43,teachers,m-pg250,raw/teachers-m-pg250-draw43/measurements.json,routed/if/sampled_pg,routed/science/sampled_pg,0.0,0.019569312452791556,0.8582087605565505,0.013486384863273101,3249987,3218742,2716900,3751829,0.7241534728794943,0.001010653087439015,True,172058,0.7441610574973644,True,860288,0.7030583418952653,True,1720575,0.6988761049495321
teachers-m-pg250-draw43,teachers,m-pg250,raw/teachers-m-pg250-draw43/measurements.json,routed/if/sampled_pg,routed/science/sampled_pg,1e-05,0.019569312452791556,0.8582087605565505,0.013486384863273101,628538,621195,519796,729937,0.7121107712035423,0.00020337683395318696,True,172058,0.7441610574973644,True,860288,0.7030583418952653,True,1720575,0.6988761049495321
teachers-m-pg250-draw43,teachers,m-pg250,raw/teachers-m-pg250-draw43/measurements.json,zero_gradient,routed/math/sampled_pg,0.0,,0.8957615257524689,0.011532934218943997,3129143,3254875,2826511,3557507,0.7945201513306931,0.0009972862364930766,True,172058,0.7660831318932291,True,860288,0.756530421191366,True,1720575,0.7464273642733382
teachers-m-pg250-draw43,teachers,m-pg250,raw/teachers-m-pg250-draw43/measurements.json,zero_gradient,routed/math/sampled_pg,1e-05,,0.8957615257524689,0.011532934218943997,604788,630626,541707,693707,0.7808873198627087,0.00020129443182919634,True,172058,0.7660831318932291,True,860288,0.756530421191366,True,1720575,0.7464273642733382
teachers-m-pg250-draw43,teachers,m-pg250,raw/teachers-m-pg250-draw43/measurements.json,zero_gradient,routed/code/sampled_pg,0.0,,0.8888478907021059,0.011933554619549374,3129143,3292954,2799414,3622683,0.7727460558928286,0.0010033060614376141,True,172058,0.76367540860937,True,860288,0.7271061884987137,True,1720575,0.7178033243361835
teachers-m-pg250-draw43,teachers,m-pg250,raw/teachers-m-pg250-draw43/measurements.json,zero_gradient,routed/code/sampled_pg,1e-05,,0.8888478907021059,0.011933554619549374,604788,638036,537143,705681,0.7611697069922528,0.00020246043963910264,True,172058,0.76367540860937,True,860288,0.7271061884987137,True,1720575,0.7178033243361835
teachers-m-pg250-draw43,teachers,m-pg250,raw/teachers-m-pg250-draw43/measurements.json,zero_gradient,routed/if/sampled_pg,0.0,,0.8997069012622818,0.011309491986480538,3129143,3249987,2824649,3554481,0.7946726962389165,0.0009942492577893315,True,172058,0.7974384689315114,True,860288,0.7567115567217667,True,1720575,0.7523387686906715
teachers-m-pg250-draw43,teachers,m-pg250,raw/teachers-m-pg250-draw43/measurements.json,zero_gradient,routed/if/sampled_pg,1e-05,,0.8997069012622818,0.011309491986480538,604788,628538,542824,690502,0.7861295115727398,0.00020019654439104183,True,172058,0.7974384689315114,True,860288,0.7567115567217667,True,1720575,0.7523387686906715
teachers-m-pg250-draw43,teachers,m-pg250,raw/teachers-m-pg250-draw43/measurements.json,zero_gradient,routed/science/sampled_pg,0.0,,0.9104215824224263,0.01065009743070118,3129143,3218742,2846032,3501853,0.8127217218998056,0.0009893105234659234,True,172058,0.8280122818014726,True,860288,0.7844337460356311,True,1720575,0.7779586142757499
teachers-m-pg250-draw43,teachers,m-pg250,raw/teachers-m-pg250-draw43/measurements.json,zero_gradient,routed/science/sampled_pg,1e-05,,0.9104215824224263,0.01065009743070118,604788,621195,547063,678920,0.8057841866493843,0.00019901885428857583,True,172058,0.8280122818014726,True,860288,0.7844337460356311,True,1720575,0.7779586142757499
teachers-m-pg250-draw43,teachers,m-pg250,raw/teachers-m-pg250-draw43/measurements.json,routed/math/topk_intersection,routed/code/topk_intersection,0.0,0.008476835468976351,0.839974692564712,0.01441211703647694,3256787,3294533,2696351,3854969,0.6994481667686563,0.00102953889340233,True,172058,0.7046331568179679,True,860288,0.6743880068315516,True,1720575,0.6666844257769288
teachers-m-pg250-draw43,teachers,m-pg250,raw/teachers-m-pg250-draw43/measurements.json,routed/math/topk_intersection,routed/code/topk_intersection,1e-05,0.008476835468976351,0.839974692564712,0.01441211703647694,630921,638449,513812,755558,0.6800430939782254,0.00020833577788971906,True,172058,0.7046331568179679,True,860288,0.6743880068315516,True,1720575,0.6666844257769288
teachers-m-pg250-draw43,teachers,m-pg250,raw/teachers-m-pg250-draw43/measurements.json,routed/math/topk_intersection,routed/if/topk_intersection,0.0,0.01825362908464943,0.8428676358812931,0.014248931438400014,3256787,3257529,2684420,3829896,0.700911982988572,0.0010205627862313216,True,172058,0.7119006636353686,True,860288,0.686270512689838,True,1720575,0.6780384044847169
teachers-m-pg250-draw43,teachers,m-pg250,raw/teachers-m-pg250-draw43/measurements.json,routed/math/topk_intersection,routed/if/topk_intersection,1e-05,0.01825362908464943,0.8428676358812931,0.014248931438400014,630921,629503,512701,747723,0.6856830671251252,0.0002060181950572707,True,172058,0.7119006636353686,True,860288,0.686270512689838,True,1720575,0.6780384044847169
teachers-m-pg250-draw43,teachers,m-pg250,raw/teachers-m-pg250-draw43/measurements.json,routed/math/topk_intersection,routed/science/topk_intersection,0.0,-0.0027899714435971265,0.8452113606149132,0.014157800133566528,3256787,3264995,2705670,3816112,0.7090122092852621,0.001022982010003686,True,172058,0.7174199472969736,True,860288,0.6885542570689446,True,1720575,0.6832127270966359
teachers-m-pg250-draw43,teachers,m-pg250,raw/teachers-m-pg250-draw43/measurements.json,routed/math/topk_intersection,routed/science/topk_intersection,1e-05,-0.0027899714435971265,0.8452113606149132,0.014157800133566528,630921,632727,516335,747313,0.6909220099208765,0.00020689207449860458,True,172058,0.7174199472969736,True,860288,0.6885542570689446,True,1720575,0.6832127270966359
teachers-m-pg250-draw43,teachers,m-pg250,raw/teachers-m-pg250-draw43/measurements.json,routed/code/topk_intersection,routed/if/topk_intersection,0.0,-0.001653264478304088,0.83762049587051,0.014511407004925545,3294533,3257529,2665893,3886169,0.6859951278495608,0.001026753506115158,True,172058,0.7100036275635196,True,860288,0.663543088745451,True,1720575,0.6559283838583615
teachers-m-pg250-draw43,teachers,m-pg250,raw/teachers-m-pg250-draw43/measurements.json,routed/code/topk_intersection,routed/if/topk_intersection,1e-05,-0.001653264478304088,0.83762049587051,0.014511407004925545,638449,629503,509596,758356,0.6719746398788959,0.0002072232955676278,True,172058,0.7100036275635196,True,860288,0.663543088745451,True,1720575,0.6559283838583615
teachers-m-pg250-draw43,teachers,m-pg250,raw/teachers-m-pg250-draw43/measurements.json,routed/code/topk_intersection,routed/science/topk_intersection,0.0,-0.04098522314170766,0.8413940799868659,0.014357203957506158,3294533,3264995,2692409,3867119,0.6962312253644121,0.001029260835076049,True,172058,0.7176171104844143,True,860288,0.6742772122496602,True,1720575,0.6664172718727709
teachers-m-pg250-draw43,teachers,m-pg250,raw/teachers-m-pg250-draw43/measurements.json,routed/code/topk_intersection,routed/science/topk_intersection,1e-05,-0.04098522314170766,0.8413940799868659,0.014357203957506158,638449,632727,514308,756868,0.6795213960690636,0.00020811468891580357,True,172058,0.7176171104844143,True,860288,0.6742772122496602,True,1720575,0.6664172718727709
teachers-m-pg250-draw43,teachers,m-pg250,raw/teachers-m-pg250-draw43/measurements.json,routed/if/topk_intersection,routed/science/topk_intersection,0.0,-0.041230981906044184,0.8448859990534171,0.01416640582707145,3257529,3264995,2683784,3838740,0.6991314858521286,0.0010206682242868224,True,172058,0.7334945342803889,True,860288,0.6806734509280659,True,1720575,0.6757552500813249
teachers-m-pg250-draw43,teachers,m-pg250,raw/teachers-m-pg250-draw43/measurements.json,routed/if/topk_intersection,routed/science/topk_intersection,1e-05,-0.041230981906044184,0.8448859990534171,0.01416640582707145,629503,632727,513714,748516,0.6863099786778105,0.0002058707448630822,True,172058,0.7334945342803889,True,860288,0.6806734509280659,True,1720575,0.6757552500813249
teachers-m-pg250-draw43,teachers,m-pg250,raw/teachers-m-pg250-draw43/measurements.json,zero_gradient,routed/math/topk_intersection,0.0,,0.8951803423086572,0.011567433262147136,3129143,3256787,2825039,3560891,0.7933517201172403,0.0009976371150281504,True,172058,0.7642179305111944,True,860288,0.7548857717229555,True,1720575,0.7448104166877935
teachers-m-pg250-draw43,teachers,m-pg250,raw/teachers-m-pg250-draw43/measurements.json,zero_gradient,routed/math/topk_intersection,1e-05,,0.8951803423086572,0.011567433262147136,604788,630921,541320,694389,0.7795630403131386,0.00020136538843706152,True,172058,0.7642179305111944,True,860288,0.7548857717229555,True,1720575,0.7448104166877935
teachers-m-pg250-draw43,teachers,m-pg250,raw/teachers-m-pg250-draw43/measurements.json,zero_gradient,routed/code/topk_intersection,0.0,,0.8882419284892136,0.011968344558301121,3129143,3294533,2797484,3626192,0.7714660448205721,0.0010035576438024408,True,172058,0.763069986678963,True,860288,0.7251856961801935,True,1720575,0.716117385092223
teachers-m-pg250-draw43,teachers,m-pg250,raw/teachers-m-pg250-draw43/measurements.json,zero_gradient,routed/code/topk_intersection,1e-05,,0.8882419284892136,0.011968344558301121,604788,638449,536787,706450,0.7598372142402151,0.00020252046978804173,True,172058,0.763069986678963,True,860288,0.7251856961801935,True,1720575,0.716117385092223
teachers-m-pg250-draw43,teachers,m-pg250,raw/teachers-m-pg250-draw43/measurements.json,zero_gradient,routed/if/topk_intersection,0.0,,0.8931968375271496,0.011670384792851467,3129143,3257529,2796014,3590658,0.7786912593736302,0.0009954422131923468,True,172058,0.7873834566939358,True,860288,0.7422389997225501,True,1720575,0.7360720471286943
teachers-m-pg250-draw43,teachers,m-pg250,raw/teachers-m-pg250-draw43/measurements.json,zero_gradient,routed/if/topk_intersection,1e-05,,0.8931968375271496,0.011670384792851467,604788,629503,537578,696713,0.7715917458121206,0.00020039152564325802,True,172058,0.7873834566939358,True,860288,0.7422389997225501,True,1720575,0.7360720471286943
teachers-m-pg250-draw43,teachers,m-pg250,raw/teachers-m-pg250-draw43/measurements.json,zero_gradient,routed/science/topk_intersection,0.0,,0.8968417695896411,0.01148398355613941,3129143,3264995,2821216,3572922,0.7896102965583911,0.0009976927258744195,True,172058,0.7931861054079686,True,860288,0.7463752008420395,True,1720575,0.7414101011552723
teachers-m-pg250-draw43,teachers,m-pg250,raw/teachers-m-pg250-draw43/measurements.json,zero_gradient,routed/science/topk_intersection,1e-05,,0.8968417695896411,0.01148398355613941,604788,632727,542073,695442,0.7794654334940944,0.00020121220354109152,True,172058,0.7931861054079686,True,860288,0.7463752008420395,True,1720575,0.7414101011552723
teachers-m-pg250-draw43,teachers,m-pg250,raw/teachers-m-pg250-draw43/measurements.json,common/math/sampled_pg,common/code/sampled_pg,0.0,0.9987321498248876,0.9947267040500825,0.002621747881190186,3297355,3297426,3277266,3317515,0.9878677262951335,0.0010358423005603268,True,172058,0.989132822344767,True,860288,0.9875197819080733,True,1720575,0.987339564409865
teachers-m-pg250-draw43,teachers,m-pg250,raw/teachers-m-pg250-draw43/measurements.json,common/math/sampled_pg,common/code/sampled_pg,1e-05,0.9987321498248876,0.9947267040500825,0.002621747881190186,638965,638936,634958,642943,0.9875805475757571,0.00020949414341742402,True,172058,0.989132822344767,True,860288,0.9875197819080733,True,1720575,0.987339564409865
teachers-m-pg250-draw43,teachers,m-pg250,raw/teachers-m-pg250-draw43/measurements.json,common/math/sampled_pg,common/if/sampled_pg,0.0,0.9891800798409836,0.9852875109963055,0.00437894567664153,3297355,3296268,3239129,3354494,0.9656088220756991,0.0010354738546733805,True,172058,0.9706111416529228,True,860288,0.9643767646357015,True,1720575,0.9641065331520566
teachers-m-pg250-draw43,teachers,m-pg250,raw/teachers-m-pg250-draw43/measurements.json,common/math/sampled_pg,common/if/sampled_pg,1e-05,0.9891800798409836,0.9852875109963055,0.00437894567664153,638965,638708,627519,650154,0.9651851715132107,0.00020940755724686223,True,172058,0.9706111416529228,True,860288,0.9643767646357015,True,1720575,0.9641065331520566
teachers-m-pg250-draw43,teachers,m-pg250,raw/teachers-m-pg250-draw43/measurements.json,common/math/sampled_pg,common/science/sampled_pg,0.0,0.998051857772075,0.9929904121684933,0.003022745677803837,3297355,3298053,3270497,3324911,0.9836344491626994,0.0010360830052252392,True,172058,0.9856321010022908,True,860288,0.9834003467483123,True,1720575,0.9829751628924935
teachers-m-pg250-draw43,teachers,m-pg250,raw/teachers-m-pg250-draw43/measurements.json,common/math/sampled_pg,common/science/sampled_pg,1e-05,0.998051857772075,0.9929904121684933,0.003022745677803837,638965,638955,633656,644264,0.9835347000608446,0.00020954118913193225,True,172058,0.9856321010022908,True,860288,0.9834003467483123,True,1720575,0.9829751628924935
teachers-m-pg250-draw43,teachers,m-pg250,raw/teachers-m-pg250-draw43/measurements.json,common/code/sampled_pg,common/if/sampled_pg,0.0,0.9914033121921972,0.9883142882779785,0.003902582420903224,3297426,3296268,3250347,3343347,0.9721835633573183,0.0010353933920132711,True,172058,0.9774167782419565,True,860288,0.9713764882060636,True,1720575,0.9712093394932133
teachers-m-pg250-draw43,teachers,m-pg250,raw/teachers-m-pg250-draw43/measurements.json,common/code/sampled_pg,common/if/sampled_pg,1e-05,0.9914033121921972,0.9883142882779785,0.003902582420903224,638936,638708,629781,647863,0.9720897782401526,0.0002093713733750158,True,172058,0.9774167782419565,True,860288,0.9713764882060636,True,1720575,0.9712093394932133
teachers-m-pg250-draw43,teachers,m-pg250,raw/teachers-m-pg250-draw43/measurements.json,common/code/sampled_pg,common/science/sampled_pg,0.0,0.9963777071436418,0.9911241876496424,0.0034013978934402025,3297426,3298053,3263013,3332466,0.9791586770877783,0.0010360001213061438,True,172058,0.9822121864955473,True,860288,0.9789223314482357,True,1720575,0.9783830398850162
teachers-m-pg250-draw43,teachers,m-pg250,raw/teachers-m-pg250-draw43/measurements.json,common/code/sampled_pg,common/science/sampled_pg,1e-05,0.9963777071436418,0.9911241876496424,0.0034013978934402025,638936,638955,632222,645669,0.9791735393831824,0.00020950442048541768,True,172058,0.9822121864955473,True,860288,0.9789223314482357,True,1720575,0.9783830398850162
teachers-m-pg250-draw43,teachers,m-pg250,raw/teachers-m-pg250-draw43/measurements.json,common/if/sampled_pg,common/science/sampled_pg,0.0,0.9848803344723359,0.9823191383116353,0.004800447525385697,3296268,3298053,3227289,3367032,0.9584966819442168,0.001035630846843947,True,172058,0.9651755783606595,True,860288,0.9573976236956947,True,1720575,0.9567575989509826
teachers-m-pg250-draw43,teachers,m-pg250,raw/teachers-m-pg250-draw43/measurements.json,common/if/sampled_pg,common/science/sampled_pg,1e-05,0.9848803344723359,0.9823191383116353,0.004800447525385697,638708,638955,625228,652435,0.9582992941825622,0.00020941774694010982,True,172058,0.9651755783606595,True,860288,0.9573976236956947,True,1720575,0.9567575989509826
teachers-m-pg250-draw43,teachers,m-pg250,raw/teachers-m-pg250-draw43/measurements.json,zero_gradient,common/math/sampled_pg,0.0,,0.8790026513493157,0.012454985980270086,3129143,3297355,2765763,3660735,0.7555212272945188,0.0010036603380813274,True,172058,0.7511284355583148,True,860288,0.7083527361726845,True,1720575,0.7010865024842887
teachers-m-pg250-draw43,teachers,m-pg250,raw/teachers-m-pg250-draw43/measurements.json,zero_gradient,common/math/sampled_pg,1e-05,,0.8790026513493157,0.012454985980270086,604788,638965,530631,713122,0.7440956806829687,0.00020251129347516653,True,172058,0.7511284355583148,True,860288,0.7083527361726845,True,1720575,0.7010865024842887
teachers-m-pg250-draw43,teachers,m-pg250,raw/teachers-m-pg250-draw43/measurements.json,zero_gradient,common/code/sampled_pg,0.0,,0.8790448614024459,0.01245275073135177,3129143,3297426,2765384,3661185,0.7553248470099162,0.001003593137771652,True,172058,0.751957559897769,True,860288,0.7083425589354632,True,1720575,0.7010865024842887
teachers-m-pg250-draw43,teachers,m-pg250,raw/teachers-m-pg250-draw43/measurements.json,zero_gradient,common/code/sampled_pg,1e-05,,0.8790448614024459,0.01245275073135177,604788,638936,530628,713096,0.7441186039467337,0.0002024793208798119,True,172058,0.751957559897769,True,860288,0.7083425589354632,True,1720575,0.7010865024842887
teachers-m-pg250-draw43,teachers,m-pg250,raw/teachers-m-pg250-draw43/measurements.json,zero_gradient,common/if/sampled_pg,0.0,,0.879054944189986,0.01245146041218655,3129143,3296268,2764958,3660453,0.7553595142459144,0.0010032684558276912,True,172058,0.7532250504391775,True,860288,0.708471479567266,True,1720575,0.7014557418290668
teachers-m-pg250-draw43,teachers,m-pg250,raw/teachers-m-pg250-draw43/measurements.json,zero_gradient,common/if/sampled_pg,1e-05,,0.879054944189986,0.01245146041218655,604788,638708,530554,712942,0.744175543031551,0.0002024017079733407,True,172058,0.7532250504391775,True,860288,0.708471479567266,True,1720575,0.7014557418290668
teachers-m-pg250-draw43,teachers,m-pg250,raw/teachers-m-pg250-draw43/measurements.json,zero_gradient,common/science/sampled_pg,0.0,,0.8794192572424684,0.012433669785616594,3129143,3298053,2766714,3660482,0.7558332481897193,0.0010038018579947563,True,172058,0.7516186830638921,True,860288,0.7088990925009411,True,1720575,0.7013144194573236
teachers-m-pg250-draw43,teachers,m-pg250,raw/teachers-m-pg250-draw43/measurements.json,zero_gradient,common/science/sampled_pg,1e-05,,0.8794192572424684,0.012433669785616594,604788,638955,530873,712870,0.7446981918161797,0.00020252037013131596,True,172058,0.7516186830638921,True,860288,0.7088990925009411,True,1720575,0.7013144194573236
teachers-m-pg250-draw43,teachers,m-pg250,raw/teachers-m-pg250-draw43/measurements.json,common/math/topk_intersection,common/code/topk_intersection,0.0,0.998676215343976,0.9945110180342909,0.002675415971450184,3299545,3300000,3277656,3321889,0.9866843834938495,0.001037172899407671,True,172058,0.9893973117502529,True,860288,0.9863449865043027,True,1720575,0.9861523712448148
teachers-m-pg250-draw43,teachers,m-pg250,raw/teachers-m-pg250-draw43/measurements.json,common/math/topk_intersection,common/code/topk_intersection,1e-05,0.998676215343976,0.9945110180342909,0.002675415971450184,639321,639464,635132,643653,0.9867615003736485,0.00020981129020071593,True,172058,0.9893973117502529,True,860288,0.9863449865043027,True,1720575,0.9861523712448148
teachers-m-pg250-draw43,teachers,m-pg250,raw/teachers-m-pg250-draw43/measurements.json,common/math/topk_intersection,common/if/topk_intersection,0.0,0.9936174818630066,0.987343651436169,0.00406226619377026,3299545,3297946,3249337,3348154,0.9704861245928353,0.0010368046061580622,True,172058,0.9750334322430309,True,860288,0.9697876203658228,True,1720575,0.9690358153203878
teachers-m-pg250-draw43,teachers,m-pg250,raw/teachers-m-pg250-draw43/measurements.json,common/math/topk_intersection,common/if/topk_intersection,1e-05,0.9936174818630066,0.987343651436169,0.00406226619377026,639321,639281,629645,648957,0.9702414797898782,0.00020976593679950746,True,172058,0.9750334322430309,True,860288,0.9697876203658228,True,1720575,0.9690358153203878
teachers-m-pg250-draw43,teachers,m-pg250,raw/teachers-m-pg250-draw43/measurements.json,common/math/topk_intersection,common/science/topk_intersection,0.0,0.9944854180543566,0.987851647137872,0.0039796478637729536,3299545,3299316,3252784,3346077,0.9721186930246973,0.0010370746680188146,True,172058,0.9766898160115345,True,860288,0.9710896705945429,True,1720575,0.9710196560689123
teachers-m-pg250-draw43,teachers,m-pg250,raw/teachers-m-pg250-draw43/measurements.json,common/math/topk_intersection,common/science/topk_intersection,1e-05,0.9944854180543566,0.987851647137872,0.0039796478637729536,639321,639281,630045,648557,0.9714566337268736,0.00020978119372083874,True,172058,0.9766898160115345,True,860288,0.9710896705945429,True,1720575,0.9710196560689123
teachers-m-pg250-draw43,teachers,m-pg250,raw/teachers-m-pg250-draw43/measurements.json,common/code/topk_intersection,common/if/topk_intersection,0.0,0.9940298394013642,0.9877228804380986,0.004001179825930591,3300000,3297946,3251127,3346819,0.9714080743535877,0.001036881747401295,True,172058,0.9751127845442127,True,860288,0.9705952755905511,True,1720575,0.9697526496912414
teachers-m-pg250-draw43,teachers,m-pg250,raw/teachers-m-pg250-draw43/measurements.json,common/code/topk_intersection,common/if/topk_intersection,1e-05,0.9940298394013642,0.9877228804380986,0.004001179825930591,639464,639281,630026,648719,0.971184750253962,0.000209800355778652,True,172058,0.9751127845442127,True,860288,0.9705952755905511,True,1720575,0.9697526496912414
teachers-m-pg250-draw43,teachers,m-pg250,raw/teachers-m-pg250-draw43/measurements.json,common/code/topk_intersection,common/science/topk_intersection,0.0,0.9945176307118999,0.9879489613388928,0.003963913153872981,3300000,3299316,3252656,3346660,0.9719110994245008,0.001037151547496177,True,172058,0.97704187158156,True,860288,0.9709090409239094,True,1720575,0.9708661295560332
teachers-m-pg250-draw43,teachers,m-pg250,raw/teachers-m-pg250-draw43/measurements.json,common/code/topk_intersection,common/science/topk_intersection,1e-05,0.9945176307118999,0.9879489613388928,0.003963913153872981,639464,639281,630143,648602,0.9715403282752751,0.00020981565802268302,True,172058,0.97704187158156,True,860288,0.9709090409239094,True,1720575,0.9708661295560332
teachers-m-pg250-draw43,teachers,m-pg250,raw/teachers-m-pg250-draw43/measurements.json,common/if/topk_intersection,common/science/topk_intersection,0.0,0.983155545166982,0.979294023755769,0.0051955099500071355,3297946,3299316,3218096,3379166,0.9523343925690541,0.001036783216196691,True,172058,0.9604174737369824,True,860288,0.951180125491459,True,1720575,0.9503374259728733
teachers-m-pg250-draw43,teachers,m-pg250,raw/teachers-m-pg250-draw43/measurements.json,common/if/topk_intersection,common/science/topk_intersection,1e-05,0.983155545166982,0.979294023755769,0.0051955099500071355,639281,639281,623478,655084,0.9517527523187866,0.0002097701672865734,True,172058,0.9604174737369824,True,860288,0.951180125491459,True,1720575,0.9503374259728733
teachers-m-pg250-draw43,teachers,m-pg250,raw/teachers-m-pg250-draw43/measurements.json,zero_gradient,common/math/topk_intersection,0.0,,0.8823843619421764,0.012281040629258963,3129143,3299545,2774725,3653963,0.7593741370670694,0.0010041634950825834,True,172058,0.7565004338726966,True,860288,0.7127640830173578,True,1720575,0.7043825139264418
teachers-m-pg250-draw43,teachers,m-pg250,raw/teachers-m-pg250-draw43/measurements.json,zero_gradient,common/math/topk_intersection,1e-05,,0.8823843619421764,0.012281040629258963,604788,639321,532712,711397,0.7488251988692671,0.00020261557848658246,True,172058,0.7565004338726966,True,860288,0.7127640830173578,True,1720575,0.7043825139264418
teachers-m-pg250-draw43,teachers,m-pg250,raw/teachers-m-pg250-draw43/measurements.json,zero_gradient,common/code/topk_intersection,0.0,,0.8825480765565235,0.012273333317484586,3129143,3300000,2775512,3653631,0.7596585424198558,0.001004236278040066,True,172058,0.7567425452948954,True,860288,0.7130113419141073,True,1720575,0.7045699405432689
teachers-m-pg250-draw43,teachers,m-pg250,raw/teachers-m-pg250-draw43/measurements.json,zero_gradient,common/code/topk_intersection,1e-05,,0.8825480765565235,0.012273333317484586,604788,639464,532894,711358,0.7491221016703263,0.00020264785710650816,True,172058,0.7567425452948954,True,860288,0.7130113419141073,True,1720575,0.7045699405432689
teachers-m-pg250-draw43,teachers,m-pg250,raw/teachers-m-pg250-draw43/measurements.json,zero_gradient,common/if/topk_intersection,0.0,,0.8825783167884984,0.012270745384189409,3129143,3297946,2775128,3651961,0.7599007765964642,0.0010038936246202165,True,172058,0.7572897835789646,True,860288,0.7134634133710965,True,1720575,0.7050893782665829
teachers-m-pg250-draw43,teachers,m-pg250,raw/teachers-m-pg250-draw43/measurements.json,zero_gradient,common/if/topk_intersection,1e-05,,0.8825783167884984,0.012270745384189409,604788,639281,532947,711122,0.7494452428697186,0.00020260743731976427,True,172058,0.7572897835789646,True,860288,0.7134634133710965,True,1720575,0.7050893782665829
teachers-m-pg250-draw43,teachers,m-pg250,raw/teachers-m-pg250-draw43/measurements.json,zero_gradient,common/science/topk_intersection,0.0,,0.8833677154823142,0.012228562638453995,3129143,3299316,2778415,3650044,0.7612004129265291,0.0010041393560492932,True,172058,0.7578373629068098,True,860288,0.7146980152038811,True,1720575,0.706137663094891
teachers-m-pg250-draw43,teachers,m-pg250,raw/teachers-m-pg250-draw43/measurements.json,zero_gradient,common/science/topk_intersection,1e-05,,0.8833677154823142,0.012228562638453995,604788,639281,533375,710694,0.7504988082071891,0.00020261980492306464,True,172058,0.7578373629068098,True,860288,0.7146980152038811,True,1720575,0.706137663094891
teachers-m-pg250-draw43,teachers,m-pg250,raw/teachers-m-pg250-draw43/measurements.json,routed/math/sampled_pg,routed/math/topk_intersection,0.0,0.9972579097205524,0.9922647041798859,0.0031623008496316253,3254875,3256787,3227407,3284255,0.9826907472166443,0.0010230267406151434,True,172058,0.9830346337809024,True,860288,0.9817578066060283,True,1720575,0.9811610790495447
teachers-m-pg250-draw43,teachers,m-pg250,raw/teachers-m-pg250-draw43/measurements.json,routed/math/sampled_pg,routed/math/topk_intersection,1e-05,0.9972579097205524,0.9922647041798859,0.0031623008496316253,630626,630921,625093,636454,0.9821495347660633,0.00020706124142312604,True,172058,0.9830346337809024,True,860288,0.9817578066060283,True,1720575,0.9811610790495447
teachers-m-pg250-draw43,teachers,m-pg250,raw/teachers-m-pg250-draw43/measurements.json,routed/code/sampled_pg,routed/code/topk_intersection,0.0,0.9972669437254895,0.9923733208867594,0.003151387156449547,3292954,3294533,3265067,3322420,0.9827375828462386,0.001035620195649711,True,172058,0.985402975946643,True,860288,0.9815204460153102,True,1720575,0.9813059467103176
teachers-m-pg250-draw43,teachers,m-pg250,raw/teachers-m-pg250-draw43/measurements.json,routed/code/sampled_pg,routed/code/topk_intersection,1e-05,0.9972669437254895,0.9923733208867594,0.003151387156449547,638036,638449,632518,643967,0.982221138660832,0.00020952370572913337,True,172058,0.985402975946643,True,860288,0.9815204460153102,True,1720575,0.9813059467103176
teachers-m-pg250-draw43,teachers,m-pg250,raw/teachers-m-pg250-draw43/measurements.json,routed/if/sampled_pg,routed/if/topk_intersection,0.0,0.3855283377055033,0.8917423819092491,0.011821885853669384,3249987,3257529,2849204,3658312,0.7788302364587821,0.0010170930172806907,True,172058,0.8055396691309572,True,860288,0.7676684553181303,True,1720575,0.7636341272159781
teachers-m-pg250-draw43,teachers,m-pg250,raw/teachers-m-pg250-draw43/measurements.json,routed/if/sampled_pg,routed/if/topk_intersection,1e-05,0.3855283377055033,0.8917423819092491,0.011821885853669384,628538,629503,547697,710344,0.7710306555696959,0.00020481571534519027,True,172058,0.8055396691309572,True,860288,0.7676684553181303,True,1720575,0.7636341272159781
teachers-m-pg250-draw43,teachers,m-pg250,raw/teachers-m-pg250-draw43/measurements.json,routed/science/sampled_pg,routed/science/topk_intersection,0.0,0.6484243622637443,0.9186803896929275,0.010226114624106206,3218742,3264995,2943751,3539986,0.8315713677963699,0.0010143353759436012,True,172058,0.8371567837103396,True,860288,0.8105551597753559,True,1720575,0.8084645696189093
teachers-m-pg250-draw43,teachers,m-pg250,raw/teachers-m-pg250-draw43/measurements.json,routed/science/sampled_pg,routed/science/topk_intersection,1e-05,0.6484243622637443,0.9186803896929275,0.010226114624106206,621195,632727,566543,687379,0.8242076059932003,0.00020445152227603663,True,172058,0.8371567837103396,True,860288,0.8105551597753559,True,1720575,0.8084645696189093
teachers-m-pg250-draw43,teachers,m-pg250,raw/teachers-m-pg250-draw43/measurements.json,common/math/sampled_pg,common/math/topk_intersection,0.0,0.8205399607686802,0.931191981127158,0.009471206637846232,3297355,3299545,3037163,3559737,0.8531987054099783,0.0010365014430886925,True,172058,0.8696875848954089,True,860288,0.8469399365809988,True,1720575,0.8449861028900841
teachers-m-pg250-draw43,teachers,m-pg250,raw/teachers-m-pg250-draw43/measurements.json,common/math/sampled_pg,common/math/topk_intersection,1e-05,0.8205399607686802,0.931191981127158,0.009471206637846232,638965,639321,586861,691425,0.8487702932349858,0.00020965132006330736,True,172058,0.8696875848954089,True,860288,0.8469399365809988,True,1720575,0.8449861028900841
teachers-m-pg250-draw43,teachers,m-pg250,raw/teachers-m-pg250-draw43/measurements.json,common/code/sampled_pg,common/code/topk_intersection,0.0,0.8111666132609467,0.9301816195224509,0.009541007890753626,3297426,3300000,3033073,3564353,0.85094630077324,0.0010364944063735902,True,172058,0.867891242868852,True,860288,0.8444590951240037,True,1720575,0.8424355282756819
teachers-m-pg250-draw43,teachers,m-pg250,raw/teachers-m-pg250-draw43/measurements.json,common/code/sampled_pg,common/code/topk_intersection,1e-05,0.8111666132609467,0.9301816195224509,0.009541007890753626,638936,639464,586085,692315,0.8465582863291998,0.00020964853615951725,True,172058,0.867891242868852,True,860288,0.8444590951240037,True,1720575,0.8424355282756819
teachers-m-pg250-draw43,teachers,m-pg250,raw/teachers-m-pg250-draw43/measurements.json,common/if/sampled_pg,common/if/topk_intersection,0.0,0.8038615004524083,0.9301953532651677,0.009538872766638288,3296268,3297946,3033359,3560855,0.8518625442485022,0.001035754869154227,True,172058,0.8675567133398459,True,860288,0.845111822456716,True,1720575,0.8434896740149466
teachers-m-pg250-draw43,teachers,m-pg250,raw/teachers-m-pg250-draw43/measurements.json,common/if/sampled_pg,common/if/topk_intersection,1e-05,0.8038615004524083,0.9301953532651677,0.009538872766638288,638708,639281,586141,691848,0.8472106589886796,0.0002095166107111481,True,172058,0.8675567133398459,True,860288,0.845111822456716,True,1720575,0.8434896740149466
teachers-m-pg250-draw43,teachers,m-pg250,raw/teachers-m-pg250-draw43/measurements.json,common/science/sampled_pg,common/science/topk_intersection,0.0,0.8306094825995987,0.9334885248066007,0.009311156715590978,3298053,3299316,3046464,3550905,0.8579401589172337,0.0010366395288257918,True,172058,0.8733926374356238,True,860288,0.8520692097541233,True,1720575,0.8500050535569514
teachers-m-pg250-draw43,teachers,m-pg250,raw/teachers-m-pg250-draw43/measurements.json,common/science/sampled_pg,common/science/topk_intersection,1e-05,0.8306094825995987,0.9334885248066007,0.009311156715590978,638955,639281,588609,689627,0.853517916206877,0.00020966620271589359,True,172058,0.8733926374356238,True,860288,0.8520692097541233,True,1720575,0.8500050535569514
teachers-m-pg500-draw43,teachers,m-pg500,raw/teachers-m-pg500-draw43/measurements.json,routed/math/sampled_pg,routed/code/sampled_pg,0.0,0.04007787958681428,0.8352445766600635,0.019345732676997313,2905368,2872188,2415795,3361761,0.7186099785201863,0.0009288602949931838,True,172058,0.7058415291878173,True,860288,0.6922244712093584,True,1720575,0.6932318455422608
teachers-m-pg500-draw43,teachers,m-pg500,raw/teachers-m-pg500-draw43/measurements.json,routed/math/sampled_pg,routed/code/sampled_pg,1e-05,0.04007787958681428,0.8352445766600635,0.019345732676997313,653744,643831,533498,764077,0.6982254406296747,0.00021520053445470694,True,172058,0.7058415291878173,True,860288,0.6922244712093584,True,1720575,0.6932318455422608
teachers-m-pg500-draw43,teachers,m-pg500,raw/teachers-m-pg500-draw43/measurements.json,routed/math/sampled_pg,routed/if/sampled_pg,0.0,0.005755920344325712,0.8304019625594108,0.019667519784279133,2905368,2900970,2402729,3403609,0.7059356700490568,0.0009337111655303292,True,172058,0.7019942230839236,True,860288,0.6863614132858435,True,1720575,0.6859258518919173
teachers-m-pg500-draw43,teachers,m-pg500,raw/teachers-m-pg500-draw43/measurements.json,routed/math/sampled_pg,routed/if/sampled_pg,1e-05,0.005755920344325712,0.8304019625594108,0.019667519784279133,653744,650525,530616,773653,0.6858578716814903,0.00021625402048868714,True,172058,0.7019942230839236,True,860288,0.6863614132858435,True,1720575,0.6859258518919173
teachers-m-pg500-draw43,teachers,m-pg500,raw/teachers-m-pg500-draw43/measurements.json,routed/math/sampled_pg,routed/science/sampled_pg,0.0,0.017113682419240907,0.8511665560021744,0.018371414414208774,2905368,2846994,2443353,3309009,0.738394183878013,0.0009242603120397284,True,172058,0.7265019015222213,True,860288,0.707955913753277,True,1720575,0.7084068720537968
teachers-m-pg500-draw43,teachers,m-pg500,raw/teachers-m-pg500-draw43/measurements.json,routed/math/sampled_pg,routed/science/sampled_pg,1e-05,0.017113682419240907,0.8511665560021744,0.018371414414208774,653744,638298,540951,751091,0.7202203195085549,0.0002141289453535819,True,172058,0.7265019015222213,True,860288,0.707955913753277,True,1720575,0.7084068720537968
teachers-m-pg500-draw43,teachers,m-pg500,raw/teachers-m-pg500-draw43/measurements.json,routed/code/sampled_pg,routed/if/sampled_pg,0.0,0.006839594787178683,0.8386095771147499,0.01910701309687258,2872188,2900970,2414572,3358586,0.7189251667219478,0.0009265108652167426,True,172058,0.7195053091817614,True,860288,0.6959976027410764,True,1720575,0.694323157005359
teachers-m-pg500-draw43,teachers,m-pg500,raw/teachers-m-pg500-draw43/measurements.json,routed/code/sampled_pg,routed/if/sampled_pg,1e-05,0.006839594787178683,0.8386095771147499,0.01910701309687258,643831,650525,533583,760773,0.7013695280983947,0.00021400191602355105,True,172058,0.7195053091817614,True,860288,0.6959976027410764,True,1720575,0.694323157005359
teachers-m-pg500-draw43,teachers,m-pg500,raw/teachers-m-pg500-draw43/measurements.json,routed/code/sampled_pg,routed/science/sampled_pg,0.0,0.008080276957241542,0.8618434272500742,0.0176246350864363,2872188,2846994,2462290,3256892,0.756024455216814,0.0009171471387452711,True,172058,0.7578283834452039,True,860288,0.734199874211808,True,1720575,0.7349070672828234
teachers-m-pg500-draw43,teachers,m-pg500,raw/teachers-m-pg500-draw43/measurements.json,routed/code/sampled_pg,routed/science/sampled_pg,1e-05,0.008080276957241542,0.8618434272500742,0.0176246350864363,643831,638298,545473,736656,0.7404718077365826,0.00021190136675852951,True,172058,0.7578283834452039,True,860288,0.734199874211808,True,1720575,0.7349070672828234
teachers-m-pg500-draw43,teachers,m-pg500,raw/teachers-m-pg500-draw43/measurements.json,routed/if/sampled_pg,routed/science/sampled_pg,0.0,0.04741088238880098,0.8582078282176766,0.01789343246003378,2900970,2846994,2451232,3296732,0.7435338996315138,0.0009220634848629369,True,172058,0.7451428861221695,True,860288,0.7167956160534503,True,1720575,0.7142109916933385
teachers-m-pg500-draw43,teachers,m-pg500,raw/teachers-m-pg500-draw43/measurements.json,routed/if/sampled_pg,routed/science/sampled_pg,1e-05,0.04741088238880098,0.8582078282176766,0.01789343246003378,650525,638298,543163,745660,0.7284325295711183,0.00021298907392710306,True,172058,0.7451428861221695,True,860288,0.7167956160534503,True,1720575,0.7142109916933385
teachers-m-pg500-draw43,teachers,m-pg500,raw/teachers-m-pg500-draw43/measurements.json,zero_gradient,routed/math/sampled_pg,0.0,,0.8825622663109274,0.016257373429518884,2793621,2905368,2513040,3185949,0.7887885210968537,0.0009148391773137924,True,172058,0.7596351010682089,True,860288,0.746118217282407,True,1720575,0.7464796595502795
teachers-m-pg500-draw43,teachers,m-pg500,raw/teachers-m-pg500-draw43/measurements.json,zero_gradient,routed/math/sampled_pg,1e-05,,0.8825622663109274,0.016257373429518884,624869,653744,557341,721272,0.7727195842899766,0.00021173951067865958,True,172058,0.7596351010682089,True,860288,0.746118217282407,True,1720575,0.7464796595502795
teachers-m-pg500-draw43,teachers,m-pg500,raw/teachers-m-pg500-draw43/measurements.json,zero_gradient,routed/code/sampled_pg,0.0,,0.895711638873301,0.015249914334390283,2793621,2872188,2538681,3127128,0.8118250995801899,0.0009078190756044285,True,172058,0.7965188518684807,True,860288,0.7779927188704846,True,1720575,0.7784033414540618
teachers-m-pg500-draw43,teachers,m-pg500,raw/teachers-m-pg500-draw43/measurements.json,zero_gradient,routed/code/sampled_pg,1e-05,,0.895711638873301,0.015249914334390283,624869,643831,563668,705032,0.799492788979791,0.00020954456442628003,True,172058,0.7965188518684807,True,860288,0.7779927188704846,True,1720575,0.7784033414540618
teachers-m-pg500-draw43,teachers,m-pg500,raw/teachers-m-pg500-draw43/measurements.json,zero_gradient,routed/if/sampled_pg,0.0,,0.8926341411832642,0.015509380757153043,2793621,2900970,2526565,3168026,0.7975202855027074,0.0009125937449539776,True,172058,0.7843342632250303,True,860288,0.7590337549852424,True,1720575,0.7555597956068534
teachers-m-pg500-draw43,teachers,m-pg500,raw/teachers-m-pg500-draw43/measurements.json,zero_gradient,routed/if/sampled_pg,1e-05,,0.8926341411832642,0.015509380757153043,624869,650525,561245,714149,0.7858934200005881,0.00021058783911539713,True,172058,0.7843342632250303,True,860288,0.7590337549852424,True,1720575,0.7555597956068534
teachers-m-pg500-draw43,teachers,m-pg500,raw/teachers-m-pg500-draw43/measurements.json,zero_gradient,routed/science/sampled_pg,0.0,,0.9213980324155134,0.013226726423301121,2793621,2846994,2591341,3049274,0.8498222855669907,0.0009034660348527846,True,172058,0.8404779350808415,True,860288,0.8243408594010107,True,1720575,0.8250664415089316
teachers-m-pg500-draw43,teachers,m-pg500,raw/teachers-m-pg500-draw43/measurements.json,zero_gradient,routed/science/sampled_pg,1e-05,,0.9213980324155134,0.013226726423301121,624869,638298,577063,686104,0.8410721989669204,0.0002085448108648003,True,172058,0.8404779350808415,True,860288,0.8243408594010107,True,1720575,0.8250664415089316
teachers-m-pg500-draw43,teachers,m-pg500,raw/teachers-m-pg500-draw43/measurements.json,routed/math/topk_intersection,routed/code/topk_intersection,0.0,-0.018348821104111408,0.837639457134168,0.019271169374711194,2909008,2888526,2426240,3371294,0.719676183684959,0.0009326161057510306,True,172058,0.7172913869939067,True,860288,0.6972155255069227,True,1720575,0.6976507727896352
teachers-m-pg500-draw43,teachers,m-pg500,raw/teachers-m-pg500-draw43/measurements.json,routed/math/topk_intersection,routed/code/topk_intersection,1e-05,-0.018348821104111408,0.837639457134168,0.019271169374711194,654286,649415,536651,767050,0.6996297503422202,0.00021639739354621315,True,172058,0.7172913869939067,True,860288,0.6972155255069227,True,1720575,0.6976507727896352
teachers-m-pg500-draw43,teachers,m-pg500,raw/teachers-m-pg500-draw43/measurements.json,routed/math/topk_intersection,routed/if/topk_intersection,0.0,0.002946357290261701,0.8293631278622687,0.019731609075304832,2909008,2909171,2402306,3415873,0.7032773173944113,0.0009358554125070323,True,172058,0.7016828123686462,True,860288,0.6842929610334181,True,1720575,0.6830184434347535
teachers-m-pg500-draw43,teachers,m-pg500,raw/teachers-m-pg500-draw43/measurements.json,routed/math/topk_intersection,routed/if/topk_intersection,1e-05,0.002946357290261701,0.8293631278622687,0.019731609075304832,654286,652316,530158,776444,0.6828026232413413,0.00021667341390051723,True,172058,0.7016828123686462,True,860288,0.6842929610334181,True,1720575,0.6830184434347535
teachers-m-pg500-draw43,teachers,m-pg500,raw/teachers-m-pg500-draw43/measurements.json,routed/math/topk_intersection,routed/science/topk_intersection,0.0,-0.0005193352939652388,0.8200773036742763,0.02031600783750019,2909008,2927266,2385599,3450675,0.6913427083106929,0.0009390692422642925,True,172058,0.6879518899669391,True,860288,0.6680733900482319,True,1720575,0.6681840128911408
teachers-m-pg500-draw43,teachers,m-pg500,raw/teachers-m-pg500-draw43/measurements.json,routed/math/topk_intersection,routed/science/topk_intersection,1e-05,-0.0005193352939652388,0.8200773036742763,0.02031600783750019,654286,658226,526430,786082,0.6696884040087421,0.00021778637000393152,True,172058,0.6879518899669391,True,860288,0.6680733900482319,True,1720575,0.6681840128911408
teachers-m-pg500-draw43,teachers,m-pg500,raw/teachers-m-pg500-draw43/measurements.json,routed/code/topk_intersection,routed/if/topk_intersection,0.0,-0.02137050104477021,0.8367457947332851,0.019296516991670135,2888526,2909171,2420651,3377046,0.7167953886325504,0.0009313705297729746,True,172058,0.7164861804596039,True,860288,0.6958270993126314,True,1720575,0.693345163104695
teachers-m-pg500-draw43,teachers,m-pg500,raw/teachers-m-pg500-draw43/measurements.json,routed/code/topk_intersection,routed/if/topk_intersection,1e-05,-0.02137050104477021,0.8367457947332851,0.019296516991670135,649415,652316,535189,766542,0.6981861398331729,0.00021552329901669846,True,172058,0.7164861804596039,True,860288,0.6958270993126314,True,1720575,0.693345163104695
teachers-m-pg500-draw43,teachers,m-pg500,raw/teachers-m-pg500-draw43/measurements.json,routed/code/topk_intersection,routed/science/topk_intersection,0.0,-0.02670464079804421,0.8282235388143133,0.019847250947347152,2888526,2927266,2404972,3410820,0.7051008261942876,0.0009345863326248892,True,172058,0.7002534697689127,True,860288,0.6778446523928586,True,1720575,0.6785982924994659
teachers-m-pg500-draw43,teachers,m-pg500,raw/teachers-m-pg500-draw43/measurements.json,routed/code/topk_intersection,routed/science/topk_intersection,1e-05,-0.02670464079804421,0.8282235388143133,0.019847250947347152,649415,658226,531748,775893,0.6853367667964526,0.00021662873316496674,True,172058,0.7002534697689127,True,860288,0.6778446523928586,True,1720575,0.6785982924994659
teachers-m-pg500-draw43,teachers,m-pg500,raw/teachers-m-pg500-draw43/measurements.json,routed/if/topk_intersection,routed/science/topk_intersection,0.0,0.013231460802127228,0.8204687788680611,0.02026534230228678,2909171,2927266,2383894,3452543,0.6904748181268127,0.0009380678759819607,True,172058,0.6861818894551156,True,860288,0.6676805095966146,True,1720575,0.6673433947783077
teachers-m-pg500-draw43,teachers,m-pg500,raw/teachers-m-pg500-draw43/measurements.json,routed/if/topk_intersection,routed/science/topk_intersection,1e-05,0.013231460802127228,0.8204687788680611,0.02026534230228678,652316,658226,526210,784332,0.670902117980651,0.00021698255837636097,True,172058,0.6861818894551156,True,860288,0.6676805095966146,True,1720575,0.6673433947783077
teachers-m-pg500-draw43,teachers,m-pg500,raw/teachers-m-pg500-draw43/measurements.json,zero_gradient,routed/math/topk_intersection,0.0,,0.8846487314560231,0.01610905312551705,2793621,2909008,2516538,3186091,0.789851262879811,0.0009152524200971681,True,172058,0.763142254011846,True,860288,0.7467599313712551,True,1720575,0.7465532327844357
teachers-m-pg500-draw43,teachers,m-pg500,raw/teachers-m-pg500-draw43/measurements.json,zero_gradient,routed/math/topk_intersection,1e-05,,0.8846487314560231,0.01610905312551705,624869,654286,558181,720974,0.7742040628372174,0.00021175888734249951,True,172058,0.763142254011846,True,860288,0.7467599313712551,True,1720575,0.7465532327844357
teachers-m-pg500-draw43,teachers,m-pg500,raw/teachers-m-pg500-draw43/measurements.json,zero_gradient,routed/code/topk_intersection,0.0,,0.8977207000114428,0.015167059080801218,2793621,2888526,2550218,3131929,0.81426430803508,0.0009109861660300821,True,172058,0.7880614386964022,True,860288,0.7755341072208056,True,1720575,0.7764084043530175
teachers-m-pg500-draw43,teachers,m-pg500,raw/teachers-m-pg500-draw43/measurements.json,zero_gradient,routed/code/topk_intersection,1e-05,,0.8977207000114428,0.015167059080801218,624869,649415,566963,707321,0.8015639292485307,0.000210664859544426,True,172058,0.7880614386964022,True,860288,0.7755341072208056,True,1720575,0.7764084043530175
teachers-m-pg500-draw43,teachers,m-pg500,raw/teachers-m-pg500-draw43/measurements.json,zero_gradient,routed/if/topk_intersection,0.0,,0.8896237957418741,0.01573220166784563,2793621,2909171,2522335,3180457,0.7930731338295094,0.0009142131420987701,True,172058,0.7779362225391118,True,860288,0.7526851927308288,True,1720575,0.7481929522598003
teachers-m-pg500-draw43,teachers,m-pg500,raw/teachers-m-pg500-draw43/measurements.json,zero_gradient,routed/if/topk_intersection,1e-05,,0.8896237957418741,0.01573220166784563,624869,652316,559984,717201,0.7807908801019519,0.0002109538362418081,True,172058,0.7779362225391118,True,860288,0.7526851927308288,True,1720575,0.7481929522598003
teachers-m-pg500-draw43,teachers,m-pg500,raw/teachers-m-pg500-draw43/measurements.json,zero_gradient,routed/science/topk_intersection,0.0,,0.8708103805659756,0.017071317950382775,2793621,2927266,2483522,3237365,0.7671430314468711,0.0009172095922623536,True,172058,0.7398136397878547,True,860288,0.7198124032929379,True,1720575,0.7199738691327381
teachers-m-pg500-draw43,teachers,m-pg500,raw/teachers-m-pg500-draw43/measurements.json,zero_gradient,routed/science/topk_intersection,1e-05,,0.8708103805659756,0.017071317950382775,624869,658226,550806,732289,0.7521702497238112,0.00021199810851160148,True,172058,0.7398136397878547,True,860288,0.7198124032929379,True,1720575,0.7199738691327381
teachers-m-pg500-draw43,teachers,m-pg500,raw/teachers-m-pg500-draw43/measurements.json,common/math/sampled_pg,common/code/sampled_pg,0.0,0.9340983565294204,0.9579052967442567,0.009799573450841358,2902867,2900656,2776577,3026946,0.9172865984394832,0.0009345337991707828,True,172058,0.9174119207216845,True,860288,0.9131604726593034,True,1720575,0.9129796207895853
teachers-m-pg500-draw43,teachers,m-pg500,raw/teachers-m-pg500-draw43/measurements.json,common/math/sampled_pg,common/code/sampled_pg,1e-05,0.9340983565294204,0.9579052967442567,0.009799573450841358,651798,652393,622363,681828,0.912785922549382,0.00021674697774693493,True,172058,0.9174119207216845,True,860288,0.9131604726593034,True,1720575,0.9129796207895853
teachers-m-pg500-draw43,teachers,m-pg500,raw/teachers-m-pg500-draw43/measurements.json,common/math/sampled_pg,common/if/sampled_pg,0.0,0.856892265338686,0.9368757385983464,0.011998302790506968,2902867,2895334,2711188,3087013,0.8782561006383841,0.000933651608394856,True,172058,0.8797578988768955,True,860288,0.8702929507038426,True,1720575,0.8699961036653261
teachers-m-pg500-draw43,teachers,m-pg500,raw/teachers-m-pg500-draw43/measurements.json,common/math/sampled_pg,common/if/sampled_pg,1e-05,0.856892265338686,0.9368757385983464,0.011998302790506968,651798,651162,606579,696381,0.8710447298246219,0.0002165600898947972,True,172058,0.8797578988768955,True,860288,0.8702929507038426,True,1720575,0.8699961036653261
teachers-m-pg500-draw43,teachers,m-pg500,raw/teachers-m-pg500-draw43/measurements.json,common/math/sampled_pg,common/science/sampled_pg,0.0,0.9277518732350276,0.9537755183616529,0.010257012542237261,2902867,2892647,2759944,3035570,0.9092012373293977,0.0009327256065403146,True,172058,0.9091569807761658,True,860288,0.9018067747975586,True,1720575,0.9013790336928906
teachers-m-pg500-draw43,teachers,m-pg500,raw/teachers-m-pg500-draw43/measurements.json,common/math/sampled_pg,common/science/sampled_pg,1e-05,0.9277518732350276,0.9537755183616529,0.010257012542237261,651798,649560,617795,683563,0.9037864834697021,0.00021612321417353942,True,172058,0.9091569807761658,True,860288,0.9018067747975586,True,1720575,0.9013790336928906
teachers-m-pg500-draw43,teachers,m-pg500,raw/teachers-m-pg500-draw43/measurements.json,common/code/sampled_pg,common/if/sampled_pg,0.0,0.9719680883103905,0.9732640213027441,0.0078134326464362,2900656,2895334,2816818,2979172,0.9455036500074517,0.0009336988417912453,True,172058,0.9465666559189053,True,860288,0.9413480405154584,True,1720575,0.9411169425440893
teachers-m-pg500-draw43,teachers,m-pg500,raw/teachers-m-pg500-draw43/measurements.json,common/code/sampled_pg,common/if/sampled_pg,1e-05,0.9719680883103905,0.9732640213027441,0.0078134326464362,652393,651162,632498,671057,0.9425399034657265,0.00021682328128289308,True,172058,0.9465666559189053,True,860288,0.9413480405154584,True,1720575,0.9411169425440893
teachers-m-pg500-draw43,teachers,m-pg500,raw/teachers-m-pg500-draw43/measurements.json,common/code/sampled_pg,common/science/sampled_pg,0.0,0.9010210133345015,0.9510990576619458,0.010556650324815915,2900656,2892647,2751142,3042161,0.90433806757762,0.0009327508971107504,True,172058,0.90324382622162,True,860288,0.8967373809975262,True,1720575,0.8970060474423784
teachers-m-pg500-draw43,teachers,m-pg500,raw/teachers-m-pg500-draw43/measurements.json,common/code/sampled_pg,common/science/sampled_pg,1e-05,0.9010210133345015,0.9510990576619458,0.010556650324815915,652393,649560,616516,685437,0.8994495482444047,0.00021638020641140727,True,172058,0.90324382622162,True,860288,0.8967373809975262,True,1720575,0.8970060474423784
teachers-m-pg500-draw43,teachers,m-pg500,raw/teachers-m-pg500-draw43/measurements.json,common/if/sampled_pg,common/science/sampled_pg,0.0,0.9031443448179323,0.9531995622869198,0.010325725776429585,2895334,2892647,2756229,3031752,0.9091208647673029,0.0009318764127356398,True,172058,0.9080243080198722,True,860288,0.9035173411012144,True,1720575,0.9036046870557205
teachers-m-pg500-draw43,teachers,m-pg500,raw/teachers-m-pg500-draw43/measurements.json,common/if/sampled_pg,common/science/sampled_pg,1e-05,0.9031443448179323,0.9531995622869198,0.010325725776429585,651162,649560,617736,682986,0.9044636346865089,0.0002161952946533877,True,172058,0.9080243080198722,True,860288,0.9035173411012144,True,1720575,0.9036046870557205
teachers-m-pg500-draw43,teachers,m-pg500,raw/teachers-m-pg500-draw43/measurements.json,zero_gradient,common/math/sampled_pg,0.0,,0.8765651563463042,0.016642799487058258,2793621,2902867,2492428,3204060,0.7778967934433187,0.0009139937037825248,True,172058,0.7551476326245403,True,860288,0.7366925064599483,True,1720575,0.7369904280401939
teachers-m-pg500-draw43,teachers,m-pg500,raw/teachers-m-pg500-draw43/measurements.json,zero_gradient,common/math/sampled_pg,1e-05,,0.8765651563463042,0.016642799487058258,624869,651798,552340,724327,0.7625561383187428,0.00021124648687099857,True,172058,0.7551476326245403,True,860288,0.7366925064599483,True,1720575,0.7369904280401939
teachers-m-pg500-draw43,teachers,m-pg500,raw/teachers-m-pg500-draw43/measurements.json,zero_gradient,common/code/sampled_pg,0.0,,0.8817247216737115,0.01630335783834281,2793621,2900656,2508739,3185538,0.7875401266599237,0.0009139770284939553,True,172058,0.7604092594960993,True,860288,0.746314935839336,True,1720575,0.7465319579591895
teachers-m-pg500-draw43,teachers,m-pg500,raw/teachers-m-pg500-draw43/measurements.json,zero_gradient,common/code/sampled_pg,1e-05,,0.8817247216737115,0.01630335783834281,624869,652393,556411,720851,0.7718807354085657,0.00021148276243159478,True,172058,0.7604092594960993,True,860288,0.746314935839336,True,1720575,0.7465319579591895
teachers-m-pg500-draw43,teachers,m-pg500,raw/teachers-m-pg500-draw43/measurements.json,zero_gradient,common/if/sampled_pg,0.0,,0.8849053095871375,0.016079993283399374,2793621,2895334,2517665,3171290,0.7938930214518383,0.0009131247418810548,True,172058,0.7662553637054222,True,860288,0.7540735424399763,True,1720575,0.7538892493467162
teachers-m-pg500-draw43,teachers,m-pg500,raw/teachers-m-pg500-draw43/measurements.json,zero_gradient,common/if/sampled_pg,1e-05,,0.8849053095871375,0.016079993283399374,624869,651162,558503,717528,0.7783710182738514,0.00021130283424794944,True,172058,0.7662553637054222,True,860288,0.7540735424399763,True,1720575,0.7538892493467162
teachers-m-pg500-draw43,teachers,m-pg500,raw/teachers-m-pg500-draw43/measurements.json,zero_gradient,common/science/sampled_pg,0.0,,0.8805215988858646,0.016364213147130133,2793621,2892647,2502699,3183569,0.786129969226362,0.0009122648423715479,True,172058,0.7636302135118236,True,860288,0.7470348426925791,True,1720575,0.7475297729833822
teachers-m-pg500-draw43,teachers,m-pg500,raw/teachers-m-pg500-draw43/measurements.json,zero_gradient,common/science/sampled_pg,1e-05,,0.8805215988858646,0.016364213147130133,624869,649560,554868,719561,0.7711201691031059,0.00021089015878833319,True,172058,0.7636302135118236,True,860288,0.7470348426925791,True,1720575,0.7475297729833822
teachers-m-pg500-draw43,teachers,m-pg500,raw/teachers-m-pg500-draw43/measurements.json,common/math/topk_intersection,common/code/topk_intersection,0.0,0.9633564441396146,0.970361632357118,0.008237618675782547,2909648,2913243,2824104,2998787,0.9417487804235513,0.000937845282903345,True,172058,0.9404417528011323,True,860288,0.9376401362650976,True,1720575,0.9381934188782286
teachers-m-pg500-draw43,teachers,m-pg500,raw/teachers-m-pg500-draw43/measurements.json,common/math/topk_intersection,common/code/topk_intersection,1e-05,0.9633564441396146,0.970361632357118,0.008237618675782547,654292,655396,634232,675456,0.9389686374834186,0.0002177183922501065,True,172058,0.9404417528011323,True,860288,0.9376401362650976,True,1720575,0.9381934188782286
teachers-m-pg500-draw43,teachers,m-pg500,raw/teachers-m-pg500-draw43/measurements.json,common/math/topk_intersection,common/if/topk_intersection,0.0,0.9598396848578906,0.9666616886359799,0.008735037467219507,2909648,2911356,2811974,3009030,0.9345117861902341,0.0009375409118074902,True,172058,0.9336813535702043,True,860288,0.9309338663320835,True,1720575,0.9311212922516083
teachers-m-pg500-draw43,teachers,m-pg500,raw/teachers-m-pg500-draw43/measurements.json,common/math/topk_intersection,common/if/topk_intersection,1e-05,0.9598396848578906,0.9666616886359799,0.008735037467219507,654292,654834,631148,677978,0.9309269622318128,0.00021762823077711694,True,172058,0.9336813535702043,True,860288,0.9309338663320835,True,1720575,0.9311212922516083
teachers-m-pg500-draw43,teachers,m-pg500,raw/teachers-m-pg500-draw43/measurements.json,common/math/topk_intersection,common/science/topk_intersection,0.0,0.9496046955010548,0.9603951539113077,0.00951141656269186,2909648,2905007,2790728,3023927,0.922882066928203,0.0009362162828750503,True,172058,0.922027725957618,True,860288,0.9166961872742787,True,1720575,0.9172834931928538
teachers-m-pg500-draw43,teachers,m-pg500,raw/teachers-m-pg500-draw43/measurements.json,common/math/topk_intersection,common/science/topk_intersection,1e-05,0.9496046955010548,0.9603951539113077,0.00951141656269186,654292,652920,625776,681436,0.9183195487177079,0.00021722224082332457,True,172058,0.922027725957618,True,860288,0.9166961872742787,True,1720575,0.9172834931928538
teachers-m-pg500-draw43,teachers,m-pg500,raw/teachers-m-pg500-draw43/measurements.json,common/code/topk_intersection,common/if/topk_intersection,0.0,0.9819347055823974,0.977260557556696,0.007218841651930706,2913243,2911356,2844914,2979685,0.9547700511966869,0.0009382527818409183,True,172058,0.954726970115256,True,860288,0.9522427958558229,True,1720575,0.9522294782311224
teachers-m-pg500-draw43,teachers,m-pg500,raw/teachers-m-pg500-draw43/measurements.json,common/code/topk_intersection,common/if/topk_intersection,1e-05,0.9819347055823974,0.977260557556696,0.007218841651930706,655396,654834,639249,670981,0.9527080498553611,0.00021784008596595995,True,172058,0.954726970115256,True,860288,0.9522427958558229,True,1720575,0.9522294782311224
teachers-m-pg500-draw43,teachers,m-pg500,raw/teachers-m-pg500-draw43/measurements.json,common/code/topk_intersection,common/science/topk_intersection,0.0,0.889336354298076,0.9477641089895659,0.010930774854027004,2913243,2905007,2756233,3062017,0.9001364133510689,0.0009369255351521036,True,172058,0.8974090350185542,True,860288,0.8911377100713336,True,1720575,0.8923544185181987
teachers-m-pg500-draw43,teachers,m-pg500,raw/teachers-m-pg500-draw43/measurements.json,common/code/topk_intersection,common/science/topk_intersection,1e-05,0.889336354298076,0.9477641089895659,0.010930774854027004,655396,652920,617704,690612,0.8944298680011352,0.00021743328176559502,True,172058,0.8974090350185542,True,860288,0.8911377100713336,True,1720575,0.8923544185181987
teachers-m-pg500-draw43,teachers,m-pg500,raw/teachers-m-pg500-draw43/measurements.json,common/if/topk_intersection,common/science/topk_intersection,0.0,0.9285996931041446,0.9552409944425294,0.010116414386664288,2911356,2905007,2775988,3040375,0.9130413189162521,0.0009366224452379419,True,172058,0.9116599725569277,True,860288,0.9057184534733936,True,1720575,0.9066201326098724
teachers-m-pg500-draw43,teachers,m-pg500,raw/teachers-m-pg500-draw43/measurements.json,common/if/topk_intersection,common/science/topk_intersection,1e-05,0.9285996931041446,0.9552409944425294,0.010116414386664288,654834,652920,622492,685262,0.9083999988325633,0.0002173431526300051,True,172058,0.9116599725569277,True,860288,0.9057184534733936,True,1720575,0.9066201326098724
teachers-m-pg500-draw43,teachers,m-pg500,raw/teachers-m-pg500-draw43/measurements.json,zero_gradient,common/math/topk_intersection,0.0,,0.8817297898867004,0.01630772763041155,2793621,2909648,2507355,3195914,0.7845502100494569,0.0009152444111966152,True,172058,0.7593831963965254,True,860288,0.7415265645717988,True,1720575,0.7413316735487006
teachers-m-pg500-draw43,teachers,m-pg500,raw/teachers-m-pg500-draw43/measurements.json,zero_gradient,common/math/topk_intersection,1e-05,,0.8817297898867004,0.01630772763041155,624869,654292,556050,723111,0.7689690794359372,0.00021172919295401712,True,172058,0.7593831963965254,True,860288,0.7415265645717988,True,1720575,0.7413316735487006
teachers-m-pg500-draw43,teachers,m-pg500,raw/teachers-m-pg500-draw43/measurements.json,zero_gradient,common/code/topk_intersection,0.0,,0.8797540533174426,0.01645575294958465,2793621,2913243,2503980,3202884,0.7817891625172813,0.0009159156124024273,True,172058,0.754771727102594,True,860288,0.7378168812791707,True,1720575,0.7376780966664395
teachers-m-pg500-draw43,teachers,m-pg500,raw/teachers-m-pg500-draw43/measurements.json,zero_gradient,common/code/topk_intersection,1e-05,,0.8797540533174426,0.01645575294958465,624869,655396,555378,724887,0.7661580356662486,0.0002119300411553224,True,172058,0.754771727102594,True,860288,0.7378168812791707,True,1720575,0.7376780966664395
teachers-m-pg500-draw43,teachers,m-pg500,raw/teachers-m-pg500-draw43/measurements.json,zero_gradient,common/if/topk_intersection,0.0,,0.8792550536229946,0.016486368660683228,2793621,2911356,2502411,3202566,0.7813768709216298,0.0009156239339016339,True,172058,0.7546911968670964,True,860288,0.7376396210789957,True,1720575,0.7376912589001666
teachers-m-pg500-draw43,teachers,m-pg500,raw/teachers-m-pg500-draw43/measurements.json,zero_gradient,common/if/topk_intersection,1e-05,,0.8792550536229946,0.016486368660683228,624869,654834,554869,724834,0.765511827535684,0.00021184345228587477,True,172058,0.7546911968670964,True,860288,0.7376396210789957,True,1720575,0.7376912589001666
teachers-m-pg500-draw43,teachers,m-pg500,raw/teachers-m-pg500-draw43/measurements.json,zero_gradient,common/science/topk_intersection,0.0,,0.8801580363468876,0.016406366695872063,2793621,2905007,2502151,3196477,0.7827839837421011,0.0009143714341152629,True,172058,0.7587177953930994,True,860288,0.7410683747710554,True,1720575,0.741145766660207
teachers-m-pg500-draw43,teachers,m-pg500,raw/teachers-m-pg500-draw43/measurements.json,zero_gradient,common/science/topk_intersection,1e-05,,0.8801580363468876,0.016406366695872063,624869,652920,554938,722851,0.7677073145087991,0.00021145948247556536,True,172058,0.7587177953930994,True,860288,0.7410683747710554,True,1720575,0.741145766660207
teachers-m-pg500-draw43,teachers,m-pg500,raw/teachers-m-pg500-draw43/measurements.json,routed/math/sampled_pg,routed/math/topk_intersection,0.0,0.845936558430626,0.9388751645703443,0.011828664954307082,2905368,2909008,2730865,3083511,0.8856349142260235,0.0009367642688621453,True,172058,0.881803516255161,True,860288,0.8785426515705692,True,1720575,0.8779705268075292
teachers-m-pg500-draw43,teachers,m-pg500,raw/teachers-m-pg500-draw43/measurements.json,routed/math/sampled_pg,routed/math/topk_intersection,1e-05,0.845936558430626,0.9388751645703443,0.011828664954307082,653744,654286,611297,696733,0.8773762689581232,0.00021755730218568154,True,172058,0.881803516255161,True,860288,0.8785426515705692,True,1720575,0.8779705268075292
teachers-m-pg500-draw43,teachers,m-pg500,raw/teachers-m-pg500-draw43/measurements.json,routed/code/sampled_pg,routed/code/topk_intersection,0.0,-0.7171836092691178,0.8124626437357598,0.02063185321804294,2872188,2888526,2354249,3406465,0.6911120472395871,0.0009249410447992613,True,172058,0.6767742721403338,True,860288,0.6631041112282842,True,1720575,0.66487494387763
teachers-m-pg500-draw43,teachers,m-pg500,raw/teachers-m-pg500-draw43/measurements.json,routed/code/sampled_pg,routed/code/topk_intersection,1e-05,-0.7171836092691178,0.8124626437357598,0.02063185321804294,643831,649415,516983,776263,0.6659894906751964,0.00021410285493322264,True,172058,0.6767742721403338,True,860288,0.6631041112282842,True,1720575,0.66487494387763
teachers-m-pg500-draw43,teachers,m-pg500,raw/teachers-m-pg500-draw43/measurements.json,routed/if/sampled_pg,routed/if/topk_intersection,0.0,0.6878092525532924,0.9154756302932374,0.01386164081593515,2900970,2909171,2644165,3165976,0.8351816311936666,0.0009337611427157233,True,172058,0.8422120506437538,True,860288,0.8251788235568677,True,1720575,0.8228525206551812
teachers-m-pg500-draw43,teachers,m-pg500,raw/teachers-m-pg500-draw43/measurements.json,routed/if/sampled_pg,routed/if/topk_intersection,1e-05,0.6878092525532924,0.9154756302932374,0.01386164081593515,650525,652316,589667,713174,0.8268206636809531,0.00021560661364847236,True,172058,0.8422120506437538,True,860288,0.8251788235568677,True,1720575,0.8228525206551812
teachers-m-pg500-draw43,teachers,m-pg500,raw/teachers-m-pg500-draw43/measurements.json,routed/science/sampled_pg,routed/science/topk_intersection,0.0,0.9134020528629624,0.9374226737123466,0.011930281443879925,2846994,2927266,2700130,3074130,0.8783395627380755,0.0009267745968637867,True,172058,0.8615455356901355,True,860288,0.8473226546587945,True,1720575,0.8474019123883273
teachers-m-pg500-draw43,teachers,m-pg500,raw/teachers-m-pg500-draw43/measurements.json,routed/science/sampled_pg,routed/science/topk_intersection,1e-05,0.9134020528629624,0.9374226737123466,0.011930281443879925,638298,658226,603765,692759,0.8715368548080934,0.00021442858363288384,True,172058,0.8615455356901355,True,860288,0.8473226546587945,True,1720575,0.8474019123883273
teachers-m-pg500-draw43,teachers,m-pg500,raw/teachers-m-pg500-draw43/measurements.json,common/math/sampled_pg,common/math/topk_intersection,0.0,0.7973342028029397,0.9219828076585581,0.013344370077725176,2902867,2909648,2675406,3137109,0.8528253242077339,0.0009358126901071971,True,172058,0.8519379594648412,True,860288,0.8428194266680233,True,1720575,0.8427246074139524
teachers-m-pg500-draw43,teachers,m-pg500,raw/teachers-m-pg500-draw43/measurements.json,common/math/sampled_pg,common/math/topk_intersection,1e-05,0.7973342028029397,0.9219828076585581,0.013344370077725176,651798,654292,597845,708245,0.8441217375343278,0.00021699578001633797,True,172058,0.8519379594648412,True,860288,0.8428194266680233,True,1720575,0.8427246074139524
teachers-m-pg500-draw43,teachers,m-pg500,raw/teachers-m-pg500-draw43/measurements.json,common/code/sampled_pg,common/code/topk_intersection,0.0,0.7419411336769417,0.9137678152504269,0.014047459596773967,2900656,2913243,2653381,3160518,0.839539910862713,0.0009365473302327163,True,172058,0.8369900601091146,True,860288,0.8274372188069555,True,1720575,0.8269908208464317
teachers-m-pg500-draw43,teachers,m-pg500,raw/teachers-m-pg500-draw43/measurements.json,common/code/sampled_pg,common/code/topk_intersection,1e-05,0.7419411336769417,0.9137678152504269,0.014047459596773967,652393,655396,592857,714932,0.8292494950568725,0.00021746500000541073,True,172058,0.8369900601091146,True,860288,0.8274372188069555,True,1720575,0.8269908208464317
teachers-m-pg500-draw43,teachers,m-pg500,raw/teachers-m-pg500-draw43/measurements.json,common/if/sampled_pg,common/if/topk_intersection,0.0,0.6859189877640058,0.905375499255536,0.014710145020981134,2895334,2911356,2623096,3183594,0.8239417463407709,0.0009353613102292724,True,172058,0.8224069905997616,True,860288,0.8099152254430967,True,1720575,0.8092823019839722
teachers-m-pg500-draw43,teachers,m-pg500,raw/teachers-m-pg500-draw43/measurements.json,common/if/sampled_pg,common/if/topk_intersection,1e-05,0.6859189877640058,0.905375499255536,0.014710145020981134,651162,654834,585335,720661,0.8122196150478519,0.00021718746938153007,True,172058,0.8224069905997616,True,860288,0.8099152254430967,True,1720575,0.8092823019839722
teachers-m-pg500-draw43,teachers,m-pg500,raw/teachers-m-pg500-draw43/measurements.json,common/science/sampled_pg,common/science/topk_intersection,0.0,0.7599145873331392,0.9175577215505646,0.013703499475327422,2892647,2905007,2654986,3142668,0.844819115477677,0.0009331083543030011,True,172058,0.8432975332779816,True,860288,0.8336654851299016,True,1720575,0.832796194597082
teachers-m-pg500-draw43,teachers,m-pg500,raw/teachers-m-pg500-draw43/measurements.json,common/science/sampled_pg,common/science/topk_intersection,1e-05,0.7599145873331392,0.9175577215505646,0.013703499475327422,649560,652920,592777,709703,0.8352465749757293,0.00021634362981459227,True,172058,0.8432975332779816,True,860288,0.8336654851299016,True,1720575,0.832796194597082
