job,kind,state,source,branch,threshold,changed_percent
density-m-pg500-draw42,density,m-pg500,raw/density-m-pg500-draw42/measurements.json,zero_gradient,0.0,0.16236554866644767
density-m-pg500-draw42,density,m-pg500,raw/density-m-pg500-draw42/measurements.json,zero_gradient,1e-08,0.16169577256481033
density-m-pg500-draw42,density,m-pg500,raw/density-m-pg500-draw42/measurements.json,zero_gradient,1e-07,0.1402264960059491
density-m-pg500-draw42,density,m-pg500,raw/density-m-pg500-draw42/measurements.json,zero_gradient,1e-06,0.07914150903006043
density-m-pg500-draw42,density,m-pg500,raw/density-m-pg500-draw42/measurements.json,zero_gradient,1e-05,0.036317452521173944
density-m-pg500-draw42,density,m-pg500,raw/density-m-pg500-draw42/measurements.json,sampled_pg,0.0,0.17284832346649218
density-m-pg500-draw42,density,m-pg500,raw/density-m-pg500-draw42/measurements.json,sampled_pg,1e-08,0.17221022282262927
density-m-pg500-draw42,density,m-pg500,raw/density-m-pg500-draw42/measurements.json,sampled_pg,1e-07,0.15113069969465834
density-m-pg500-draw42,density,m-pg500,raw/density-m-pg500-draw42/measurements.json,sampled_pg,1e-06,0.08492602882072836
density-m-pg500-draw42,density,m-pg500,raw/density-m-pg500-draw42/measurements.json,sampled_pg,1e-05,0.03877372444128817
density-m-pg500-draw42,density,m-pg500,raw/density-m-pg500-draw42/measurements.json,student_topk,0.0,0.17440007217680237
density-m-pg500-draw42,density,m-pg500,raw/density-m-pg500-draw42/measurements.json,student_topk,1e-08,0.17376673738163212
density-m-pg500-draw42,density,m-pg500,raw/density-m-pg500-draw42/measurements.json,student_topk,1e-07,0.15279897921751479
density-m-pg500-draw42,density,m-pg500,raw/density-m-pg500-draw42/measurements.json,student_topk,1e-06,0.08578591578911815
density-m-pg500-draw42,density,m-pg500,raw/density-m-pg500-draw42/measurements.json,student_topk,1e-05,0.03922642194698524
density-m-pg500-draw42,density,m-pg500,raw/density-m-pg500-draw42/measurements.json,topk_intersection,0.0,0.17434770596128907
density-m-pg500-draw42,density,m-pg500,raw/density-m-pg500-draw42/measurements.json,topk_intersection,1e-08,0.17371227884230256
density-m-pg500-draw42,density,m-pg500,raw/density-m-pg500-draw42/measurements.json,topk_intersection,1e-07,0.15271714610825537
density-m-pg500-draw42,density,m-pg500,raw/density-m-pg500-draw42/measurements.json,topk_intersection,1e-06,0.08576005234194456
density-m-pg500-draw42,density,m-pg500,raw/density-m-pg500-draw42/measurements.json,topk_intersection,1e-05,0.03918637719394566
density-m-pg500-draw42,density,m-pg500,raw/density-m-pg500-draw42/measurements.json,teacher_topk,0.0,0.17432155191358542
density-m-pg500-draw42,density,m-pg500,raw/density-m-pg500-draw42/measurements.json,teacher_topk,1e-08,0.17368705471629503
density-m-pg500-draw42,density,m-pg500,raw/density-m-pg500-draw42/measurements.json,teacher_topk,1e-07,0.15269755963253065
density-m-pg500-draw42,density,m-pg500,raw/density-m-pg500-draw42/measurements.json,teacher_topk,1e-06,0.0857502881641352
density-m-pg500-draw42,density,m-pg500,raw/density-m-pg500-draw42/measurements.json,teacher_topk,1e-05,0.039181785705571015
density-m-pg500-draw42,density,m-pg500,raw/density-m-pg500-draw42/measurements.json,full_vocab,0.0,0.17441105687683792
density-m-pg500-draw42,density,m-pg500,raw/density-m-pg500-draw42/measurements.json,full_vocab,1e-08,0.17377487419647325
density-m-pg500-draw42,density,m-pg500,raw/density-m-pg500-draw42/measurements.json,full_vocab,1e-07,0.15280944083659623
density-m-pg500-draw42,density,m-pg500,raw/density-m-pg500-draw42/measurements.json,full_vocab,1e-06,0.08580457234314676
density-m-pg500-draw42,density,m-pg500,raw/density-m-pg500-draw42/measurements.json,full_vocab,1e-05,0.039250425550766584
density-m-pg500-draw42,density,m-pg500,raw/density-m-pg500-draw42/measurements.json,sampled_pg_draw1,0.0,0.17178658536993624
density-m-pg500-draw42,density,m-pg500,raw/density-m-pg500-draw42/measurements.json,sampled_pg_draw1,1e-08,0.17113691882497772
density-m-pg500-draw42,density,m-pg500,raw/density-m-pg500-draw42/measurements.json,sampled_pg_draw1,1e-07,0.15004489987421507
density-m-pg500-draw42,density,m-pg500,raw/density-m-pg500-draw42/measurements.json,sampled_pg_draw1,1e-06,0.08436976128612485
density-m-pg500-draw42,density,m-pg500,raw/density-m-pg500-draw42/measurements.json,sampled_pg_draw1,1e-05,0.038603200050260404
density-m-pg500-draw42,density,m-pg500,raw/density-m-pg500-draw42/measurements.json,sampled_pg_draw2,0.0,0.1742274554619583
density-m-pg500-draw42,density,m-pg500,raw/density-m-pg500-draw42/measurements.json,sampled_pg_draw2,1e-08,0.17358825053608126
density-m-pg500-draw42,density,m-pg500,raw/density-m-pg500-draw42/measurements.json,sampled_pg_draw2,1e-07,0.15258736391153932
density-m-pg500-draw42,density,m-pg500,raw/density-m-pg500-draw42/measurements.json,sampled_pg_draw2,1e-06,0.08568321756180185
density-m-pg500-draw42,density,m-pg500,raw/density-m-pg500-draw42/measurements.json,sampled_pg_draw2,1e-05,0.03910646204818453
density-m-pg500-draw42,density,m-pg500,raw/density-m-pg500-draw42/measurements.json,sampled_pg_draw3,0.0,0.17340895000904627
density-m-pg500-draw42,density,m-pg500,raw/density-m-pg500-draw42/measurements.json,sampled_pg_draw3,1e-08,0.17277515025302798
density-m-pg500-draw42,density,m-pg500,raw/density-m-pg500-draw42/measurements.json,sampled_pg_draw3,1e-07,0.15176601057343286
density-m-pg500-draw42,density,m-pg500,raw/density-m-pg500-draw42/measurements.json,sampled_pg_draw3,1e-06,0.08526318355568133
density-m-pg500-draw42,density,m-pg500,raw/density-m-pg500-draw42/measurements.json,sampled_pg_draw3,1e-05,0.03902195541404875
density-m-pg500-draw43,density,m-pg500,raw/density-m-pg500-draw43/measurements.json,zero_gradient,0.0,0.16236554866644767
density-m-pg500-draw43,density,m-pg500,raw/density-m-pg500-draw43/measurements.json,zero_gradient,1e-08,0.16169577256481033
density-m-pg500-draw43,density,m-pg500,raw/density-m-pg500-draw43/measurements.json,zero_gradient,1e-07,0.1402264960059491
density-m-pg500-draw43,density,m-pg500,raw/density-m-pg500-draw43/measurements.json,zero_gradient,1e-06,0.07914150903006043
density-m-pg500-draw43,density,m-pg500,raw/density-m-pg500-draw43/measurements.json,zero_gradient,1e-05,0.036317452521173944
density-m-pg500-draw43,density,m-pg500,raw/density-m-pg500-draw43/measurements.json,sampled_pg,0.0,0.16899815704398574
density-m-pg500-draw43,density,m-pg500,raw/density-m-pg500-draw43/measurements.json,sampled_pg,1e-08,0.16835168710485768
density-m-pg500-draw43,density,m-pg500,raw/density-m-pg500-draw43/measurements.json,sampled_pg,1e-07,0.14717742820409357
density-m-pg500-draw43,density,m-pg500,raw/density-m-pg500-draw43/measurements.json,sampled_pg,1e-06,0.0828541051616457
density-m-pg500-draw43,density,m-pg500,raw/density-m-pg500-draw43/measurements.json,sampled_pg,1e-05,0.03798265167841195
density-m-pg500-draw43,density,m-pg500,raw/density-m-pg500-draw43/measurements.json,student_topk,0.0,0.1692138407573818
density-m-pg500-draw43,density,m-pg500,raw/density-m-pg500-draw43/measurements.json,student_topk,1e-08,0.16856673149708762
density-m-pg500-draw43,density,m-pg500,raw/density-m-pg500-draw43/measurements.json,student_topk,1e-07,0.14741804544296708
density-m-pg500-draw43,density,m-pg500,raw/density-m-pg500-draw43/measurements.json,student_topk,1e-06,0.08300963456532336
density-m-pg500-draw43,density,m-pg500,raw/density-m-pg500-draw43/measurements.json,student_topk,1e-05,0.03805878901728256
density-m-pg500-draw43,density,m-pg500,raw/density-m-pg500-draw43/measurements.json,topk_intersection,0.0,0.1692137245171698
density-m-pg500-draw43,density,m-pg500,raw/density-m-pg500-draw43/measurements.json,topk_intersection,1e-08,0.16856632465634558
density-m-pg500-draw43,density,m-pg500,raw/density-m-pg500-draw43/measurements.json,topk_intersection,1e-07,0.14741944032551127
density-m-pg500-draw43,density,m-pg500,raw/density-m-pg500-draw43/measurements.json,topk_intersection,1e-06,0.08300870464362722
density-m-pg500-draw43,density,m-pg500,raw/density-m-pg500-draw43/measurements.json,topk_intersection,1e-05,0.03805814969611647
density-m-pg500-draw43,density,m-pg500,raw/density-m-pg500-draw43/measurements.json,teacher_topk,0.0,0.16921105099229342
density-m-pg500-draw43,density,m-pg500,raw/density-m-pg500-draw43/measurements.json,teacher_topk,1e-08,0.16856463917327133
density-m-pg500-draw43,density,m-pg500,raw/density-m-pg500-draw43/measurements.json,teacher_topk,1e-07,0.14741496507734866
density-m-pg500-draw43,density,m-pg500,raw/density-m-pg500-draw43/measurements.json,teacher_topk,1e-06,0.083007135400765
density-m-pg500-draw43,density,m-pg500,raw/density-m-pg500-draw43/measurements.json,teacher_topk,1e-05,0.03805780097548042
density-m-pg500-draw43,density,m-pg500,raw/density-m-pg500-draw43/measurements.json,full_vocab,0.0,0.1692139569975938
density-m-pg500-draw43,density,m-pg500,raw/density-m-pg500-draw43/measurements.json,full_vocab,1e-08,0.1685664990166636
density-m-pg500-draw43,density,m-pg500,raw/density-m-pg500-draw43/measurements.json,full_vocab,1e-07,0.1474200796466774
density-m-pg500-draw43,density,m-pg500,raw/density-m-pg500-draw43/measurements.json,full_vocab,1e-06,0.08301039012670146
density-m-pg500-draw43,density,m-pg500,raw/density-m-pg500-draw43/measurements.json,full_vocab,1e-05,0.038060125779720747
density-m-pg500-draw43,density,m-pg500,raw/density-m-pg500-draw43/measurements.json,sampled_pg_draw1,0.0,0.16911585025865214
density-m-pg500-draw43,density,m-pg500,raw/density-m-pg500-draw43/measurements.json,sampled_pg_draw1,1e-08,0.1684611853845769
density-m-pg500-draw43,density,m-pg500,raw/density-m-pg500-draw43/measurements.json,sampled_pg_draw1,1e-07,0.14730360695423714
density-m-pg500-draw43,density,m-pg500,raw/density-m-pg500-draw43/measurements.json,sampled_pg_draw1,1e-06,0.08295122385878521
density-m-pg500-draw43,density,m-pg500,raw/density-m-pg500-draw43/measurements.json,sampled_pg_draw1,1e-05,0.03803344865106303
density-m-pg500-draw43,density,m-pg500,raw/density-m-pg500-draw43/measurements.json,sampled_pg_draw2,0.0,0.16907958331250308
density-m-pg500-draw43,density,m-pg500,raw/density-m-pg500-draw43/measurements.json,sampled_pg_draw2,1e-08,0.16842619708076007
density-m-pg500-draw43,density,m-pg500,raw/density-m-pg500-draw43/measurements.json,sampled_pg_draw2,1e-07,0.14727692982557944
density-m-pg500-draw43,density,m-pg500,raw/density-m-pg500-draw43/measurements.json,sampled_pg_draw2,1e-06,0.08293733315344928
density-m-pg500-draw43,density,m-pg500,raw/density-m-pg500-draw43/measurements.json,sampled_pg_draw2,1e-05,0.03802618363781202
density-m-pg500-draw43,density,m-pg500,raw/density-m-pg500-draw43/measurements.json,sampled_pg_draw3,0.0,0.16889057672776475
density-m-pg500-draw43,density,m-pg500,raw/density-m-pg500-draw43/measurements.json,sampled_pg_draw3,1e-08,0.16823963154047405
density-m-pg500-draw43,density,m-pg500,raw/density-m-pg500-draw43/measurements.json,sampled_pg_draw3,1e-07,0.14705328365766027
density-m-pg500-draw43,density,m-pg500,raw/density-m-pg500-draw43/measurements.json,sampled_pg_draw3,1e-06,0.08274850092902898
density-m-pg500-draw43,density,m-pg500,raw/density-m-pg500-draw43/measurements.json,sampled_pg_draw3,1e-05,0.03791662723798675
density-m-pg500-draw44,density,m-pg500,raw/density-m-pg500-draw44/measurements.json,zero_gradient,0.0,0.16236554866644767
density-m-pg500-draw44,density,m-pg500,raw/density-m-pg500-draw44/measurements.json,zero_gradient,1e-08,0.16169577256481033
density-m-pg500-draw44,density,m-pg500,raw/density-m-pg500-draw44/measurements.json,zero_gradient,1e-07,0.1402264960059491
density-m-pg500-draw44,density,m-pg500,raw/density-m-pg500-draw44/measurements.json,zero_gradient,1e-06,0.07914150903006043
density-m-pg500-draw44,density,m-pg500,raw/density-m-pg500-draw44/measurements.json,zero_gradient,1e-05,0.036317452521173944
density-m-pg500-draw44,density,m-pg500,raw/density-m-pg500-draw44/measurements.json,sampled_pg,0.0,0.16893073772101636
density-m-pg500-draw44,density,m-pg500,raw/density-m-pg500-draw44/measurements.json,sampled_pg,1e-08,0.16828310537976812
density-m-pg500-draw44,density,m-pg500,raw/density-m-pg500-draw44/measurements.json,sampled_pg,1e-07,0.14707972830589394
density-m-pg500-draw44,density,m-pg500,raw/density-m-pg500-draw44/measurements.json,sampled_pg,1e-06,0.08278052510743944
density-m-pg500-draw44,density,m-pg500,raw/density-m-pg500-draw44/measurements.json,sampled_pg,1e-05,0.037924880293039906
density-m-pg500-draw44,density,m-pg500,raw/density-m-pg500-draw44/measurements.json,student_topk,0.0,0.17037984632411626
density-m-pg500-draw44,density,m-pg500,raw/density-m-pg500-draw44/measurements.json,student_topk,1e-08,0.16972831993576548
density-m-pg500-draw44,density,m-pg500,raw/density-m-pg500-draw44/measurements.json,student_topk,1e-07,0.14858916557903026
density-m-pg500-draw44,density,m-pg500,raw/density-m-pg500-draw44/measurements.json,student_topk,1e-06,0.0836193144773483
density-m-pg500-draw44,density,m-pg500,raw/density-m-pg500-draw44/measurements.json,student_topk,1e-05,0.03827592573332881
density-m-pg500-draw44,density,m-pg500,raw/density-m-pg500-draw44/measurements.json,topk_intersection,0.0,0.17039129598499986
density-m-pg500-draw44,density,m-pg500,raw/density-m-pg500-draw44/measurements.json,topk_intersection,1e-08,0.16973901403527097
density-m-pg500-draw44,density,m-pg500,raw/density-m-pg500-draw44/measurements.json,topk_intersection,1e-07,0.14859712803355338
density-m-pg500-draw44,density,m-pg500,raw/density-m-pg500-draw44/measurements.json,topk_intersection,1e-06,0.0836200119186204
density-m-pg500-draw44,density,m-pg500,raw/density-m-pg500-draw44/measurements.json,topk_intersection,1e-05,0.0382780180571451
density-m-pg500-draw44,density,m-pg500,raw/density-m-pg500-draw44/measurements.json,teacher_topk,0.0,0.17037816084104201
density-m-pg500-draw44,density,m-pg500,raw/density-m-pg500-draw44/measurements.json,teacher_topk,1e-08,0.16972704129343327
density-m-pg500-draw44,density,m-pg500,raw/density-m-pg500-draw44/measurements.json,teacher_topk,1e-07,0.14858474845097364
density-m-pg500-draw44,density,m-pg500,raw/density-m-pg500-draw44/measurements.json,teacher_topk,1e-06,0.08361187510377925
density-m-pg500-draw44,density,m-pg500,raw/density-m-pg500-draw44/measurements.json,teacher_topk,1e-05,0.03827255476718034
density-m-pg500-draw44,density,m-pg500,raw/density-m-pg500-draw44/measurements.json,full_vocab,0.0,0.17038682073683722
density-m-pg500-draw44,density,m-pg500,raw/density-m-pg500-draw44/measurements.json,full_vocab,1e-08,0.16973378322573024
density-m-pg500-draw44,density,m-pg500,raw/density-m-pg500-draw44/measurements.json,full_vocab,1e-07,0.14858933993934828
density-m-pg500-draw44,density,m-pg500,raw/density-m-pg500-draw44/measurements.json,full_vocab,1e-06,0.08361565291066979
density-m-pg500-draw44,density,m-pg500,raw/density-m-pg500-draw44/measurements.json,full_vocab,1e-05,0.038272089806332274
density-m-pg500-draw44,density,m-pg500,raw/density-m-pg500-draw44/measurements.json,sampled_pg_draw1,0.0,0.17083283443034336
density-m-pg500-draw44,density,m-pg500,raw/density-m-pg500-draw44/measurements.json,sampled_pg_draw1,1e-08,0.1701900841779998
density-m-pg500-draw44,density,m-pg500,raw/density-m-pg500-draw44/measurements.json,sampled_pg_draw1,1e-07,0.14907365478271375
density-m-pg500-draw44,density,m-pg500,raw/density-m-pg500-draw44/measurements.json,sampled_pg_draw1,1e-06,0.08386423260406642
density-m-pg500-draw44,density,m-pg500,raw/density-m-pg500-draw44/measurements.json,sampled_pg_draw1,1e-05,0.03840152328241231
density-m-pg500-draw44,density,m-pg500,raw/density-m-pg500-draw44/measurements.json,sampled_pg_draw2,0.0,0.1683698786980382
density-m-pg500-draw44,density,m-pg500,raw/density-m-pg500-draw44/measurements.json,sampled_pg_draw2,1e-08,0.16771643434618916
density-m-pg500-draw44,density,m-pg500,raw/density-m-pg500-draw44/measurements.json,sampled_pg_draw2,1e-07,0.14652078724641407
density-m-pg500-draw44,density,m-pg500,raw/density-m-pg500-draw44/measurements.json,sampled_pg_draw2,1e-06,0.08251346322033223
density-m-pg500-draw44,density,m-pg500,raw/density-m-pg500-draw44/measurements.json,sampled_pg_draw2,1e-05,0.037842582222932436
density-m-pg500-draw44,density,m-pg500,raw/density-m-pg500-draw44/measurements.json,sampled_pg_draw3,0.0,0.1694995591985176
density-m-pg500-draw44,density,m-pg500,raw/density-m-pg500-draw44/measurements.json,sampled_pg_draw3,1e-08,0.16885018325408913
density-m-pg500-draw44,density,m-pg500,raw/density-m-pg500-draw44/measurements.json,sampled_pg_draw3,1e-07,0.14767557563268896
density-m-pg500-draw44,density,m-pg500,raw/density-m-pg500-draw44/measurements.json,sampled_pg_draw3,1e-06,0.08310088313175606
density-m-pg500-draw44,density,m-pg500,raw/density-m-pg500-draw44/measurements.json,sampled_pg_draw3,1e-05,0.03804722311618695
density-m-pg500-draw45,density,m-pg500,raw/density-m-pg500-draw45/measurements.json,zero_gradient,0.0,0.16236554866644767
density-m-pg500-draw45,density,m-pg500,raw/density-m-pg500-draw45/measurements.json,zero_gradient,1e-08,0.16169577256481033
density-m-pg500-draw45,density,m-pg500,raw/density-m-pg500-draw45/measurements.json,zero_gradient,1e-07,0.1402264960059491
density-m-pg500-draw45,density,m-pg500,raw/density-m-pg500-draw45/measurements.json,zero_gradient,1e-06,0.07914150903006043
density-m-pg500-draw45,density,m-pg500,raw/density-m-pg500-draw45/measurements.json,zero_gradient,1e-05,0.036317452521173944
density-m-pg500-draw45,density,m-pg500,raw/density-m-pg500-draw45/measurements.json,sampled_pg,0.0,0.16882304116458335
density-m-pg500-draw45,density,m-pg500,raw/density-m-pg500-draw45/measurements.json,sampled_pg,1e-08,0.16816215743916527
density-m-pg500-draw45,density,m-pg500,raw/density-m-pg500-draw45/measurements.json,sampled_pg,1e-07,0.14699667467440838
density-m-pg500-draw45,density,m-pg500,raw/density-m-pg500-draw45/measurements.json,sampled_pg,1e-06,0.08274030599408183
density-m-pg500-draw45,density,m-pg500,raw/density-m-pg500-draw45/measurements.json,sampled_pg,1e-05,0.03795306854445382
density-m-pg500-draw45,density,m-pg500,raw/density-m-pg500-draw45/measurements.json,student_topk,0.0,0.1707002043484329
density-m-pg500-draw45,density,m-pg500,raw/density-m-pg500-draw45/measurements.json,student_topk,1e-08,0.1700508865241104
density-m-pg500-draw45,density,m-pg500,raw/density-m-pg500-draw45/measurements.json,student_topk,1e-07,0.14893346908702224
density-m-pg500-draw45,density,m-pg500,raw/density-m-pg500-draw45/measurements.json,student_topk,1e-06,0.08373607777031856
density-m-pg500-draw45,density,m-pg500,raw/density-m-pg500-draw45/measurements.json,student_topk,1e-05,0.03834346129651022
density-m-pg500-draw45,density,m-pg500,raw/density-m-pg500-draw45/measurements.json,topk_intersection,0.0,0.17065452194511052
density-m-pg500-draw45,density,m-pg500,raw/density-m-pg500-draw45/measurements.json,topk_intersection,1e-08,0.170004681039834
density-m-pg500-draw45,density,m-pg500,raw/density-m-pg500-draw45/measurements.json,topk_intersection,1e-07,0.1488866242815797
density-m-pg500-draw45,density,m-pg500,raw/density-m-pg500-draw45/measurements.json,topk_intersection,1e-06,0.0837112023649471
density-m-pg500-draw45,density,m-pg500,raw/density-m-pg500-draw45/measurements.json,topk_intersection,1e-05,0.03833462704039699
density-m-pg500-draw45,density,m-pg500,raw/density-m-pg500-draw45/measurements.json,teacher_topk,0.0,0.170650976618644
density-m-pg500-draw45,density,m-pg500,raw/density-m-pg500-draw45/measurements.json,teacher_topk,1e-08,0.17000194939485158
density-m-pg500-draw45,density,m-pg500,raw/density-m-pg500-draw45/measurements.json,teacher_topk,1e-07,0.14888209091331106
density-m-pg500-draw45,density,m-pg500,raw/density-m-pg500-draw45/measurements.json,teacher_topk,1e-06,0.08371178356600718
density-m-pg500-draw45,density,m-pg500,raw/density-m-pg500-draw45/measurements.json,teacher_topk,1e-05,0.038336719364213276
density-m-pg500-draw45,density,m-pg500,raw/density-m-pg500-draw45/measurements.json,full_vocab,0.0,0.17070066930928096
density-m-pg500-draw45,density,m-pg500,raw/density-m-pg500-draw45/measurements.json,full_vocab,1e-08,0.1700508865241104
density-m-pg500-draw45,density,m-pg500,raw/density-m-pg500-draw45/measurements.json,full_vocab,1e-07,0.14893375968755226
density-m-pg500-draw45,density,m-pg500,raw/density-m-pg500-draw45/measurements.json,full_vocab,1e-06,0.08373404356660828
density-m-pg500-draw45,density,m-pg500,raw/density-m-pg500-draw45/measurements.json,full_vocab,1e-05,0.03833916040866562
density-m-pg500-draw45,density,m-pg500,raw/density-m-pg500-draw45/measurements.json,sampled_pg_draw1,0.0,0.1709873176721129
density-m-pg500-draw45,density,m-pg500,raw/density-m-pg500-draw45/measurements.json,sampled_pg_draw1,1e-08,0.17034049901234877
density-m-pg500-draw45,density,m-pg500,raw/density-m-pg500-draw45/measurements.json,sampled_pg_draw1,1e-07,0.14923662355996048
density-m-pg500-draw45,density,m-pg500,raw/density-m-pg500-draw45/measurements.json,sampled_pg_draw1,1e-06,0.08388945673007393
density-m-pg500-draw45,density,m-pg500,raw/density-m-pg500-draw45/measurements.json,sampled_pg_draw1,1e-05,0.038401581402518314
density-m-pg500-draw45,density,m-pg500,raw/density-m-pg500-draw45/measurements.json,sampled_pg_draw2,0.0,0.16830013457082849
density-m-pg500-draw45,density,m-pg500,raw/density-m-pg500-draw45/measurements.json,sampled_pg_draw2,1e-08,0.1676427961718769
density-m-pg500-draw45,density,m-pg500,raw/density-m-pg500-draw45/measurements.json,sampled_pg_draw2,1e-07,0.14646266714040598
density-m-pg500-draw45,density,m-pg500,raw/density-m-pg500-draw45/measurements.json,sampled_pg_draw2,1e-06,0.08245958588206272
density-m-pg500-draw45,density,m-pg500,raw/density-m-pg500-draw45/measurements.json,sampled_pg_draw2,1e-05,0.03779463313547575
density-m-pg500-draw45,density,m-pg500,raw/density-m-pg500-draw45/measurements.json,sampled_pg_draw3,0.0,0.1686397303502338
density-m-pg500-draw45,density,m-pg500,raw/density-m-pg500-draw45/measurements.json,sampled_pg_draw3,1e-08,0.1679793697057698
density-m-pg500-draw45,density,m-pg500,raw/density-m-pg500-draw45/measurements.json,sampled_pg_draw3,1e-07,0.14680900485210824
density-m-pg500-draw45,density,m-pg500,raw/density-m-pg500-draw45/measurements.json,sampled_pg_draw3,1e-06,0.08265016170966327
density-m-pg500-draw45,density,m-pg500,raw/density-m-pg500-draw45/measurements.json,sampled_pg_draw3,1e-05,0.03790674681996538
density-m-pg250-draw42,density,m-pg250,raw/density-m-pg250-draw42/measurements.json,zero_gradient,0.0,0.18186612287449658
density-m-pg250-draw42,density,m-pg250,raw/density-m-pg250-draw42/measurements.json,zero_gradient,1e-08,0.18126829946409728
density-m-pg250-draw42,density,m-pg250,raw/density-m-pg250-draw42/measurements.json,zero_gradient,1e-07,0.16017784975619684
density-m-pg250-draw42,density,m-pg250,raw/density-m-pg250-draw42/measurements.json,zero_gradient,1e-06,0.08622669867308357
density-m-pg250-draw42,density,m-pg250,raw/density-m-pg250-draw42/measurements.json,zero_gradient,1e-05,0.03515034267242533
density-m-pg250-draw42,density,m-pg250,raw/density-m-pg250-draw42/measurements.json,sampled_pg,0.0,0.18999067437326253
density-m-pg250-draw42,density,m-pg250,raw/density-m-pg250-draw42/measurements.json,sampled_pg,1e-08,0.18942173665554926
density-m-pg250-draw42,density,m-pg250,raw/density-m-pg250-draw42/measurements.json,sampled_pg,1e-07,0.16876637406122547
density-m-pg250-draw42,density,m-pg250,raw/density-m-pg250-draw42/measurements.json,sampled_pg,1e-06,0.09059157675439772
density-m-pg250-draw42,density,m-pg250,raw/density-m-pg250-draw42/measurements.json,sampled_pg,1e-05,0.03673504548284212
density-m-pg250-draw42,density,m-pg250,raw/density-m-pg250-draw42/measurements.json,student_topk,0.0,0.19257248572235425
density-m-pg250-draw42,density,m-pg250,raw/density-m-pg250-draw42/measurements.json,student_topk,1e-08,0.1919972129130861
density-m-pg250-draw42,density,m-pg250,raw/density-m-pg250-draw42/measurements.json,student_topk,1e-07,0.17149488055788162
density-m-pg250-draw42,density,m-pg250,raw/density-m-pg250-draw42/measurements.json,student_topk,1e-06,0.09216029653566228
density-m-pg250-draw42,density,m-pg250,raw/density-m-pg250-draw42/measurements.json,student_topk,1e-05,0.03748078456303203
density-m-pg250-draw42,density,m-pg250,raw/density-m-pg250-draw42/measurements.json,topk_intersection,0.0,0.19257202076150617
density-m-pg250-draw42,density,m-pg250,raw/density-m-pg250-draw42/measurements.json,topk_intersection,1e-08,0.19199622487128395
density-m-pg250-draw42,density,m-pg250,raw/density-m-pg250-draw42/measurements.json,topk_intersection,1e-07,0.17149528739862366
density-m-pg250-draw42,density,m-pg250,raw/density-m-pg250-draw42/measurements.json,topk_intersection,1e-06,0.09216360938170473
density-m-pg250-draw42,density,m-pg250,raw/density-m-pg250-draw42/measurements.json,topk_intersection,1e-05,0.037484155529180496
density-m-pg250-draw42,density,m-pg250,raw/density-m-pg250-draw42/measurements.json,teacher_topk,0.0,0.19256835919482768
density-m-pg250-draw42,density,m-pg250,raw/density-m-pg250-draw42/measurements.json,teacher_topk,1e-08,0.19199262142471146
density-m-pg250-draw42,density,m-pg250,raw/density-m-pg250-draw42/measurements.json,teacher_topk,1e-07,0.17148889418696275
density-m-pg250-draw42,density,m-pg250,raw/density-m-pg250-draw42/measurements.json,teacher_topk,1e-06,0.09215733241025585
density-m-pg250-draw42,density,m-pg250,raw/density-m-pg250-draw42/measurements.json,teacher_topk,1e-05,0.03748142388419812
density-m-pg250-draw42,density,m-pg250,raw/density-m-pg250-draw42/measurements.json,full_vocab,0.0,0.19257475240648858
density-m-pg250-draw42,density,m-pg250,raw/density-m-pg250-draw42/measurements.json,full_vocab,1e-08,0.19199977019775044
density-m-pg250-draw42,density,m-pg250,raw/density-m-pg250-draw42/measurements.json,full_vocab,1e-07,0.1714998788869983
density-m-pg250-draw42,density,m-pg250,raw/density-m-pg250-draw42/measurements.json,full_vocab,1e-06,0.09217302483887806
density-m-pg250-draw42,density,m-pg250,raw/density-m-pg250-draw42/measurements.json,full_vocab,1e-05,0.03748653845352683
density-m-pg250-draw42,density,m-pg250,raw/density-m-pg250-draw42/measurements.json,sampled_pg_draw1,0.0,0.18954059227233583
density-m-pg250-draw42,density,m-pg250,raw/density-m-pg250-draw42/measurements.json,sampled_pg_draw1,1e-08,0.18896003053342095
density-m-pg250-draw42,density,m-pg250,raw/density-m-pg250-draw42/measurements.json,sampled_pg_draw1,1e-07,0.16827909509245356
density-m-pg250-draw42,density,m-pg250,raw/density-m-pg250-draw42/measurements.json,sampled_pg_draw1,1e-06,0.09032213194294417
density-m-pg250-draw42,density,m-pg250,raw/density-m-pg250-draw42/measurements.json,sampled_pg_draw1,1e-05,0.03662589592375892
density-m-pg250-draw42,density,m-pg250,raw/density-m-pg250-draw42/measurements.json,sampled_pg_draw2,0.0,0.1922291702561644
density-m-pg250-draw42,density,m-pg250,raw/density-m-pg250-draw42/measurements.json,sampled_pg_draw2,1e-08,0.19165755901357479
density-m-pg250-draw42,density,m-pg250,raw/density-m-pg250-draw42/measurements.json,sampled_pg_draw2,1e-07,0.17111983151381135
density-m-pg250-draw42,density,m-pg250,raw/density-m-pg250-draw42/measurements.json,sampled_pg_draw2,1e-06,0.0919551906815597
density-m-pg250-draw42,density,m-pg250,raw/density-m-pg250-draw42/measurements.json,sampled_pg_draw2,1e-05,0.03739401124476194
density-m-pg250-draw42,density,m-pg250,raw/density-m-pg250-draw42/measurements.json,sampled_pg_draw3,0.0,0.18958534475396208
density-m-pg250-draw42,density,m-pg250,raw/density-m-pg250-draw42/measurements.json,sampled_pg_draw3,1e-08,0.1890101300647999
density-m-pg250-draw42,density,m-pg250,raw/density-m-pg250-draw42/measurements.json,sampled_pg_draw3,1e-07,0.16834308532916847
density-m-pg250-draw42,density,m-pg250,raw/density-m-pg250-draw42/measurements.json,sampled_pg_draw3,1e-06,0.0903180635355236
density-m-pg250-draw42,density,m-pg250,raw/density-m-pg250-draw42/measurements.json,sampled_pg_draw3,1e-05,0.036622873678246494
density-m-pg250-draw43,density,m-pg250,raw/density-m-pg250-draw43/measurements.json,zero_gradient,0.0,0.18186612287449658
density-m-pg250-draw43,density,m-pg250,raw/density-m-pg250-draw43/measurements.json,zero_gradient,1e-08,0.18126829946409728
density-m-pg250-draw43,density,m-pg250,raw/density-m-pg250-draw43/measurements.json,zero_gradient,1e-07,0.16017784975619684
density-m-pg250-draw43,density,m-pg250,raw/density-m-pg250-draw43/measurements.json,zero_gradient,1e-06,0.08622669867308357
density-m-pg250-draw43,density,m-pg250,raw/density-m-pg250-draw43/measurements.json,zero_gradient,1e-05,0.03515034267242533
density-m-pg250-draw43,density,m-pg250,raw/density-m-pg250-draw43/measurements.json,sampled_pg,0.0,0.19158415331968656
density-m-pg250-draw43,density,m-pg250,raw/density-m-pg250-draw43/measurements.json,sampled_pg,1e-08,0.1910167267247295
density-m-pg250-draw43,density,m-pg250,raw/density-m-pg250-draw43/measurements.json,sampled_pg,1e-07,0.17047022308895884
density-m-pg250-draw43,density,m-pg250,raw/density-m-pg250-draw43/measurements.json,sampled_pg,1e-06,0.09150859578699348
density-m-pg250-draw43,density,m-pg250,raw/density-m-pg250-draw43/measurements.json,sampled_pg,1e-05,0.037112593691470734
density-m-pg250-draw43,density,m-pg250,raw/density-m-pg250-draw43/measurements.json,student_topk,0.0,0.19181146105428423
density-m-pg250-draw43,density,m-pg250,raw/density-m-pg250-draw43/measurements.json,student_topk,1e-08,0.19123746688734825
density-m-pg250-draw43,density,m-pg250,raw/density-m-pg250-draw43/measurements.json,student_topk,1e-07,0.17071275829133062
density-m-pg250-draw43,density,m-pg250,raw/density-m-pg250-draw43/measurements.json,student_topk,1e-06,0.09163965662604173
density-m-pg250-draw43,density,m-pg250,raw/density-m-pg250-draw43/measurements.json,student_topk,1e-05,0.037174317244051326
density-m-pg250-draw43,density,m-pg250,raw/density-m-pg250-draw43/measurements.json,topk_intersection,0.0,0.1917761821499373
density-m-pg250-draw43,density,m-pg250,raw/density-m-pg250-draw43/measurements.json,topk_intersection,1e-08,0.19120468714755967
density-m-pg250-draw43,density,m-pg250,raw/density-m-pg250-draw43/measurements.json,topk_intersection,1e-07,0.17067835118857383
density-m-pg250-draw43,density,m-pg250,raw/density-m-pg250-draw43/measurements.json,topk_intersection,1e-06,0.09162251119476934
density-m-pg250-draw43,density,m-pg250,raw/density-m-pg250-draw43/measurements.json,topk_intersection,1e-05,0.03716443682602995
density-m-pg250-draw43,density,m-pg250,raw/density-m-pg250-draw43/measurements.json,teacher_topk,0.0,0.19177048637954852
density-m-pg250-draw43,density,m-pg250,raw/density-m-pg250-draw43/measurements.json,teacher_topk,1e-08,0.1911984682962168
density-m-pg250-draw43,density,m-pg250,raw/density-m-pg250-draw43/measurements.json,teacher_topk,1e-07,0.17067329473935114
density-m-pg250-draw43,density,m-pg250,raw/density-m-pg250-draw43/measurements.json,teacher_topk,1e-06,0.0916172222651226
density-m-pg250-draw43,density,m-pg250,raw/density-m-pg250-draw43/measurements.json,teacher_topk,1e-05,0.037163158183697774
density-m-pg250-draw43,density,m-pg250,raw/density-m-pg250-draw43/measurements.json,full_vocab,0.0,0.19182343379612188
density-m-pg250-draw43,density,m-pg250,raw/density-m-pg250-draw43/measurements.json,full_vocab,1e-08,0.1912507763916241
density-m-pg250-draw43,density,m-pg250,raw/density-m-pg250-draw43/measurements.json,full_vocab,1e-07,0.17072792763899874
density-m-pg250-draw43,density,m-pg250,raw/density-m-pg250-draw43/measurements.json,full_vocab,1e-06,0.09165104816681932
density-m-pg250-draw43,density,m-pg250,raw/density-m-pg250-draw43/measurements.json,full_vocab,1e-05,0.037178036930835844
density-m-pg250-draw43,density,m-pg250,raw/density-m-pg250-draw43/measurements.json,sampled_pg_draw1,0.0,0.19147773540558571
density-m-pg250-draw43,density,m-pg250,raw/density-m-pg250-draw43/measurements.json,sampled_pg_draw1,1e-08,0.19090589168257205
density-m-pg250-draw43,density,m-pg250,raw/density-m-pg250-draw43/measurements.json,sampled_pg_draw1,1e-07,0.1703114389593447
density-m-pg250-draw43,density,m-pg250,raw/density-m-pg250-draw43/measurements.json,sampled_pg_draw1,1e-06,0.09139996930886435
density-m-pg250-draw43,density,m-pg250,raw/density-m-pg250-draw43/measurements.json,sampled_pg_draw1,1e-05,0.0370377349949323
density-m-pg250-draw43,density,m-pg250,raw/density-m-pg250-draw43/measurements.json,sampled_pg_draw2,0.0,0.19169737128619033
density-m-pg250-draw43,density,m-pg250,raw/density-m-pg250-draw43/measurements.json,sampled_pg_draw2,1e-08,0.19112285403830026
density-m-pg250-draw43,density,m-pg250,raw/density-m-pg250-draw43/measurements.json,sampled_pg_draw2,1e-07,0.1705997146851449
density-m-pg250-draw43,density,m-pg250,raw/density-m-pg250-draw43/measurements.json,sampled_pg_draw2,1e-06,0.0915691569374539
density-m-pg250-draw43,density,m-pg250,raw/density-m-pg250-draw43/measurements.json,sampled_pg_draw2,1e-05,0.03712067238620585
density-m-pg250-draw43,density,m-pg250,raw/density-m-pg250-draw43/measurements.json,sampled_pg_draw3,0.0,0.19132778553208482
density-m-pg250-draw43,density,m-pg250,raw/density-m-pg250-draw43/measurements.json,sampled_pg_draw3,1e-08,0.19075710421119133
density-m-pg250-draw43,density,m-pg250,raw/density-m-pg250-draw43/measurements.json,sampled_pg_draw3,1e-07,0.1702029868415336
density-m-pg250-draw43,density,m-pg250,raw/density-m-pg250-draw43/measurements.json,sampled_pg_draw3,1e-06,0.09136416732356335
density-m-pg250-draw43,density,m-pg250,raw/density-m-pg250-draw43/measurements.json,sampled_pg_draw3,1e-05,0.03704488376797129
density-m-pg250-draw44,density,m-pg250,raw/density-m-pg250-draw44/measurements.json,zero_gradient,0.0,0.18186612287449658
density-m-pg250-draw44,density,m-pg250,raw/density-m-pg250-draw44/measurements.json,zero_gradient,1e-08,0.18126829946409728
density-m-pg250-draw44,density,m-pg250,raw/density-m-pg250-draw44/measurements.json,zero_gradient,1e-07,0.16017784975619684
density-m-pg250-draw44,density,m-pg250,raw/density-m-pg250-draw44/measurements.json,zero_gradient,1e-06,0.08622669867308357
density-m-pg250-draw44,density,m-pg250,raw/density-m-pg250-draw44/measurements.json,zero_gradient,1e-05,0.03515034267242533
density-m-pg250-draw44,density,m-pg250,raw/density-m-pg250-draw44/measurements.json,sampled_pg,0.0,0.19061424499062343
density-m-pg250-draw44,density,m-pg250,raw/density-m-pg250-draw44/measurements.json,sampled_pg,1e-08,0.19004216878718572
density-m-pg250-draw44,density,m-pg250,raw/density-m-pg250-draw44/measurements.json,sampled_pg,1e-07,0.1693940712061129
density-m-pg250-draw44,density,m-pg250,raw/density-m-pg250-draw44/measurements.json,sampled_pg,1e-06,0.09092135023588765
density-m-pg250-draw44,density,m-pg250,raw/density-m-pg250-draw44/measurements.json,sampled_pg,1e-05,0.03684210271810904
density-m-pg250-draw44,density,m-pg250,raw/density-m-pg250-draw44/measurements.json,student_topk,0.0,0.19164878287756756
density-m-pg250-draw44,density,m-pg250,raw/density-m-pg250-draw44/measurements.json,student_topk,1e-08,0.19108472724875897
density-m-pg250-draw44,density,m-pg250,raw/density-m-pg250-draw44/measurements.json,student_topk,1e-07,0.17049614465623847
density-m-pg250-draw44,density,m-pg250,raw/density-m-pg250-draw44/measurements.json,student_topk,1e-06,0.09147540920646285
density-m-pg250-draw44,density,m-pg250,raw/density-m-pg250-draw44/measurements.json,student_topk,1e-05,0.03700501337524974
density-m-pg250-draw44,density,m-pg250,raw/density-m-pg250-draw44/measurements.json,topk_intersection,0.0,0.19136230887505365
density-m-pg250-draw44,density,m-pg250,raw/density-m-pg250-draw44/measurements.json,topk_intersection,1e-08,0.1907971489642309
density-m-pg250-draw44,density,m-pg250,raw/density-m-pg250-draw44/measurements.json,topk_intersection,1e-07,0.17020327744206365
density-m-pg250-draw44,density,m-pg250,raw/density-m-pg250-draw44/measurements.json,topk_intersection,1e-06,0.09131238230911014
density-m-pg250-draw44,density,m-pg250,raw/density-m-pg250-draw44/measurements.json,topk_intersection,1e-05,0.0369530540004785
density-m-pg250-draw44,density,m-pg250,raw/density-m-pg250-draw44/measurements.json,teacher_topk,0.0,0.19112564380338865
density-m-pg250-draw44,density,m-pg250,raw/density-m-pg250-draw44/measurements.json,teacher_topk,1e-08,0.19055932149044577
density-m-pg250-draw44,density,m-pg250,raw/density-m-pg250-draw44/measurements.json,teacher_topk,1e-07,0.16995434902803097
density-m-pg250-draw44,density,m-pg250,raw/density-m-pg250-draw44/measurements.json,teacher_topk,1e-06,0.0911850992769524
density-m-pg250-draw44,density,m-pg250,raw/density-m-pg250-draw44/measurements.json,teacher_topk,1e-05,0.036907197236838114
density-m-pg250-draw44,density,m-pg250,raw/density-m-pg250-draw44/measurements.json,full_vocab,0.0,0.19175264350700402
density-m-pg250-draw44,density,m-pg250,raw/density-m-pg250-draw44/measurements.json,full_vocab,1e-08,0.19119137764328384
density-m-pg250-draw44,density,m-pg250,raw/density-m-pg250-draw44/measurements.json,full_vocab,1e-07,0.17060134204811309
density-m-pg250-draw44,density,m-pg250,raw/density-m-pg250-draw44/measurements.json,full_vocab,1e-06,0.09153073954738257
density-m-pg250-draw44,density,m-pg250,raw/density-m-pg250-draw44/measurements.json,full_vocab,1e-05,0.03702523917214056
density-m-pg250-draw44,density,m-pg250,raw/density-m-pg250-draw44/measurements.json,sampled_pg_draw1,0.0,0.1894162733655845
density-m-pg250-draw44,density,m-pg250,raw/density-m-pg250-draw44/measurements.json,sampled_pg_draw1,1e-08,0.18883513042560954
density-m-pg250-draw44,density,m-pg250,raw/density-m-pg250-draw44/measurements.json,sampled_pg_draw1,1e-07,0.168138735036444
density-m-pg250-draw44,density,m-pg250,raw/density-m-pg250-draw44/measurements.json,sampled_pg_draw1,1e-06,0.09024855188873793
density-m-pg250-draw44,density,m-pg250,raw/density-m-pg250-draw44/measurements.json,sampled_pg_draw1,1e-05,0.036591488821002126
density-m-pg250-draw44,density,m-pg250,raw/density-m-pg250-draw44/measurements.json,sampled_pg_draw2,0.0,0.19225183709750757
density-m-pg250-draw44,density,m-pg250,raw/density-m-pg250-draw44/measurements.json,sampled_pg_draw2,1e-08,0.19168464298297455
density-m-pg250-draw44,density,m-pg250,raw/density-m-pg250-draw44/measurements.json,sampled_pg_draw2,1e-07,0.17117155840815856
density-m-pg250-draw44,density,m-pg250,raw/density-m-pg250-draw44/measurements.json,sampled_pg_draw2,1e-06,0.09171869997021274
density-m-pg250-draw44,density,m-pg250,raw/density-m-pg250-draw44/measurements.json,sampled_pg_draw2,1e-05,0.037088125126841315
density-m-pg250-draw44,density,m-pg250,raw/density-m-pg250-draw44/measurements.json,sampled_pg_draw3,0.0,0.19070642347875225
density-m-pg250-draw44,density,m-pg250,raw/density-m-pg250-draw44/measurements.json,sampled_pg_draw3,1e-08,0.19012998826736394
density-m-pg250-draw44,density,m-pg250,raw/density-m-pg250-draw44/measurements.json,sampled_pg_draw3,1e-07,0.169516762749896
density-m-pg250-draw44,density,m-pg250,raw/density-m-pg250-draw44/measurements.json,sampled_pg_draw3,1e-06,0.09100736799277964
density-m-pg250-draw44,density,m-pg250,raw/density-m-pg250-draw44/measurements.json,sampled_pg_draw3,1e-05,0.03688912188386959
density-m-pg250-draw45,density,m-pg250,raw/density-m-pg250-draw45/measurements.json,zero_gradient,0.0,0.18186612287449658
density-m-pg250-draw45,density,m-pg250,raw/density-m-pg250-draw45/measurements.json,zero_gradient,1e-08,0.18126829946409728
density-m-pg250-draw45,density,m-pg250,raw/density-m-pg250-draw45/measurements.json,zero_gradient,1e-07,0.16017784975619684
density-m-pg250-draw45,density,m-pg250,raw/density-m-pg250-draw45/measurements.json,zero_gradient,1e-06,0.08622669867308357
density-m-pg250-draw45,density,m-pg250,raw/density-m-pg250-draw45/measurements.json,zero_gradient,1e-05,0.03515034267242533
density-m-pg250-draw45,density,m-pg250,raw/density-m-pg250-draw45/measurements.json,sampled_pg,0.0,0.18871249700193243
density-m-pg250-draw45,density,m-pg250,raw/density-m-pg250-draw45/measurements.json,sampled_pg,1e-08,0.18812978481909526
density-m-pg250-draw45,density,m-pg250,raw/density-m-pg250-draw45/measurements.json,sampled_pg,1e-07,0.16736841115141268
density-m-pg250-draw45,density,m-pg250,raw/density-m-pg250-draw45/measurements.json,sampled_pg,1e-06,0.08986792331449088
density-m-pg250-draw45,density,m-pg250,raw/density-m-pg250-draw45/measurements.json,sampled_pg,1e-05,0.03645508093220112
density-m-pg250-draw45,density,m-pg250,raw/density-m-pg250-draw45/measurements.json,student_topk,0.0,0.1900479226776805
density-m-pg250-draw45,density,m-pg250,raw/density-m-pg250-draw45/measurements.json,student_topk,1e-08,0.18947096438533811
density-m-pg250-draw45,density,m-pg250,raw/density-m-pg250-draw45/measurements.json,student_topk,1e-07,0.1688154855508023
density-m-pg250-draw45,density,m-pg250,raw/density-m-pg250-draw45/measurements.json,student_topk,1e-06,0.09062319409206611
density-m-pg250-draw45,density,m-pg250,raw/density-m-pg250-draw45/measurements.json,student_topk,1e-05,0.03678566809517518
density-m-pg250-draw45,density,m-pg250,raw/density-m-pg250-draw45/measurements.json,topk_intersection,0.0,0.1900449004321681
density-m-pg250-draw45,density,m-pg250,raw/density-m-pg250-draw45/measurements.json,topk_intersection,1e-08,0.18946625665675149
density-m-pg250-draw45,density,m-pg250,raw/density-m-pg250-draw45/measurements.json,topk_intersection,1e-07,0.16880636069415902
density-m-pg250-draw45,density,m-pg250,raw/density-m-pg250-draw45/measurements.json,topk_intersection,1e-06,0.09060645550153579
density-m-pg250-draw45,density,m-pg250,raw/density-m-pg250-draw45/measurements.json,topk_intersection,1e-05,0.03676951070570493
density-m-pg250-draw45,density,m-pg250,raw/density-m-pg250-draw45/measurements.json,teacher_topk,0.0,0.19014451829386597
density-m-pg250-draw45,density,m-pg250,raw/density-m-pg250-draw45/measurements.json,teacher_topk,1e-08,0.18956744376131157
density-m-pg250-draw45,density,m-pg250,raw/density-m-pg250-draw45/measurements.json,teacher_topk,1e-07,0.16891399913048602
density-m-pg250-draw45,density,m-pg250,raw/density-m-pg250-draw45/measurements.json,teacher_topk,1e-06,0.09065760119482291
density-m-pg250-draw45,density,m-pg250,raw/density-m-pg250-draw45/measurements.json,teacher_topk,1e-05,0.03679642031478668
density-m-pg250-draw45,density,m-pg250,raw/density-m-pg250-draw45/measurements.json,full_vocab,0.0,0.18987065635435582
density-m-pg250-draw45,density,m-pg250,raw/density-m-pg250-draw45/measurements.json,full_vocab,1e-08,0.1892948604641336
density-m-pg250-draw45,density,m-pg250,raw/density-m-pg250-draw45/measurements.json,full_vocab,1e-07,0.16862572340468585
density-m-pg250-draw45,density,m-pg250,raw/density-m-pg250-draw45/measurements.json,full_vocab,1e-06,0.09052491299280642
density-m-pg250-draw45,density,m-pg250,raw/density-m-pg250-draw45/measurements.json,full_vocab,1e-05,0.0367463207834077
density-m-pg250-draw45,density,m-pg250,raw/density-m-pg250-draw45/measurements.json,sampled_pg_draw1,0.0,0.18818186043407853
density-m-pg250-draw45,density,m-pg250,raw/density-m-pg250-draw45/measurements.json,sampled_pg_draw1,1e-08,0.1876125158756232
density-m-pg250-draw45,density,m-pg250,raw/density-m-pg250-draw45/measurements.json,sampled_pg_draw1,1e-07,0.1668675320778349
density-m-pg250-draw45,density,m-pg250,raw/density-m-pg250-draw45/measurements.json,sampled_pg_draw1,1e-06,0.08960626659724244
density-m-pg250-draw45,density,m-pg250,raw/density-m-pg250-draw45/measurements.json,sampled_pg_draw1,1e-05,0.036381326517676844
density-m-pg250-draw45,density,m-pg250,raw/density-m-pg250-draw45/measurements.json,sampled_pg_draw2,0.0,0.19022542148142924
density-m-pg250-draw45,density,m-pg250,raw/density-m-pg250-draw45/measurements.json,sampled_pg_draw2,1e-08,0.189649334990677
density-m-pg250-draw45,density,m-pg250,raw/density-m-pg250-draw45/measurements.json,sampled_pg_draw2,1e-07,0.1690006562085441
density-m-pg250-draw45,density,m-pg250,raw/density-m-pg250-draw45/measurements.json,sampled_pg_draw2,1e-06,0.09073833002206816
density-m-pg250-draw45,density,m-pg250,raw/density-m-pg250-draw45/measurements.json,sampled_pg_draw2,1e-05,0.03683512830538807
density-m-pg250-draw45,density,m-pg250,raw/density-m-pg250-draw45/measurements.json,sampled_pg_draw3,0.0,0.18907063309515434
density-m-pg250-draw45,density,m-pg250,raw/density-m-pg250-draw45/measurements.json,sampled_pg_draw3,1e-08,0.188493791043024
density-m-pg250-draw45,density,m-pg250,raw/density-m-pg250-draw45/measurements.json,sampled_pg_draw3,1e-07,0.16781349492322267
density-m-pg250-draw45,density,m-pg250,raw/density-m-pg250-draw45/measurements.json,sampled_pg_draw3,1e-06,0.0901364963243543
density-m-pg250-draw45,density,m-pg250,raw/density-m-pg250-draw45/measurements.json,sampled_pg_draw3,1e-05,0.036635601981462276
density-s-pg250-draw42,density,s-pg250,raw/density-s-pg250-draw42/measurements.json,zero_gradient,0.0,0.2180089825972222
density-s-pg250-draw42,density,s-pg250,raw/density-s-pg250-draw42/measurements.json,zero_gradient,1e-08,0.21750821976385645
density-s-pg250-draw42,density,s-pg250,raw/density-s-pg250-draw42/measurements.json,zero_gradient,1e-07,0.20001034816863453
density-s-pg250-draw42,density,s-pg250,raw/density-s-pg250-draw42/measurements.json,zero_gradient,1e-06,0.11092803432705509
density-s-pg250-draw42,density,s-pg250,raw/density-s-pg250-draw42/measurements.json,zero_gradient,1e-05,0.04991430260113234
density-s-pg250-draw42,density,s-pg250,raw/density-s-pg250-draw42/measurements.json,sampled_pg,0.0,0.2217104196684539
density-s-pg250-draw42,density,s-pg250,raw/density-s-pg250-draw42/measurements.json,sampled_pg,1e-08,0.22120919187424004
density-s-pg250-draw42,density,s-pg250,raw/density-s-pg250-draw42/measurements.json,sampled_pg,1e-07,0.20393072367919873
density-s-pg250-draw42,density,s-pg250,raw/density-s-pg250-draw42/measurements.json,sampled_pg,1e-06,0.1130396540185413
density-s-pg250-draw42,density,s-pg250,raw/density-s-pg250-draw42/measurements.json,sampled_pg,1e-05,0.050746175678426236
density-s-pg250-draw42,density,s-pg250,raw/density-s-pg250-draw42/measurements.json,student_topk,0.0,0.22166125005877105
density-s-pg250-draw42,density,s-pg250,raw/density-s-pg250-draw42/measurements.json,student_topk,1e-08,0.2211619983481615
density-s-pg250-draw42,density,s-pg250,raw/density-s-pg250-draw42/measurements.json,student_topk,1e-07,0.20388050790760776
density-s-pg250-draw42,density,s-pg250,raw/density-s-pg250-draw42/measurements.json,student_topk,1e-06,0.11300978028405313
density-s-pg250-draw42,density,s-pg250,raw/density-s-pg250-draw42/measurements.json,student_topk,1e-05,0.05072897212704784
density-s-pg250-draw42,density,s-pg250,raw/density-s-pg250-draw42/measurements.json,topk_intersection,0.0,0.22166810823128
density-s-pg250-draw42,density,s-pg250,raw/density-s-pg250-draw42/measurements.json,topk_intersection,1e-08,0.2211679265989743
density-s-pg250-draw42,density,s-pg250,raw/density-s-pg250-draw42/measurements.json,topk_intersection,1e-07,0.20388277459174206
density-s-pg250-draw42,density,s-pg250,raw/density-s-pg250-draw42/measurements.json,topk_intersection,1e-06,0.11301472049306382
density-s-pg250-draw42,density,s-pg250,raw/density-s-pg250-draw42/measurements.json,topk_intersection,1e-05,0.05073292429425639
density-s-pg250-draw42,density,s-pg250,raw/density-s-pg250-draw42/measurements.json,teacher_topk,0.0,0.22167461768315289
density-s-pg250-draw42,density,s-pg250,raw/density-s-pg250-draw42/measurements.json,teacher_topk,1e-08,0.22117379672968113
density-s-pg250-draw42,density,s-pg250,raw/density-s-pg250-draw42/measurements.json,teacher_topk,1e-07,0.20389091140658322
density-s-pg250-draw42,density,s-pg250,raw/density-s-pg250-draw42/measurements.json,teacher_topk,1e-06,0.11302012566292259
density-s-pg250-draw42,density,s-pg250,raw/density-s-pg250-draw42/measurements.json,teacher_topk,1e-05,0.05073495849796667
density-s-pg250-draw42,density,s-pg250,raw/density-s-pg250-draw42/measurements.json,full_vocab,0.0,0.22166665522862983
density-s-pg250-draw42,density,s-pg250,raw/density-s-pg250-draw42/measurements.json,full_vocab,1e-08,0.22116664795664215
density-s-pg250-draw42,density,s-pg250,raw/density-s-pg250-draw42/measurements.json,full_vocab,1e-07,0.20388335579280215
density-s-pg250-draw42,density,s-pg250,raw/density-s-pg250-draw42/measurements.json,full_vocab,1e-06,0.11301559229465394
density-s-pg250-draw42,density,s-pg250,raw/density-s-pg250-draw42/measurements.json,full_vocab,1e-05,0.050732866174150376
density-s-pg250-draw42,density,s-pg250,raw/density-s-pg250-draw42/measurements.json,sampled_pg_draw1,0.0,0.22164689439258706
density-s-pg250-draw42,density,s-pg250,raw/density-s-pg250-draw42/measurements.json,sampled_pg_draw1,1e-08,0.22114700336081142
density-s-pg250-draw42,density,s-pg250,raw/density-s-pg250-draw42/measurements.json,sampled_pg_draw1,1e-07,0.2038659197609997
density-s-pg250-draw42,density,s-pg250,raw/density-s-pg250-draw42/measurements.json,sampled_pg_draw1,1e-06,0.11300542127610252
density-s-pg250-draw42,density,s-pg250,raw/density-s-pg250-draw42/measurements.json,sampled_pg_draw1,1e-05,0.05072908836725985
density-s-pg250-draw42,density,s-pg250,raw/density-s-pg250-draw42/measurements.json,sampled_pg_draw2,0.0,0.2216470687529051
density-s-pg250-draw42,density,s-pg250,raw/density-s-pg250-draw42/measurements.json,sampled_pg_draw2,1e-08,0.22114717772112943
density-s-pg250-draw42,density,s-pg250,raw/density-s-pg250-draw42/measurements.json,sampled_pg_draw2,1e-07,0.20386266503506328
density-s-pg250-draw42,density,s-pg250,raw/density-s-pg250-draw42/measurements.json,sampled_pg_draw2,1e-06,0.11300385203324032
density-s-pg250-draw42,density,s-pg250,raw/density-s-pg250-draw42/measurements.json,sampled_pg_draw2,1e-05,0.05072775160482166
density-s-pg250-draw42,density,s-pg250,raw/density-s-pg250-draw42/measurements.json,sampled_pg_draw3,0.0,0.22163114384385887
density-s-pg250-draw42,density,s-pg250,raw/density-s-pg250-draw42/measurements.json,sampled_pg_draw3,1e-08,0.22113189213324927
density-s-pg250-draw42,density,s-pg250,raw/density-s-pg250-draw42/measurements.json,sampled_pg_draw3,1e-07,0.20384819312866723
density-s-pg250-draw42,density,s-pg250,raw/density-s-pg250-draw42/measurements.json,sampled_pg_draw3,1e-06,0.11299344853426486
density-s-pg250-draw42,density,s-pg250,raw/density-s-pg250-draw42/measurements.json,sampled_pg_draw3,1e-05,0.05072252079528094
density-s-pg250-draw43,density,s-pg250,raw/density-s-pg250-draw43/measurements.json,zero_gradient,0.0,0.2180089825972222
density-s-pg250-draw43,density,s-pg250,raw/density-s-pg250-draw43/measurements.json,zero_gradient,1e-08,0.21750821976385645
density-s-pg250-draw43,density,s-pg250,raw/density-s-pg250-draw43/measurements.json,zero_gradient,1e-07,0.20001034816863453
density-s-pg250-draw43,density,s-pg250,raw/density-s-pg250-draw43/measurements.json,zero_gradient,1e-06,0.11092803432705509
density-s-pg250-draw43,density,s-pg250,raw/density-s-pg250-draw43/measurements.json,zero_gradient,1e-05,0.04991430260113234
density-s-pg250-draw43,density,s-pg250,raw/density-s-pg250-draw43/measurements.json,sampled_pg,0.0,0.22426973853652046
density-s-pg250-draw43,density,s-pg250,raw/density-s-pg250-draw43/measurements.json,sampled_pg,1e-08,0.2237817621264765
density-s-pg250-draw43,density,s-pg250,raw/density-s-pg250-draw43/measurements.json,sampled_pg,1e-07,0.20664621127210908
density-s-pg250-draw43,density,s-pg250,raw/density-s-pg250-draw43/measurements.json,sampled_pg,1e-06,0.11448928570259526
density-s-pg250-draw43,density,s-pg250,raw/density-s-pg250-draw43/measurements.json,sampled_pg,1e-05,0.051347253814761976
density-s-pg250-draw43,density,s-pg250,raw/density-s-pg250-draw43/measurements.json,student_topk,0.0,0.22388422787336876
density-s-pg250-draw43,density,s-pg250,raw/density-s-pg250-draw43/measurements.json,student_topk,1e-08,0.2233964258236428
density-s-pg250-draw43,density,s-pg250,raw/density-s-pg250-draw43/measurements.json,student_topk,1e-07,0.20623193115648333
density-s-pg250-draw43,density,s-pg250,raw/density-s-pg250-draw43/measurements.json,student_topk,1e-06,0.11430533556707964
density-s-pg250-draw43,density,s-pg250,raw/density-s-pg250-draw43/measurements.json,student_topk,1e-05,0.05128599522302944
density-s-pg250-draw43,density,s-pg250,raw/density-s-pg250-draw43/measurements.json,topk_intersection,0.0,0.2238780090220259
density-s-pg250-draw43,density,s-pg250,raw/density-s-pg250-draw43/measurements.json,topk_intersection,1e-08,0.2233898001315579
density-s-pg250-draw43,density,s-pg250,raw/density-s-pg250-draw43/measurements.json,topk_intersection,1e-07,0.20622228321888603
density-s-pg250-draw43,density,s-pg250,raw/density-s-pg250-draw43/measurements.json,topk_intersection,1e-06,0.11430446376548953
density-s-pg250-draw43,density,s-pg250,raw/density-s-pg250-draw43/measurements.json,topk_intersection,1e-05,0.05128884310822385
density-s-pg250-draw43,density,s-pg250,raw/density-s-pg250-draw43/measurements.json,teacher_topk,0.0,0.22388910996227343
density-s-pg250-draw43,density,s-pg250,raw/density-s-pg250-draw43/measurements.json,teacher_topk,1e-08,0.22340020363053334
density-s-pg250-draw43,density,s-pg250,raw/density-s-pg250-draw43/measurements.json,teacher_topk,1e-07,0.20623431408082968
density-s-pg250-draw43,density,s-pg250,raw/density-s-pg250-draw43/measurements.json,teacher_topk,1e-06,0.11430673044962383
density-s-pg250-draw43,density,s-pg250,raw/density-s-pg250-draw43/measurements.json,teacher_topk,1e-05,0.05128977302991997
density-s-pg250-draw43,density,s-pg250,raw/density-s-pg250-draw43/measurements.json,full_vocab,0.0,0.22388004322573618
density-s-pg250-draw43,density,s-pg250,raw/density-s-pg250-draw43/measurements.json,full_vocab,1e-08,0.22339131125431408
density-s-pg250-draw43,density,s-pg250,raw/density-s-pg250-draw43/measurements.json,full_vocab,1e-07,0.2062251311040804
density-s-pg250-draw43,density,s-pg250,raw/density-s-pg250-draw43/measurements.json,full_vocab,1e-06,0.11429679191149644
density-s-pg250-draw43,density,s-pg250,raw/density-s-pg250-draw43/measurements.json,full_vocab,1e-05,0.05128715762514961
density-s-pg250-draw43,density,s-pg250,raw/density-s-pg250-draw43/measurements.json,sampled_pg_draw1,0.0,0.22426410088623772
density-s-pg250-draw43,density,s-pg250,raw/density-s-pg250-draw43/measurements.json,sampled_pg_draw1,1e-08,0.2237758338756637
density-s-pg250-draw43,density,s-pg250,raw/density-s-pg250-draw43/measurements.json,sampled_pg_draw1,1e-07,0.20664022490119024
density-s-pg250-draw43,density,s-pg250,raw/density-s-pg250-draw43/measurements.json,sampled_pg_draw1,1e-06,0.11448690277824894
density-s-pg250-draw43,density,s-pg250,raw/density-s-pg250-draw43/measurements.json,sampled_pg_draw1,1e-05,0.051342604206281325
density-s-pg250-draw43,density,s-pg250,raw/density-s-pg250-draw43/measurements.json,sampled_pg_draw2,0.0,0.22353312431297387
density-s-pg250-draw43,density,s-pg250,raw/density-s-pg250-draw43/measurements.json,sampled_pg_draw2,1e-08,0.22303985897328313
density-s-pg250-draw43,density,s-pg250,raw/density-s-pg250-draw43/measurements.json,sampled_pg_draw2,1e-07,0.2058506051409642
density-s-pg250-draw43,density,s-pg250,raw/density-s-pg250-draw43/measurements.json,sampled_pg_draw2,1e-06,0.11410034595318909
density-s-pg250-draw43,density,s-pg250,raw/density-s-pg250-draw43/measurements.json,sampled_pg_draw2,1e-05,0.05120730059949448
density-s-pg250-draw43,density,s-pg250,raw/density-s-pg250-draw43/measurements.json,sampled_pg_draw3,0.0,0.2243468057970872
density-s-pg250-draw43,density,s-pg250,raw/density-s-pg250-draw43/measurements.json,sampled_pg_draw3,1e-08,0.22385911998757327
density-s-pg250-draw43,density,s-pg250,raw/density-s-pg250-draw43/measurements.json,sampled_pg_draw3,1e-07,0.2067116545114742
density-s-pg250-draw43,density,s-pg250,raw/density-s-pg250-draw43/measurements.json,sampled_pg_draw3,1e-06,0.11453136465934513
density-s-pg250-draw43,density,s-pg250,raw/density-s-pg250-draw43/measurements.json,sampled_pg_draw3,1e-05,0.051386833606953494
density-s-pg250-draw44,density,s-pg250,raw/density-s-pg250-draw44/measurements.json,zero_gradient,0.0,0.2180089825972222
density-s-pg250-draw44,density,s-pg250,raw/density-s-pg250-draw44/measurements.json,zero_gradient,1e-08,0.21750821976385645
density-s-pg250-draw44,density,s-pg250,raw/density-s-pg250-draw44/measurements.json,zero_gradient,1e-07,0.20001034816863453
density-s-pg250-draw44,density,s-pg250,raw/density-s-pg250-draw44/measurements.json,zero_gradient,1e-06,0.11092803432705509
density-s-pg250-draw44,density,s-pg250,raw/density-s-pg250-draw44/measurements.json,zero_gradient,1e-05,0.04991430260113234
density-s-pg250-draw44,density,s-pg250,raw/density-s-pg250-draw44/measurements.json,sampled_pg,0.0,0.22489615703907576
density-s-pg250-draw44,density,s-pg250,raw/density-s-pg250-draw44/measurements.json,sampled_pg,1e-08,0.22440794814860776
density-s-pg250-draw44,density,s-pg250,raw/density-s-pg250-draw44/measurements.json,sampled_pg,1e-07,0.20727495457890469
density-s-pg250-draw44,density,s-pg250,raw/density-s-pg250-draw44/measurements.json,sampled_pg,1e-06,0.11486206806253121
density-s-pg250-draw44,density,s-pg250,raw/density-s-pg250-draw44/measurements.json,sampled_pg,1e-05,0.05148511470621319
density-s-pg250-draw44,density,s-pg250,raw/density-s-pg250-draw44/measurements.json,student_topk,0.0,0.22591238709262734
density-s-pg250-draw44,density,s-pg250,raw/density-s-pg250-draw44/measurements.json,student_topk,1e-08,0.22542330640056918
density-s-pg250-draw44,density,s-pg250,raw/density-s-pg250-draw44/measurements.json,student_topk,1e-07,0.20835407058715705
density-s-pg250-draw44,density,s-pg250,raw/density-s-pg250-draw44/measurements.json,student_topk,1e-06,0.11543734087179937
density-s-pg250-draw44,density,s-pg250,raw/density-s-pg250-draw44/measurements.json,student_topk,1e-05,0.05174793382558181
density-s-pg250-draw44,density,s-pg250,raw/density-s-pg250-draw44/measurements.json,topk_intersection,0.0,0.22553664060728498
density-s-pg250-draw44,density,s-pg250,raw/density-s-pg250-draw44/measurements.json,topk_intersection,1e-08,0.2250422128654741
density-s-pg250-draw44,density,s-pg250,raw/density-s-pg250-draw44/measurements.json,topk_intersection,1e-07,0.20794792728637243
density-s-pg250-draw44,density,s-pg250,raw/density-s-pg250-draw44/measurements.json,topk_intersection,1e-06,0.11520962629645963
density-s-pg250-draw44,density,s-pg250,raw/density-s-pg250-draw44/measurements.json,topk_intersection,1e-05,0.051647211681869774
density-s-pg250-draw44,density,s-pg250,raw/density-s-pg250-draw44/measurements.json,teacher_topk,0.0,0.22555721512481186
density-s-pg250-draw44,density,s-pg250,raw/density-s-pg250-draw44/measurements.json,teacher_topk,1e-08,0.22506243866236494
density-s-pg250-draw44,density,s-pg250,raw/density-s-pg250-draw44/measurements.json,teacher_topk,1e-07,0.2079671650414611
density-s-pg250-draw44,density,s-pg250,raw/density-s-pg250-draw44/measurements.json,teacher_topk,1e-06,0.11521782123140678
density-s-pg250-draw44,density,s-pg250,raw/density-s-pg250-draw44/measurements.json,teacher_topk,1e-05,0.051652442491410495
density-s-pg250-draw44,density,s-pg250,raw/density-s-pg250-draw44/measurements.json,full_vocab,0.0,0.2260065997844665
density-s-pg250-draw44,density,s-pg250,raw/density-s-pg250-draw44/measurements.json,full_vocab,1e-08,0.2255117070818075
density-s-pg250-draw44,density,s-pg250,raw/density-s-pg250-draw44/measurements.json,full_vocab,1e-07,0.20845979105998574
density-s-pg250-draw44,density,s-pg250,raw/density-s-pg250-draw44/measurements.json,full_vocab,1e-06,0.1154815121523655
density-s-pg250-draw44,density,s-pg250,raw/density-s-pg250-draw44/measurements.json,full_vocab,1e-05,0.05177862124155408
density-s-pg250-draw44,density,s-pg250,raw/density-s-pg250-draw44/measurements.json,sampled_pg_draw1,0.0,0.2248966801200298
density-s-pg250-draw44,density,s-pg250,raw/density-s-pg250-draw44/measurements.json,sampled_pg_draw1,1e-08,0.22440823874913776
density-s-pg250-draw44,density,s-pg250,raw/density-s-pg250-draw44/measurements.json,sampled_pg_draw1,1e-07,0.20727483833869265
density-s-pg250-draw44,density,s-pg250,raw/density-s-pg250-draw44/measurements.json,sampled_pg_draw1,1e-06,0.11486433474666552
density-s-pg250-draw44,density,s-pg250,raw/density-s-pg250-draw44/measurements.json,sampled_pg_draw1,1e-05,0.05148645146865138
density-s-pg250-draw44,density,s-pg250,raw/density-s-pg250-draw44/measurements.json,sampled_pg_draw2,0.0,0.22490371265285683
density-s-pg250-draw44,density,s-pg250,raw/density-s-pg250-draw44/measurements.json,sampled_pg_draw2,1e-08,0.22441573624281283
density-s-pg250-draw44,density,s-pg250,raw/density-s-pg250-draw44/measurements.json,sampled_pg_draw2,1e-07,0.20728262643289774
density-s-pg250-draw44,density,s-pg250,raw/density-s-pg250-draw44/measurements.json,sampled_pg_draw2,1e-06,0.11486741511228396
density-s-pg250-draw44,density,s-pg250,raw/density-s-pg250-draw44/measurements.json,sampled_pg_draw2,1e-05,0.051487671990877545
density-s-pg250-draw44,density,s-pg250,raw/density-s-pg250-draw44/measurements.json,sampled_pg_draw3,0.0,0.22490138784861646
density-s-pg250-draw44,density,s-pg250,raw/density-s-pg250-draw44/measurements.json,sampled_pg_draw3,1e-08,0.22441294647772442
density-s-pg250-draw44,density,s-pg250,raw/density-s-pg250-draw44/measurements.json,sampled_pg_draw3,1e-07,0.20727844178526517
density-s-pg250-draw44,density,s-pg250,raw/density-s-pg250-draw44/measurements.json,sampled_pg_draw3,1e-06,0.11486642707048181
density-s-pg250-draw44,density,s-pg250,raw/density-s-pg250-draw44/measurements.json,sampled_pg_draw3,1e-05,0.05148836943214964
density-s-pg250-draw45,density,s-pg250,raw/density-s-pg250-draw45/measurements.json,zero_gradient,0.0,0.2180089825972222
density-s-pg250-draw45,density,s-pg250,raw/density-s-pg250-draw45/measurements.json,zero_gradient,1e-08,0.21750821976385645
density-s-pg250-draw45,density,s-pg250,raw/density-s-pg250-draw45/measurements.json,zero_gradient,1e-07,0.20001034816863453
density-s-pg250-draw45,density,s-pg250,raw/density-s-pg250-draw45/measurements.json,zero_gradient,1e-06,0.11092803432705509
density-s-pg250-draw45,density,s-pg250,raw/density-s-pg250-draw45/measurements.json,zero_gradient,1e-05,0.04991430260113234
density-s-pg250-draw45,density,s-pg250,raw/density-s-pg250-draw45/measurements.json,sampled_pg,0.0,0.22155762190975864
density-s-pg250-draw45,density,s-pg250,raw/density-s-pg250-draw45/measurements.json,sampled_pg,1e-08,0.22106424032985586
density-s-pg250-draw45,density,s-pg250,raw/density-s-pg250-draw45/measurements.json,sampled_pg,1e-07,0.20373968289075012
density-s-pg250-draw45,density,s-pg250,raw/density-s-pg250-draw45/measurements.json,sampled_pg,1e-06,0.11299722634115537
density-s-pg250-draw45,density,s-pg250,raw/density-s-pg250-draw45/measurements.json,sampled_pg,1e-05,0.0507868597526319
density-s-pg250-draw45,density,s-pg250,raw/density-s-pg250-draw45/measurements.json,student_topk,0.0,0.22425788203489483
density-s-pg250-draw45,density,s-pg250,raw/density-s-pg250-draw45/measurements.json,student_topk,1e-08,0.2237650816560522
density-s-pg250-draw45,density,s-pg250,raw/density-s-pg250-draw45/measurements.json,student_topk,1e-07,0.20658576636186066
density-s-pg250-draw45,density,s-pg250,raw/density-s-pg250-draw45/measurements.json,student_topk,1e-06,0.11459454121457593
density-s-pg250-draw45,density,s-pg250,raw/density-s-pg250-draw45/measurements.json,student_topk,1e-05,0.051513070477203084
density-s-pg250-draw45,density,s-pg250,raw/density-s-pg250-draw45/measurements.json,topk_intersection,0.0,0.22415663681022874
density-s-pg250-draw45,density,s-pg250,raw/density-s-pg250-draw45/measurements.json,topk_intersection,1e-08,0.22366505695361225
density-s-pg250-draw45,density,s-pg250,raw/density-s-pg250-draw45/measurements.json,topk_intersection,1e-07,0.20648225445306026
density-s-pg250-draw45,density,s-pg250,raw/density-s-pg250-draw45/measurements.json,topk_intersection,1e-06,0.11453769975090002
density-s-pg250-draw45,density,s-pg250,raw/density-s-pg250-draw45/measurements.json,topk_intersection,1e-05,0.05148796259140759
density-s-pg250-draw45,density,s-pg250,raw/density-s-pg250-draw45/measurements.json,teacher_topk,0.0,0.22415047607899186
density-s-pg250-draw45,density,s-pg250,raw/density-s-pg250-draw45/measurements.json,teacher_topk,1e-08,0.2236598261440715
density-s-pg250-draw45,density,s-pg250,raw/density-s-pg250-draw45/measurements.json,teacher_topk,1e-07,0.20647464071917318
density-s-pg250-draw45,density,s-pg250,raw/density-s-pg250-draw45/measurements.json,teacher_topk,1e-06,0.1145332826228434
density-s-pg250-draw45,density,s-pg250,raw/density-s-pg250-draw45/measurements.json,teacher_topk,1e-05,0.051484126664411045
density-s-pg250-draw45,density,s-pg250,raw/density-s-pg250-draw45/measurements.json,full_vocab,0.0,0.22427148213970072
density-s-pg250-draw45,density,s-pg250,raw/density-s-pg250-draw45/measurements.json,full_vocab,1e-08,0.22378059972435632
density-s-pg250-draw45,density,s-pg250,raw/density-s-pg250-draw45/measurements.json,full_vocab,1e-07,0.20660070322910473
density-s-pg250-draw45,density,s-pg250,raw/density-s-pg250-draw45/measurements.json,full_vocab,1e-06,0.11459924894316259
density-s-pg250-draw45,density,s-pg250,raw/density-s-pg250-draw45/measurements.json,full_vocab,1e-05,0.05151469784017131
density-s-pg250-draw45,density,s-pg250,raw/density-s-pg250-draw45/measurements.json,sampled_pg_draw1,0.0,0.2230497975114105
density-s-pg250-draw45,density,s-pg250,raw/density-s-pg250-draw45/measurements.json,sampled_pg_draw1,1e-08,0.2225630997436987
density-s-pg250-draw45,density,s-pg250,raw/density-s-pg250-draw45/measurements.json,sampled_pg_draw1,1e-07,0.20533653280332262
density-s-pg250-draw45,density,s-pg250,raw/density-s-pg250-draw45/measurements.json,sampled_pg_draw1,1e-06,0.11386309968046401
density-s-pg250-draw45,density,s-pg250,raw/density-s-pg250-draw45/measurements.json,sampled_pg_draw1,1e-05,0.05117818242638442
density-s-pg250-draw45,density,s-pg250,raw/density-s-pg250-draw45/measurements.json,sampled_pg_draw2,0.0,0.22185880029909258
density-s-pg250-draw45,density,s-pg250,raw/density-s-pg250-draw45/measurements.json,sampled_pg_draw2,1e-08,0.22136262895410147
density-s-pg250-draw45,density,s-pg250,raw/density-s-pg250-draw45/measurements.json,sampled_pg_draw2,1e-07,0.20405975031453671
density-s-pg250-draw45,density,s-pg250,raw/density-s-pg250-draw45/measurements.json,sampled_pg_draw2,1e-06,0.11314694373423224
density-s-pg250-draw45,density,s-pg250,raw/density-s-pg250-draw45/measurements.json,sampled_pg_draw2,1e-05,0.050830391712031964
density-s-pg250-draw45,density,s-pg250,raw/density-s-pg250-draw45/measurements.json,sampled_pg_draw3,0.0,0.22101861604663953
density-s-pg250-draw45,density,s-pg250,raw/density-s-pg250-draw45/measurements.json,sampled_pg_draw3,1e-08,0.2205211079392102
density-s-pg250-draw45,density,s-pg250,raw/density-s-pg250-draw45/measurements.json,sampled_pg_draw3,1e-07,0.20316853660900855
density-s-pg250-draw45,density,s-pg250,raw/density-s-pg250-draw45/measurements.json,sampled_pg_draw3,1e-06,0.11264466977811027
density-s-pg250-draw45,density,s-pg250,raw/density-s-pg250-draw45/measurements.json,sampled_pg_draw3,1e-05,0.05061011651026128
density-m-i64dr250-draw42,density,m-i64dr250,raw/density-m-i64dr250-draw42/measurements.json,zero_gradient,0.0,0.24942661958138346
density-m-i64dr250-draw42,density,m-i64dr250,raw/density-m-i64dr250-draw42/measurements.json,zero_gradient,1e-08,0.24897642124024474
density-m-i64dr250-draw42,density,m-i64dr250,raw/density-m-i64dr250-draw42/measurements.json,zero_gradient,1e-07,0.22944591517760166
density-m-i64dr250-draw42,density,m-i64dr250,raw/density-m-i64dr250-draw42/measurements.json,zero_gradient,1e-06,0.12991918580594305
density-m-i64dr250-draw42,density,m-i64dr250,raw/density-m-i64dr250-draw42/measurements.json,zero_gradient,1e-05,0.062257327634178024
density-m-i64dr250-draw42,density,m-i64dr250,raw/density-m-i64dr250-draw42/measurements.json,sampled_pg,0.0,0.2607126142464599
density-m-i64dr250-draw42,density,m-i64dr250,raw/density-m-i64dr250-draw42/measurements.json,sampled_pg,1e-08,0.26028229298157596
density-m-i64dr250-draw42,density,m-i64dr250,raw/density-m-i64dr250-draw42/measurements.json,sampled_pg,1e-07,0.2413253742451268
density-m-i64dr250-draw42,density,m-i64dr250,raw/density-m-i64dr250-draw42/measurements.json,sampled_pg,1e-06,0.13660189371486012
density-m-i64dr250-draw42,density,m-i64dr250,raw/density-m-i64dr250-draw42/measurements.json,sampled_pg,1e-05,0.06527515601854249
density-m-i64dr250-draw42,density,m-i64dr250,raw/density-m-i64dr250-draw42/measurements.json,student_topk,0.0,0.25920486245639784
density-m-i64dr250-draw42,density,m-i64dr250,raw/density-m-i64dr250-draw42/measurements.json,student_topk,1e-08,0.25877709847617825
density-m-i64dr250-draw42,density,m-i64dr250,raw/density-m-i64dr250-draw42/measurements.json,student_topk,1e-07,0.23974886636965714
density-m-i64dr250-draw42,density,m-i64dr250,raw/density-m-i64dr250-draw42/measurements.json,student_topk,1e-06,0.13568847812883686
density-m-i64dr250-draw42,density,m-i64dr250,raw/density-m-i64dr250-draw42/measurements.json,student_topk,1e-05,0.06488970347549679
density-m-i64dr250-draw42,density,m-i64dr250,raw/density-m-i64dr250-draw42/measurements.json,topk_intersection,0.0,0.2590590391104235
density-m-i64dr250-draw42,density,m-i64dr250,raw/density-m-i64dr250-draw42/measurements.json,topk_intersection,1e-08,0.2586289503259636
density-m-i64dr250-draw42,density,m-i64dr250,raw/density-m-i64dr250-draw42/measurements.json,topk_intersection,1e-07,0.23960926187502565
density-m-i64dr250-draw42,density,m-i64dr250,raw/density-m-i64dr250-draw42/measurements.json,topk_intersection,1e-06,0.13560571509788133
density-m-i64dr250-draw42,density,m-i64dr250,raw/density-m-i64dr250-draw42/measurements.json,topk_intersection,1e-05,0.06484994932298725
density-m-i64dr250-draw42,density,m-i64dr250,raw/density-m-i64dr250-draw42/measurements.json,teacher_topk,0.0,0.25903985947544084
density-m-i64dr250-draw42,density,m-i64dr250,raw/density-m-i64dr250-draw42/measurements.json,teacher_topk,1e-08,0.25860831768833076
density-m-i64dr250-draw42,density,m-i64dr250,raw/density-m-i64dr250-draw42/measurements.json,teacher_topk,1e-07,0.23958572323209237
density-m-i64dr250-draw42,density,m-i64dr250,raw/density-m-i64dr250-draw42/measurements.json,teacher_topk,1e-06,0.1355990894057964
density-m-i64dr250-draw42,density,m-i64dr250,raw/density-m-i64dr250-draw42/measurements.json,teacher_topk,1e-05,0.06484326551079632
density-m-i64dr250-draw42,density,m-i64dr250,raw/density-m-i64dr250-draw42/measurements.json,full_vocab,0.0,0.2590824615131448
density-m-i64dr250-draw42,density,m-i64dr250,raw/density-m-i64dr250-draw42/measurements.json,full_vocab,1e-08,0.2586498154440205
density-m-i64dr250-draw42,density,m-i64dr250,raw/density-m-i64dr250-draw42/measurements.json,full_vocab,1e-07,0.23961890981262302
density-m-i64dr250-draw42,density,m-i64dr250,raw/density-m-i64dr250-draw42/measurements.json,full_vocab,1e-06,0.13560588945819935
density-m-i64dr250-draw42,density,m-i64dr250,raw/density-m-i64dr250-draw42/measurements.json,full_vocab,1e-05,0.06483716289966547
density-m-i64dr250-draw42,density,m-i64dr250,raw/density-m-i64dr250-draw42/measurements.json,sampled_pg_draw1,0.0,0.25921852068130974
density-m-i64dr250-draw42,density,m-i64dr250,raw/density-m-i64dr250-draw42/measurements.json,sampled_pg_draw1,1e-08,0.2587805856825387
density-m-i64dr250-draw42,density,m-i64dr250,raw/density-m-i64dr250-draw42/measurements.json,sampled_pg_draw1,1e-07,0.2397616527929789
density-m-i64dr250-draw42,density,m-i64dr250,raw/density-m-i64dr250-draw42/measurements.json,sampled_pg_draw1,1e-06,0.13564727097367713
density-m-i64dr250-draw42,density,m-i64dr250,raw/density-m-i64dr250-draw42/measurements.json,sampled_pg_draw1,1e-05,0.06485041428383531
density-m-i64dr250-draw42,density,m-i64dr250,raw/density-m-i64dr250-draw42/measurements.json,sampled_pg_draw2,0.0,0.2589153080882655
density-m-i64dr250-draw42,density,m-i64dr250,raw/density-m-i64dr250-draw42/measurements.json,sampled_pg_draw2,1e-08,0.25848725350751584
density-m-i64dr250-draw42,density,m-i64dr250,raw/density-m-i64dr250-draw42/measurements.json,sampled_pg_draw2,1e-07,0.23944693241894507
density-m-i64dr250-draw42,density,m-i64dr250,raw/density-m-i64dr250-draw42/measurements.json,sampled_pg_draw2,1e-06,0.13548046626943386
density-m-i64dr250-draw42,density,m-i64dr250,raw/density-m-i64dr250-draw42/measurements.json,sampled_pg_draw2,1e-05,0.06477125469945229
density-m-i64dr250-draw42,density,m-i64dr250,raw/density-m-i64dr250-draw42/measurements.json,sampled_pg_draw3,0.0,0.25836316708118856
density-m-i64dr250-draw42,density,m-i64dr250,raw/density-m-i64dr250-draw42/measurements.json,sampled_pg_draw3,1e-08,0.2579330201766227
density-m-i64dr250-draw42,density,m-i64dr250,raw/density-m-i64dr250-draw42/measurements.json,sampled_pg_draw3,1e-07,0.23883917047041836
density-m-i64dr250-draw42,density,m-i64dr250,raw/density-m-i64dr250-draw42/measurements.json,sampled_pg_draw3,1e-06,0.13510692834811983
density-m-i64dr250-draw42,density,m-i64dr250,raw/density-m-i64dr250-draw42/measurements.json,sampled_pg_draw3,1e-05,0.0645862002819225
density-m-i64dr250-draw43,density,m-i64dr250,raw/density-m-i64dr250-draw43/measurements.json,zero_gradient,0.0,0.24942661958138346
density-m-i64dr250-draw43,density,m-i64dr250,raw/density-m-i64dr250-draw43/measurements.json,zero_gradient,1e-08,0.24897642124024474
density-m-i64dr250-draw43,density,m-i64dr250,raw/density-m-i64dr250-draw43/measurements.json,zero_gradient,1e-07,0.22944591517760166
density-m-i64dr250-draw43,density,m-i64dr250,raw/density-m-i64dr250-draw43/measurements.json,zero_gradient,1e-06,0.12991918580594305
density-m-i64dr250-draw43,density,m-i64dr250,raw/density-m-i64dr250-draw43/measurements.json,zero_gradient,1e-05,0.062257327634178024
density-m-i64dr250-draw43,density,m-i64dr250,raw/density-m-i64dr250-draw43/measurements.json,sampled_pg,0.0,0.25979106184559553
density-m-i64dr250-draw43,density,m-i64dr250,raw/density-m-i64dr250-draw43/measurements.json,sampled_pg,1e-08,0.259356904653715
density-m-i64dr250-draw43,density,m-i64dr250,raw/density-m-i64dr250-draw43/measurements.json,sampled_pg,1e-07,0.24030478518362458
density-m-i64dr250-draw43,density,m-i64dr250,raw/density-m-i64dr250-draw43/measurements.json,sampled_pg,1e-06,0.13604748602364888
density-m-i64dr250-draw43,density,m-i64dr250,raw/density-m-i64dr250-draw43/measurements.json,sampled_pg,1e-05,0.06503465501988098
density-m-i64dr250-draw43,density,m-i64dr250,raw/density-m-i64dr250-draw43/measurements.json,student_topk,0.0,0.2631585407877047
density-m-i64dr250-draw43,density,m-i64dr250,raw/density-m-i64dr250-draw43/measurements.json,student_topk,1e-08,0.2627400179043404
density-m-i64dr250-draw43,density,m-i64dr250,raw/density-m-i64dr250-draw43/measurements.json,student_topk,1e-07,0.24382029603573635
density-m-i64dr250-draw43,density,m-i64dr250,raw/density-m-i64dr250-draw43/measurements.json,student_topk,1e-06,0.13812690717640658
density-m-i64dr250-draw43,density,m-i64dr250,raw/density-m-i64dr250-draw43/measurements.json,student_topk,1e-05,0.06611528215088955
density-m-i64dr250-draw43,density,m-i64dr250,raw/density-m-i64dr250-draw43/measurements.json,topk_intersection,0.0,0.2621208062949301
density-m-i64dr250-draw43,density,m-i64dr250,raw/density-m-i64dr250-draw43/measurements.json,topk_intersection,1e-08,0.26169780816340316
density-m-i64dr250-draw43,density,m-i64dr250,raw/density-m-i64dr250-draw43/measurements.json,topk_intersection,1e-07,0.24281563188328037
density-m-i64dr250-draw43,density,m-i64dr250,raw/density-m-i64dr250-draw43/measurements.json,topk_intersection,1e-06,0.137534198335336
density-m-i64dr250-draw43,density,m-i64dr250,raw/density-m-i64dr250-draw43/measurements.json,topk_intersection,1e-05,0.0657755120111662
density-m-i64dr250-draw43,density,m-i64dr250,raw/density-m-i64dr250-draw43/measurements.json,teacher_topk,0.0,0.26039277930309734
density-m-i64dr250-draw43,density,m-i64dr250,raw/density-m-i64dr250-draw43/measurements.json,teacher_topk,1e-08,0.2599582733905808
density-m-i64dr250-draw43,density,m-i64dr250,raw/density-m-i64dr250-draw43/measurements.json,teacher_topk,1e-07,0.24100670170388436
density-m-i64dr250-draw43,density,m-i64dr250,raw/density-m-i64dr250-draw43/measurements.json,teacher_topk,1e-06,0.13646635762764925
density-m-i64dr250-draw43,density,m-i64dr250,raw/density-m-i64dr250-draw43/measurements.json,teacher_topk,1e-05,0.06527201753281806
density-m-i64dr250-draw43,density,m-i64dr250,raw/density-m-i64dr250-draw43/measurements.json,full_vocab,0.0,0.2568926702790777
density-m-i64dr250-draw43,density,m-i64dr250,raw/density-m-i64dr250-draw43/measurements.json,full_vocab,1e-08,0.2564529335570204
density-m-i64dr250-draw43,density,m-i64dr250,raw/density-m-i64dr250-draw43/measurements.json,full_vocab,1e-07,0.237314970690356
density-m-i64dr250-draw43,density,m-i64dr250,raw/density-m-i64dr250-draw43/measurements.json,full_vocab,1e-06,0.13440867339453855
density-m-i64dr250-draw43,density,m-i64dr250,raw/density-m-i64dr250-draw43/measurements.json,full_vocab,1e-05,0.0642581122835068
density-m-i64dr250-draw43,density,m-i64dr250,raw/density-m-i64dr250-draw43/measurements.json,sampled_pg_draw1,0.0,0.25800119506097013
density-m-i64dr250-draw43,density,m-i64dr250,raw/density-m-i64dr250-draw43/measurements.json,sampled_pg_draw1,1e-08,0.257569537033648
density-m-i64dr250-draw43,density,m-i64dr250,raw/density-m-i64dr250-draw43/measurements.json,sampled_pg_draw1,1e-07,0.23841320821348502
density-m-i64dr250-draw43,density,m-i64dr250,raw/density-m-i64dr250-draw43/measurements.json,sampled_pg_draw1,1e-06,0.13501649346317124
density-m-i64dr250-draw43,density,m-i64dr250,raw/density-m-i64dr250-draw43/measurements.json,sampled_pg_draw1,1e-05,0.06460834404231158
density-m-i64dr250-draw43,density,m-i64dr250,raw/density-m-i64dr250-draw43/measurements.json,sampled_pg_draw2,0.0,0.2568895899134593
density-m-i64dr250-draw43,density,m-i64dr250,raw/density-m-i64dr250-draw43/measurements.json,sampled_pg_draw2,1e-08,0.2564543865596706
density-m-i64dr250-draw43,density,m-i64dr250,raw/density-m-i64dr250-draw43/measurements.json,sampled_pg_draw2,1e-07,0.23725993094996634
density-m-i64dr250-draw43,density,m-i64dr250,raw/density-m-i64dr250-draw43/measurements.json,sampled_pg_draw2,1e-06,0.1343142282222754
density-m-i64dr250-draw43,density,m-i64dr250,raw/density-m-i64dr250-draw43/measurements.json,sampled_pg_draw2,1e-05,0.06420499050661539
density-m-i64dr250-draw43,density,m-i64dr250,raw/density-m-i64dr250-draw43/measurements.json,sampled_pg_draw3,0.0,0.25996443412181763
density-m-i64dr250-draw43,density,m-i64dr250,raw/density-m-i64dr250-draw43/measurements.json,sampled_pg_draw3,1e-08,0.2595335316558736
density-m-i64dr250-draw43,density,m-i64dr250,raw/density-m-i64dr250-draw43/measurements.json,sampled_pg_draw3,1e-07,0.240472752289988
density-m-i64dr250-draw43,density,m-i64dr250,raw/density-m-i64dr250-draw43/measurements.json,sampled_pg_draw3,1e-06,0.13611478910640623
density-m-i64dr250-draw43,density,m-i64dr250,raw/density-m-i64dr250-draw43/measurements.json,sampled_pg_draw3,1e-05,0.06518431429285183
density-m-i64dr250-draw44,density,m-i64dr250,raw/density-m-i64dr250-draw44/measurements.json,zero_gradient,0.0,0.24942661958138346
density-m-i64dr250-draw44,density,m-i64dr250,raw/density-m-i64dr250-draw44/measurements.json,zero_gradient,1e-08,0.24897642124024474
density-m-i64dr250-draw44,density,m-i64dr250,raw/density-m-i64dr250-draw44/measurements.json,zero_gradient,1e-07,0.22944591517760166
density-m-i64dr250-draw44,density,m-i64dr250,raw/density-m-i64dr250-draw44/measurements.json,zero_gradient,1e-06,0.12991918580594305
density-m-i64dr250-draw44,density,m-i64dr250,raw/density-m-i64dr250-draw44/measurements.json,zero_gradient,1e-05,0.062257327634178024
density-m-i64dr250-draw44,density,m-i64dr250,raw/density-m-i64dr250-draw44/measurements.json,sampled_pg,0.0,0.26040068363751445
density-m-i64dr250-draw44,density,m-i64dr250,raw/density-m-i64dr250-draw44/measurements.json,sampled_pg,1e-08,0.25997396581920296
density-m-i64dr250-draw44,density,m-i64dr250,raw/density-m-i64dr250-draw44/measurements.json,sampled_pg,1e-07,0.2409727595619756
density-m-i64dr250-draw44,density,m-i64dr250,raw/density-m-i64dr250-draw44/measurements.json,sampled_pg,1e-06,0.13645996441598834
density-m-i64dr250-draw44,density,m-i64dr250,raw/density-m-i64dr250-draw44/measurements.json,sampled_pg,1e-05,0.06527294745451417
density-m-i64dr250-draw44,density,m-i64dr250,raw/density-m-i64dr250-draw44/measurements.json,student_topk,0.0,0.2635683456551678
density-m-i64dr250-draw44,density,m-i64dr250,raw/density-m-i64dr250-draw44/measurements.json,student_topk,1e-08,0.26314156971675035
density-m-i64dr250-draw44,density,m-i64dr250,raw/density-m-i64dr250-draw44/measurements.json,student_topk,1e-07,0.2443135613754271
density-m-i64dr250-draw44,density,m-i64dr250,raw/density-m-i64dr250-draw44/measurements.json,student_topk,1e-06,0.13829150331662152
density-m-i64dr250-draw44,density,m-i64dr250,raw/density-m-i64dr250-draw44/measurements.json,student_topk,1e-05,0.06609029050530606
density-m-i64dr250-draw44,density,m-i64dr250,raw/density-m-i64dr250-draw44/measurements.json,topk_intersection,0.0,0.2632505449155155
density-m-i64dr250-draw44,density,m-i64dr250,raw/density-m-i64dr250-draw44/measurements.json,topk_intersection,1e-08,0.2628249894993242
density-m-i64dr250-draw44,density,m-i64dr250,raw/density-m-i64dr250-draw44/measurements.json,topk_intersection,1e-07,0.24403946695549292
density-m-i64dr250-draw44,density,m-i64dr250,raw/density-m-i64dr250-draw44/measurements.json,topk_intersection,1e-06,0.13810929678428613
density-m-i64dr250-draw44,density,m-i64dr250,raw/density-m-i64dr250-draw44/measurements.json,topk_intersection,1e-05,0.06597800246049841
density-m-i64dr250-draw44,density,m-i64dr250,raw/density-m-i64dr250-draw44/measurements.json,teacher_topk,0.0,0.2621135412816791
density-m-i64dr250-draw44,density,m-i64dr250,raw/density-m-i64dr250-draw44/measurements.json,teacher_topk,1e-08,0.26169193803269636
density-m-i64dr250-draw44,density,m-i64dr250,raw/density-m-i64dr250-draw44/measurements.json,teacher_topk,1e-07,0.24285300311144362
density-m-i64dr250-draw44,density,m-i64dr250,raw/density-m-i64dr250-draw44/measurements.json,teacher_topk,1e-06,0.13743039582600555
density-m-i64dr250-draw44,density,m-i64dr250,raw/density-m-i64dr250-draw44/measurements.json,teacher_topk,1e-05,0.06567048897960957
density-m-i64dr250-draw44,density,m-i64dr250,raw/density-m-i64dr250-draw44/measurements.json,full_vocab,0.0,0.25949633478802847
density-m-i64dr250-draw44,density,m-i64dr250,raw/density-m-i64dr250-draw44/measurements.json,full_vocab,1e-08,0.2590704306512011
density-m-i64dr250-draw44,density,m-i64dr250,raw/density-m-i64dr250-draw44/measurements.json,full_vocab,1e-07,0.24012211369044112
density-m-i64dr250-draw44,density,m-i64dr250,raw/density-m-i64dr250-draw44/measurements.json,full_vocab,1e-06,0.13588521468767428
density-m-i64dr250-draw44,density,m-i64dr250,raw/density-m-i64dr250-draw44/measurements.json,full_vocab,1e-05,0.06495276379051557
density-m-i64dr250-draw44,density,m-i64dr250,raw/density-m-i64dr250-draw44/measurements.json,sampled_pg_draw1,0.0,0.2561450132353895
density-m-i64dr250-draw44,density,m-i64dr250,raw/density-m-i64dr250-draw44/measurements.json,sampled_pg_draw1,1e-08,0.25570696199640647
density-m-i64dr250-draw44,density,m-i64dr250,raw/density-m-i64dr250-draw44/measurements.json,sampled_pg_draw1,1e-07,0.23645130591507568
density-m-i64dr250-draw44,density,m-i64dr250,raw/density-m-i64dr250-draw44/measurements.json,sampled_pg_draw1,1e-06,0.1339029703521621
density-m-i64dr250-draw44,density,m-i64dr250,raw/density-m-i64dr250-draw44/measurements.json,sampled_pg_draw1,1e-05,0.0640600389622312
density-m-i64dr250-draw44,density,m-i64dr250,raw/density-m-i64dr250-draw44/measurements.json,sampled_pg_draw2,0.0,0.25398765302047493
density-m-i64dr250-draw44,density,m-i64dr250,raw/density-m-i64dr250-draw44/measurements.json,sampled_pg_draw2,1e-08,0.2535547163508206
density-m-i64dr250-draw44,density,m-i64dr250,raw/density-m-i64dr250-draw44/measurements.json,sampled_pg_draw2,1e-07,0.23413928809807358
density-m-i64dr250-draw44,density,m-i64dr250,raw/density-m-i64dr250-draw44/measurements.json,sampled_pg_draw2,1e-06,0.13260485778447123
density-m-i64dr250-draw44,density,m-i64dr250,raw/density-m-i64dr250-draw44/measurements.json,sampled_pg_draw2,1e-05,0.06345378813646073
density-m-i64dr250-draw44,density,m-i64dr250,raw/density-m-i64dr250-draw44/measurements.json,sampled_pg_draw3,0.0,0.26207221788630736
density-m-i64dr250-draw44,density,m-i64dr250,raw/density-m-i64dr250-draw44/measurements.json,sampled_pg_draw3,1e-08,0.261646081269056
density-m-i64dr250-draw44,density,m-i64dr250,raw/density-m-i64dr250-draw44/measurements.json,sampled_pg_draw3,1e-07,0.24277971365776738
density-m-i64dr250-draw44,density,m-i64dr250,raw/density-m-i64dr250-draw44/measurements.json,sampled_pg_draw3,1e-06,0.13743330183130595
density-m-i64dr250-draw44,density,m-i64dr250,raw/density-m-i64dr250-draw44/measurements.json,sampled_pg_draw3,1e-05,0.06567107018066966
density-m-i64dr250-draw45,density,m-i64dr250,raw/density-m-i64dr250-draw45/measurements.json,zero_gradient,0.0,0.24942661958138346
density-m-i64dr250-draw45,density,m-i64dr250,raw/density-m-i64dr250-draw45/measurements.json,zero_gradient,1e-08,0.24897642124024474
density-m-i64dr250-draw45,density,m-i64dr250,raw/density-m-i64dr250-draw45/measurements.json,zero_gradient,1e-07,0.22944591517760166
density-m-i64dr250-draw45,density,m-i64dr250,raw/density-m-i64dr250-draw45/measurements.json,zero_gradient,1e-06,0.12991918580594305
density-m-i64dr250-draw45,density,m-i64dr250,raw/density-m-i64dr250-draw45/measurements.json,zero_gradient,1e-05,0.062257327634178024
density-m-i64dr250-draw45,density,m-i64dr250,raw/density-m-i64dr250-draw45/measurements.json,sampled_pg,0.0,0.25533452835710657
density-m-i64dr250-draw45,density,m-i64dr250,raw/density-m-i64dr250-draw45/measurements.json,sampled_pg,1e-08,0.254899673723954
density-m-i64dr250-draw45,density,m-i64dr250,raw/density-m-i64dr250-draw45/measurements.json,sampled_pg,1e-07,0.2356461099664395
density-m-i64dr250-draw45,density,m-i64dr250,raw/density-m-i64dr250-draw45/measurements.json,sampled_pg,1e-06,0.13338076119967934
density-m-i64dr250-draw45,density,m-i64dr250,raw/density-m-i64dr250-draw45/measurements.json,sampled_pg,1e-05,0.06379088475130769
density-m-i64dr250-draw45,density,m-i64dr250,raw/density-m-i64dr250-draw45/measurements.json,student_topk,0.0,0.255810764505737
density-m-i64dr250-draw45,density,m-i64dr250,raw/density-m-i64dr250-draw45/measurements.json,student_topk,1e-08,0.2553657388540329
density-m-i64dr250-draw45,density,m-i64dr250,raw/density-m-i64dr250-draw45/measurements.json,student_topk,1e-07,0.23617581661259732
density-m-i64dr250-draw45,density,m-i64dr250,raw/density-m-i64dr250-draw45/measurements.json,student_topk,1e-06,0.13375987865117017
density-m-i64dr250-draw45,density,m-i64dr250,raw/density-m-i64dr250-draw45/measurements.json,student_topk,1e-05,0.06406428172996978
density-m-i64dr250-draw45,density,m-i64dr250,raw/density-m-i64dr250-draw45/measurements.json,topk_intersection,0.0,0.2551628415639587
density-m-i64dr250-draw45,density,m-i64dr250,raw/density-m-i64dr250-draw45/measurements.json,topk_intersection,1e-08,0.2547171765910886
density-m-i64dr250-draw45,density,m-i64dr250,raw/density-m-i64dr250-draw45/measurements.json,topk_intersection,1e-07,0.23551382860516507
density-m-i64dr250-draw45,density,m-i64dr250,raw/density-m-i64dr250-draw45/measurements.json,topk_intersection,1e-06,0.13337413550759442
density-m-i64dr250-draw45,density,m-i64dr250,raw/density-m-i64dr250-draw45/measurements.json,topk_intersection,1e-05,0.06386254684201569
density-m-i64dr250-draw45,density,m-i64dr250,raw/density-m-i64dr250-draw45/measurements.json,teacher_topk,0.0,0.2569184756061453
density-m-i64dr250-draw45,density,m-i64dr250,raw/density-m-i64dr250-draw45/measurements.json,teacher_topk,1e-08,0.25647641407984767
density-m-i64dr250-draw45,density,m-i64dr250,raw/density-m-i64dr250-draw45/measurements.json,teacher_topk,1e-07,0.237357979568802
density-m-i64dr250-draw45,density,m-i64dr250,raw/density-m-i64dr250-draw45/measurements.json,teacher_topk,1e-06,0.13443209579725982
density-m-i64dr250-draw45,density,m-i64dr250,raw/density-m-i64dr250-draw45/measurements.json,teacher_topk,1e-05,0.0643443625208228
density-m-i64dr250-draw45,density,m-i64dr250,raw/density-m-i64dr250-draw45/measurements.json,full_vocab,0.0,0.25424198660436637
density-m-i64dr250-draw45,density,m-i64dr250,raw/density-m-i64dr250-draw45/measurements.json,full_vocab,1e-08,0.2538010293600829
density-m-i64dr250-draw45,density,m-i64dr250,raw/density-m-i64dr250-draw45/measurements.json,full_vocab,1e-07,0.23447621035260252
density-m-i64dr250-draw45,density,m-i64dr250,raw/density-m-i64dr250-draw45/measurements.json,full_vocab,1e-06,0.13277741637920926
density-m-i64dr250-draw45,density,m-i64dr250,raw/density-m-i64dr250-draw45/measurements.json,full_vocab,1e-05,0.06356764542413058
density-m-i64dr250-draw45,density,m-i64dr250,raw/density-m-i64dr250-draw45/measurements.json,sampled_pg_draw1,0.0,0.25608503328598914
density-m-i64dr250-draw45,density,m-i64dr250,raw/density-m-i64dr250-draw45/measurements.json,sampled_pg_draw1,1e-08,0.2556555838226953
density-m-i64dr250-draw45,density,m-i64dr250,raw/density-m-i64dr250-draw45/measurements.json,sampled_pg_draw1,1e-07,0.23642503562716002
density-m-i64dr250-draw45,density,m-i64dr250,raw/density-m-i64dr250-draw45/measurements.json,sampled_pg_draw1,1e-06,0.13383154074187814
density-m-i64dr250-draw45,density,m-i64dr250,raw/density-m-i64dr250-draw45/measurements.json,sampled_pg_draw1,1e-05,0.06400604538374967
density-m-i64dr250-draw45,density,m-i64dr250,raw/density-m-i64dr250-draw45/measurements.json,sampled_pg_draw2,0.0,0.257009782292684
density-m-i64dr250-draw45,density,m-i64dr250,raw/density-m-i64dr250-draw45/measurements.json,sampled_pg_draw2,1e-08,0.2565739977378353
density-m-i64dr250-draw45,density,m-i64dr250,raw/density-m-i64dr250-draw45/measurements.json,sampled_pg_draw2,1e-07,0.2374405682394395
density-m-i64dr250-draw45,density,m-i64dr250,raw/density-m-i64dr250-draw45/measurements.json,sampled_pg_draw2,1e-06,0.13437833469920232
density-m-i64dr250-draw45,density,m-i64dr250,raw/density-m-i64dr250-draw45/measurements.json,sampled_pg_draw2,1e-05,0.06428984586138721
density-m-i64dr250-draw45,density,m-i64dr250,raw/density-m-i64dr250-draw45/measurements.json,sampled_pg_draw3,0.0,0.25413277892517716
density-m-i64dr250-draw45,density,m-i64dr250,raw/density-m-i64dr250-draw45/measurements.json,sampled_pg_draw3,1e-08,0.25369397212481604
density-m-i64dr250-draw45,density,m-i64dr250,raw/density-m-i64dr250-draw45/measurements.json,sampled_pg_draw3,1e-07,0.23434026742464956
density-m-i64dr250-draw45,density,m-i64dr250,raw/density-m-i64dr250-draw45/measurements.json,sampled_pg_draw3,1e-06,0.13267030102383637
density-m-i64dr250-draw45,density,m-i64dr250,raw/density-m-i64dr250-draw45/measurements.json,sampled_pg_draw3,1e-05,0.06348999696250376
density-s-i64250-draw42,density,s-i64250,raw/density-s-i64250-draw42/measurements.json,zero_gradient,0.0,0.2989797638437815
density-s-i64250-draw42,density,s-i64250,raw/density-s-i64250-draw42/measurements.json,zero_gradient,1e-08,0.2985333433095333
density-s-i64250-draw42,density,s-i64250,raw/density-s-i64250-draw42/measurements.json,zero_gradient,1e-07,0.2826517918623966
density-s-i64250-draw42,density,s-i64250,raw/density-s-i64250-draw42/measurements.json,zero_gradient,1e-06,0.1616552628509227
density-s-i64250-draw42,density,s-i64250,raw/density-s-i64250-draw42/measurements.json,zero_gradient,1e-05,0.07802723035767319
density-s-i64250-draw42,density,s-i64250,raw/density-s-i64250-draw42/measurements.json,sampled_pg,0.0,0.30510329821279464
density-s-i64250-draw42,density,s-i64250,raw/density-s-i64250-draw42/measurements.json,sampled_pg,1e-08,0.30466059736533097
density-s-i64250-draw42,density,s-i64250,raw/density-s-i64250-draw42/measurements.json,sampled_pg,1e-07,0.2889936834696822
density-s-i64250-draw42,density,s-i64250,raw/density-s-i64250-draw42/measurements.json,sampled_pg,1e-06,0.16545631778385228
density-s-i64250-draw42,density,s-i64250,raw/density-s-i64250-draw42/measurements.json,sampled_pg,1e-05,0.07983988022385373
density-s-i64250-draw42,density,s-i64250,raw/density-s-i64250-draw42/measurements.json,student_topk,0.0,0.30577632904036844
density-s-i64250-draw42,density,s-i64250,raw/density-s-i64250-draw42/measurements.json,student_topk,1e-08,0.3053320008299365
density-s-i64250-draw42,density,s-i64250,raw/density-s-i64250-draw42/measurements.json,student_topk,1e-07,0.28970832829315774
density-s-i64250-draw42,density,s-i64250,raw/density-s-i64250-draw42/measurements.json,student_topk,1e-06,0.165899367351952
density-s-i64250-draw42,density,s-i64250,raw/density-s-i64250-draw42/measurements.json,student_topk,1e-05,0.08004934508590691
density-s-i64250-draw42,density,s-i64250,raw/density-s-i64250-draw42/measurements.json,topk_intersection,0.0,0.30527161403979414
density-s-i64250-draw42,density,s-i64250,raw/density-s-i64250-draw42/measurements.json,topk_intersection,1e-08,0.3048242635838498
density-s-i64250-draw42,density,s-i64250,raw/density-s-i64250-draw42/measurements.json,topk_intersection,1e-07,0.2891982081227247
density-s-i64250-draw42,density,s-i64250,raw/density-s-i64250-draw42/measurements.json,topk_intersection,1e-06,0.1656020830097206
density-s-i64250-draw42,density,s-i64250,raw/density-s-i64250-draw42/measurements.json,topk_intersection,1e-05,0.07992264325480926
density-s-i64250-draw42,density,s-i64250,raw/density-s-i64250-draw42/measurements.json,teacher_topk,0.0,0.30528968939276263
density-s-i64250-draw42,density,s-i64250,raw/density-s-i64250-draw42/measurements.json,teacher_topk,1e-08,0.3048411765346981
density-s-i64250-draw42,density,s-i64250,raw/density-s-i64250-draw42/measurements.json,teacher_topk,1e-07,0.28922244420693005
density-s-i64250-draw42,density,s-i64250,raw/density-s-i64250-draw42/measurements.json,teacher_topk,1e-06,0.16562428489021566
density-s-i64250-draw42,density,s-i64250,raw/density-s-i64250-draw42/measurements.json,teacher_topk,1e-05,0.07992642106169978
density-s-i64250-draw42,density,s-i64250,raw/density-s-i64250-draw42/measurements.json,full_vocab,0.0,0.30556186584919853
density-s-i64250-draw42,density,s-i64250,raw/density-s-i64250-draw42/measurements.json,full_vocab,1e-08,0.30511567779537435
density-s-i64250-draw42,density,s-i64250,raw/density-s-i64250-draw42/measurements.json,full_vocab,1e-07,0.2894968292273943
density-s-i64250-draw42,density,s-i64250,raw/density-s-i64250-draw42/measurements.json,full_vocab,1e-06,0.1657657492282394
density-s-i64250-draw42,density,s-i64250,raw/density-s-i64250-draw42/measurements.json,full_vocab,1e-05,0.07995937516180637
density-s-i64250-draw42,density,s-i64250,raw/density-s-i64250-draw42/measurements.json,sampled_pg_draw1,0.0,0.3023230648217913
density-s-i64250-draw42,density,s-i64250,raw/density-s-i64250-draw42/measurements.json,sampled_pg_draw1,1e-08,0.30187623744680103
density-s-i64250-draw42,density,s-i64250,raw/density-s-i64250-draw42/measurements.json,sampled_pg_draw1,1e-07,0.286085585845461
density-s-i64250-draw42,density,s-i64250,raw/density-s-i64250-draw42/measurements.json,sampled_pg_draw1,1e-06,0.163724687345447
density-s-i64250-draw42,density,s-i64250,raw/density-s-i64250-draw42/measurements.json,sampled_pg_draw1,1e-05,0.07896639315065802
density-s-i64250-draw42,density,s-i64250,raw/density-s-i64250-draw42/measurements.json,sampled_pg_draw2,0.0,0.30542383059742934
density-s-i64250-draw42,density,s-i64250,raw/density-s-i64250-draw42/measurements.json,sampled_pg_draw2,1e-08,0.30497857246530125
density-s-i64250-draw42,density,s-i64250,raw/density-s-i64250-draw42/measurements.json,sampled_pg_draw2,1e-07,0.28937152227884083
density-s-i64250-draw42,density,s-i64250,raw/density-s-i64250-draw42/measurements.json,sampled_pg_draw2,1e-06,0.16568670588406836
density-s-i64250-draw42,density,s-i64250,raw/density-s-i64250-draw42/measurements.json,sampled_pg_draw2,1e-05,0.07995292383003948
density-s-i64250-draw42,density,s-i64250,raw/density-s-i64250-draw42/measurements.json,sampled_pg_draw3,0.0,0.30092667115484073
density-s-i64250-draw42,density,s-i64250,raw/density-s-i64250-draw42/measurements.json,sampled_pg_draw3,1e-08,0.3004707189232072
density-s-i64250-draw42,density,s-i64250,raw/density-s-i64250-draw42/measurements.json,sampled_pg_draw3,1e-07,0.28466902450172565
density-s-i64250-draw42,density,s-i64250,raw/density-s-i64250-draw42/measurements.json,sampled_pg_draw3,1e-06,0.16287903980302917
density-s-i64250-draw42,density,s-i64250,raw/density-s-i64250-draw42/measurements.json,sampled_pg_draw3,1e-05,0.07854589418368944
density-s-i64250-draw43,density,s-i64250,raw/density-s-i64250-draw43/measurements.json,zero_gradient,0.0,0.2989797638437815
density-s-i64250-draw43,density,s-i64250,raw/density-s-i64250-draw43/measurements.json,zero_gradient,1e-08,0.2985333433095333
density-s-i64250-draw43,density,s-i64250,raw/density-s-i64250-draw43/measurements.json,zero_gradient,1e-07,0.2826517918623966
density-s-i64250-draw43,density,s-i64250,raw/density-s-i64250-draw43/measurements.json,zero_gradient,1e-06,0.1616552628509227
density-s-i64250-draw43,density,s-i64250,raw/density-s-i64250-draw43/measurements.json,zero_gradient,1e-05,0.07802723035767319
density-s-i64250-draw43,density,s-i64250,raw/density-s-i64250-draw43/measurements.json,sampled_pg,0.0,0.299033524941839
density-s-i64250-draw43,density,s-i64250,raw/density-s-i64250-draw43/measurements.json,sampled_pg,1e-08,0.29858634884621266
density-s-i64250-draw43,density,s-i64250,raw/density-s-i64250-draw43/measurements.json,sampled_pg,1e-07,0.2827094470075566
density-s-i64250-draw43,density,s-i64250,raw/density-s-i64250-draw43/measurements.json,sampled_pg,1e-06,0.16169257595897987
density-s-i64250-draw43,density,s-i64250,raw/density-s-i64250-draw43/measurements.json,sampled_pg,1e-05,0.07804873479689618
density-s-i64250-draw43,density,s-i64250,raw/density-s-i64250-draw43/measurements.json,student_topk,0.0,0.3036577930562672
density-s-i64250-draw43,density,s-i64250,raw/density-s-i64250-draw43/measurements.json,student_topk,1e-08,0.3032113725220191
density-s-i64250-draw43,density,s-i64250,raw/density-s-i64250-draw43/measurements.json,student_topk,1e-07,0.287520861863331
density-s-i64250-draw43,density,s-i64250,raw/density-s-i64250-draw43/measurements.json,student_topk,1e-06,0.1645299414141892
density-s-i64250-draw43,density,s-i64250,raw/density-s-i64250-draw43/measurements.json,student_topk,1e-05,0.07932598224653013
density-s-i64250-draw43,density,s-i64250,raw/density-s-i64250-draw43/measurements.json,topk_intersection,0.0,0.3036605828213556
density-s-i64250-draw43,density,s-i64250,raw/density-s-i64250-draw43/measurements.json,topk_intersection,1e-08,0.3032147434881675
density-s-i64250-draw43,density,s-i64250,raw/density-s-i64250-draw43/measurements.json,topk_intersection,1e-07,0.2875291149183841
density-s-i64250-draw43,density,s-i64250,raw/density-s-i64250-draw43/measurements.json,topk_intersection,1e-06,0.16453110381630937
density-s-i64250-draw43,density,s-i64250,raw/density-s-i64250-draw43/measurements.json,topk_intersection,1e-05,0.07932540104547005
density-s-i64250-draw43,density,s-i64250,raw/density-s-i64250-draw43/measurements.json,teacher_topk,0.0,0.3036595947795535
density-s-i64250-draw43,density,s-i64250,raw/density-s-i64250-draw43/measurements.json,teacher_topk,1e-08,0.3032130580050933
density-s-i64250-draw43,density,s-i64250,raw/density-s-i64250-draw43/measurements.json,teacher_topk,1e-07,0.28752312854746526
density-s-i64250-draw43,density,s-i64250,raw/density-s-i64250-draw43/measurements.json,teacher_topk,1e-06,0.16453058073535531
density-s-i64250-draw43,density,s-i64250,raw/density-s-i64250-draw43/measurements.json,teacher_topk,1e-05,0.07932476172430396
density-s-i64250-draw43,density,s-i64250,raw/density-s-i64250-draw43/measurements.json,full_vocab,0.0,0.3036504118028042
density-s-i64250-draw43,density,s-i64250,raw/density-s-i64250-draw43/measurements.json,full_vocab,1e-08,0.30320410750876803
density-s-i64250-draw43,density,s-i64250,raw/density-s-i64250-draw43/measurements.json,full_vocab,1e-07,0.28751586353421427
density-s-i64250-draw43,density,s-i64250,raw/density-s-i64250-draw43/measurements.json,full_vocab,1e-06,0.16452645420782872
density-s-i64250-draw43,density,s-i64250,raw/density-s-i64250-draw43/measurements.json,full_vocab,1e-05,0.07932319248144173
density-s-i64250-draw43,density,s-i64250,raw/density-s-i64250-draw43/measurements.json,sampled_pg_draw1,0.0,0.29903311810109695
density-s-i64250-draw43,density,s-i64250,raw/density-s-i64250-draw43/measurements.json,sampled_pg_draw1,1e-08,0.2985859420054706
density-s-i64250-draw43,density,s-i64250,raw/density-s-i64250-draw43/measurements.json,sampled_pg_draw1,1e-07,0.2827089239266026
density-s-i64250-draw43,density,s-i64250,raw/density-s-i64250-draw43/measurements.json,sampled_pg_draw1,1e-06,0.16169211099813183
density-s-i64250-draw43,density,s-i64250,raw/density-s-i64250-draw43/measurements.json,sampled_pg_draw1,1e-05,0.07804815359583608
density-s-i64250-draw43,density,s-i64250,raw/density-s-i64250-draw43/measurements.json,sampled_pg_draw2,0.0,0.29903265314024885
density-s-i64250-draw43,density,s-i64250,raw/density-s-i64250-draw43/measurements.json,sampled_pg_draw2,1e-08,0.29858541892451657
density-s-i64250-draw43,density,s-i64250,raw/density-s-i64250-draw43/measurements.json,sampled_pg_draw2,1e-07,0.28270822648533045
density-s-i64250-draw43,density,s-i64250,raw/density-s-i64250-draw43/measurements.json,sampled_pg_draw2,1e-06,0.16169199475791982
density-s-i64250-draw43,density,s-i64250,raw/density-s-i64250-draw43/measurements.json,sampled_pg_draw2,1e-05,0.07804815359583608
density-s-i64250-draw43,density,s-i64250,raw/density-s-i64250-draw43/measurements.json,sampled_pg_draw3,0.0,0.299033757422263
density-s-i64250-draw43,density,s-i64250,raw/density-s-i64250-draw43/measurements.json,sampled_pg_draw3,1e-08,0.2985865232065307
density-s-i64250-draw43,density,s-i64250,raw/density-s-i64250-draw43/measurements.json,sampled_pg_draw3,1e-07,0.28270915640702654
density-s-i64250-draw43,density,s-i64250,raw/density-s-i64250-draw43/measurements.json,sampled_pg_draw3,1e-06,0.16169176227749577
density-s-i64250-draw43,density,s-i64250,raw/density-s-i64250-draw43/measurements.json,sampled_pg_draw3,1e-05,0.07804792111541206
density-s-i64250-draw44,density,s-i64250,raw/density-s-i64250-draw44/measurements.json,zero_gradient,0.0,0.2989797638437815
density-s-i64250-draw44,density,s-i64250,raw/density-s-i64250-draw44/measurements.json,zero_gradient,1e-08,0.2985333433095333
density-s-i64250-draw44,density,s-i64250,raw/density-s-i64250-draw44/measurements.json,zero_gradient,1e-07,0.2826517918623966
density-s-i64250-draw44,density,s-i64250,raw/density-s-i64250-draw44/measurements.json,zero_gradient,1e-06,0.1616552628509227
density-s-i64250-draw44,density,s-i64250,raw/density-s-i64250-draw44/measurements.json,zero_gradient,1e-05,0.07802723035767319
density-s-i64250-draw44,density,s-i64250,raw/density-s-i64250-draw44/measurements.json,sampled_pg,0.0,0.3058572903480377
density-s-i64250-draw44,density,s-i64250,raw/density-s-i64250-draw44/measurements.json,sampled_pg,1e-08,0.3054124390566517
density-s-i64250-draw44,density,s-i64250,raw/density-s-i64250-draw44/measurements.json,sampled_pg,1e-07,0.28977923482248763
density-s-i64250-draw44,density,s-i64250,raw/density-s-i64250-draw44/measurements.json,sampled_pg,1e-06,0.16583363351205685
density-s-i64250-draw44,density,s-i64250,raw/density-s-i64250-draw44/measurements.json,sampled_pg,1e-05,0.07996228116710677
density-s-i64250-draw44,density,s-i64250,raw/density-s-i64250-draw44/measurements.json,student_topk,0.0,0.303820878073726
density-s-i64250-draw44,density,s-i64250,raw/density-s-i64250-draw44/measurements.json,student_topk,1e-08,0.3033735857378877
density-s-i64250-draw44,density,s-i64250,raw/density-s-i64250-draw44/measurements.json,student_topk,1e-07,0.2876568629113899
density-s-i64250-draw44,density,s-i64250,raw/density-s-i64250-draw44/measurements.json,student_topk,1e-06,0.16460793859645206
density-s-i64250-draw44,density,s-i64250,raw/density-s-i64250-draw44/measurements.json,student_topk,1e-05,0.07932458736398593
density-s-i64250-draw44,density,s-i64250,raw/density-s-i64250-draw44/measurements.json,topk_intersection,0.0,0.3031003631195436
density-s-i64250-draw44,density,s-i64250,raw/density-s-i64250-draw44/measurements.json,topk_intersection,1e-08,0.30265411694561345
density-s-i64250-draw44,density,s-i64250,raw/density-s-i64250-draw44/measurements.json,topk_intersection,1e-07,0.2869424505683384
density-s-i64250-draw44,density,s-i64250,raw/density-s-i64250-draw44/measurements.json,topk_intersection,1e-06,0.16410886124616056
density-s-i64250-draw44,density,s-i64250,raw/density-s-i64250-draw44/measurements.json,topk_intersection,1e-05,0.07903032526726694
density-s-i64250-draw44,density,s-i64250,raw/density-s-i64250-draw44/measurements.json,teacher_topk,0.0,0.3031475566456222
density-s-i64250-draw44,density,s-i64250,raw/density-s-i64250-draw44/measurements.json,teacher_topk,1e-08,0.30270026430978386
density-s-i64250-draw44,density,s-i64250,raw/density-s-i64250-draw44/measurements.json,teacher_topk,1e-07,0.2869856338071024
density-s-i64250-draw44,density,s-i64250,raw/density-s-i64250-draw44/measurements.json,teacher_topk,1e-06,0.16413332981078996
density-s-i64250-draw44,density,s-i64250,raw/density-s-i64250-draw44/measurements.json,teacher_topk,1e-05,0.0790416005678325
density-s-i64250-draw44,density,s-i64250,raw/density-s-i64250-draw44/measurements.json,full_vocab,0.0,0.3050029247897187
density-s-i64250-draw44,density,s-i64250,raw/density-s-i64250-draw44/measurements.json,full_vocab,1e-08,0.30456208378564725
density-s-i64250-draw44,density,s-i64250,raw/density-s-i64250-draw44/measurements.json,full_vocab,1e-07,0.2889647396568901
density-s-i64250-draw44,density,s-i64250,raw/density-s-i64250-draw44/measurements.json,full_vocab,1e-06,0.16548840008236873
density-s-i64250-draw44,density,s-i64250,raw/density-s-i64250-draw44/measurements.json,full_vocab,1e-05,0.07977106601834014
density-s-i64250-draw44,density,s-i64250,raw/density-s-i64250-draw44/measurements.json,sampled_pg_draw1,0.0,0.305952781682209
density-s-i64250-draw44,density,s-i64250,raw/density-s-i64250-draw44/measurements.json,sampled_pg_draw1,1e-08,0.3055026995812823
density-s-i64250-draw44,density,s-i64250,raw/density-s-i64250-draw44/measurements.json,sampled_pg_draw1,1e-07,0.2898865245381786
density-s-i64250-draw44,density,s-i64250,raw/density-s-i64250-draw44/measurements.json,sampled_pg_draw1,1e-06,0.1659404582668997
density-s-i64250-draw44,density,s-i64250,raw/density-s-i64250-draw44/measurements.json,sampled_pg_draw1,1e-05,0.08002109871438698
density-s-i64250-draw44,density,s-i64250,raw/density-s-i64250-draw44/measurements.json,sampled_pg_draw2,0.0,0.3060980238271232
density-s-i64250-draw44,density,s-i64250,raw/density-s-i64250-draw44/measurements.json,sampled_pg_draw2,1e-08,0.3056550904992355
density-s-i64250-draw44,density,s-i64250,raw/density-s-i64250-draw44/measurements.json,sampled_pg_draw2,1e-07,0.29000683315761533
density-s-i64250-draw44,density,s-i64250,raw/density-s-i64250-draw44/measurements.json,sampled_pg_draw2,1e-06,0.16603693764287317
density-s-i64250-draw44,density,s-i64250,raw/density-s-i64250-draw44/measurements.json,sampled_pg_draw2,1e-05,0.08005736566053603
density-s-i64250-draw44,density,s-i64250,raw/density-s-i64250-draw44/measurements.json,sampled_pg_draw3,0.0,0.3041972057601284
density-s-i64250-draw44,density,s-i64250,raw/density-s-i64250-draw44/measurements.json,sampled_pg_draw3,1e-08,0.3037527613094845
density-s-i64250-draw44,density,s-i64250,raw/density-s-i64250-draw44/measurements.json,sampled_pg_draw3,1e-07,0.2880084895527389
density-s-i64250-draw44,density,s-i64250,raw/density-s-i64250-draw44/measurements.json,sampled_pg_draw3,1e-06,0.16483594377232183
density-s-i64250-draw44,density,s-i64250,raw/density-s-i64250-draw44/measurements.json,sampled_pg_draw3,1e-05,0.07946424997872338
density-s-i64250-draw45,density,s-i64250,raw/density-s-i64250-draw45/measurements.json,zero_gradient,0.0,0.2989797638437815
density-s-i64250-draw45,density,s-i64250,raw/density-s-i64250-draw45/measurements.json,zero_gradient,1e-08,0.2985333433095333
density-s-i64250-draw45,density,s-i64250,raw/density-s-i64250-draw45/measurements.json,zero_gradient,1e-07,0.2826517918623966
density-s-i64250-draw45,density,s-i64250,raw/density-s-i64250-draw45/measurements.json,zero_gradient,1e-06,0.1616552628509227
density-s-i64250-draw45,density,s-i64250,raw/density-s-i64250-draw45/measurements.json,zero_gradient,1e-05,0.07802723035767319
density-s-i64250-draw45,density,s-i64250,raw/density-s-i64250-draw45/measurements.json,sampled_pg,0.0,0.30308623993378364
density-s-i64250-draw45,density,s-i64250,raw/density-s-i64250-draw45/measurements.json,sampled_pg,1e-08,0.3026397031593234
density-s-i64250-draw45,density,s-i64250,raw/density-s-i64250-draw45/measurements.json,sampled_pg,1e-07,0.2868886894702809
density-s-i64250-draw45,density,s-i64250,raw/density-s-i64250-draw45/measurements.json,sampled_pg,1e-06,0.16422312537457245
density-s-i64250-draw45,density,s-i64250,raw/density-s-i64250-draw45/measurements.json,sampled_pg,1e-05,0.07920096589850671
density-s-i64250-draw45,density,s-i64250,raw/density-s-i64250-draw45/measurements.json,student_topk,0.0,0.30448670200815475
density-s-i64250-draw45,density,s-i64250,raw/density-s-i64250-draw45/measurements.json,student_topk,1e-08,0.3040376079490302
density-s-i64250-draw45,density,s-i64250,raw/density-s-i64250-draw45/measurements.json,student_topk,1e-07,0.2883386117548649
density-s-i64250-draw45,density,s-i64250,raw/density-s-i64250-draw45/measurements.json,student_topk,1e-06,0.1650841166249764
density-s-i64250-draw45,density,s-i64250,raw/density-s-i64250-draw45/measurements.json,student_topk,1e-05,0.07962012810303712
density-s-i64250-draw45,density,s-i64250,raw/density-s-i64250-draw45/measurements.json,topk_intersection,0.0,0.3044468897355392
density-s-i64250-draw45,density,s-i64250,raw/density-s-i64250-draw45/measurements.json,topk_intersection,1e-08,0.30399802815683863
density-s-i64250-draw45,density,s-i64250,raw/density-s-i64250-draw45/measurements.json,topk_intersection,1e-07,0.2882947310748288
density-s-i64250-draw45,density,s-i64250,raw/density-s-i64250-draw45/measurements.json,topk_intersection,1e-06,0.16506005490108908
density-s-i64250-draw45,density,s-i64250,raw/density-s-i64250-draw45/measurements.json,topk_intersection,1e-05,0.07960966648395565
density-s-i64250-draw45,density,s-i64250,raw/density-s-i64250-draw45/measurements.json,teacher_topk,0.0,0.3044407290043023
density-s-i64250-draw45,density,s-i64250,raw/density-s-i64250-draw45/measurements.json,teacher_topk,1e-08,0.3039918674256018
density-s-i64250-draw45,density,s-i64250,raw/density-s-i64250-draw45/measurements.json,teacher_topk,1e-07,0.28828967462560606
density-s-i64250-draw45,density,s-i64250,raw/density-s-i64250-draw45/measurements.json,teacher_topk,1e-06,0.16505511469207837
density-s-i64250-draw45,density,s-i64250,raw/density-s-i64250-draw45/measurements.json,teacher_topk,1e-05,0.07961053828554578
density-s-i64250-draw45,density,s-i64250,raw/density-s-i64250-draw45/measurements.json,full_vocab,0.0,0.30454964608296153
density-s-i64250-draw45,density,s-i64250,raw/density-s-i64250-draw45/measurements.json,full_vocab,1e-08,0.3040996221021408
density-s-i64250-draw45,density,s-i64250,raw/density-s-i64250-draw45/measurements.json,full_vocab,1e-07,0.2884026019915798
density-s-i64250-draw45,density,s-i64250,raw/density-s-i64250-draw45/measurements.json,full_vocab,1e-06,0.16512137161292761
density-s-i64250-draw45,density,s-i64250,raw/density-s-i64250-draw45/measurements.json,full_vocab,1e-05,0.07964221374332019
density-s-i64250-draw45,density,s-i64250,raw/density-s-i64250-draw45/measurements.json,sampled_pg_draw1,0.0,0.3039516483122442
density-s-i64250-draw45,density,s-i64250,raw/density-s-i64250-draw45/measurements.json,sampled_pg_draw1,1e-08,0.30350516965789
density-s-i64250-draw45,density,s-i64250,raw/density-s-i64250-draw45/measurements.json,sampled_pg_draw1,1e-07,0.2877885630716043
density-s-i64250-draw45,density,s-i64250,raw/density-s-i64250-draw45/measurements.json,sampled_pg_draw1,1e-06,0.16475120465776202
density-s-i64250-draw45,density,s-i64250,raw/density-s-i64250-draw45/measurements.json,sampled_pg_draw1,1e-05,0.07943228392041894
density-s-i64250-draw45,density,s-i64250,raw/density-s-i64250-draw45/measurements.json,sampled_pg_draw2,0.0,0.3030836826491193
density-s-i64250-draw45,density,s-i64250,raw/density-s-i64250-draw45/measurements.json,sampled_pg_draw2,1e-08,0.30263487919052473
density-s-i64250-draw45,density,s-i64250,raw/density-s-i64250-draw45/measurements.json,sampled_pg_draw2,1e-07,0.28691257683385024
density-s-i64250-draw45,density,s-i64250,raw/density-s-i64250-draw45/measurements.json,sampled_pg_draw2,1e-06,0.16423225023121574
density-s-i64250-draw45,density,s-i64250,raw/density-s-i64250-draw45/measurements.json,sampled_pg_draw2,1e-05,0.07928431013052233
density-s-i64250-draw45,density,s-i64250,raw/density-s-i64250-draw45/measurements.json,sampled_pg_draw3,0.0,0.3039403148915726
density-s-i64250-draw45,density,s-i64250,raw/density-s-i64250-draw45/measurements.json,sampled_pg_draw3,1e-08,0.3034937199970064
density-s-i64250-draw45,density,s-i64250,raw/density-s-i64250-draw45/measurements.json,sampled_pg_draw3,1e-07,0.2877738586847842
density-s-i64250-draw45,density,s-i64250,raw/density-s-i64250-draw45/measurements.json,sampled_pg_draw3,1e-06,0.1647430097228149
density-s-i64250-draw45,density,s-i64250,raw/density-s-i64250-draw45/measurements.json,sampled_pg_draw3,1e-05,0.07943373692306914
teachers-m-pg250-draw42,teachers,m-pg250,raw/teachers-m-pg250-draw42/measurements.json,zero_gradient,0.0,0.18186612287449658
teachers-m-pg250-draw42,teachers,m-pg250,raw/teachers-m-pg250-draw42/measurements.json,zero_gradient,1e-08,0.18126829946409728
teachers-m-pg250-draw42,teachers,m-pg250,raw/teachers-m-pg250-draw42/measurements.json,zero_gradient,1e-07,0.16017784975619684
teachers-m-pg250-draw42,teachers,m-pg250,raw/teachers-m-pg250-draw42/measurements.json,zero_gradient,1e-06,0.08622669867308357
teachers-m-pg250-draw42,teachers,m-pg250,raw/teachers-m-pg250-draw42/measurements.json,zero_gradient,1e-05,0.03515034267242533
teachers-m-pg250-draw42,teachers,m-pg250,raw/teachers-m-pg250-draw42/measurements.json,routed/math/sampled_pg,0.0,0.18836255584365771
teachers-m-pg250-draw42,teachers,m-pg250,raw/teachers-m-pg250-draw42/measurements.json,routed/math/sampled_pg,1e-08,0.18777920433965442
teachers-m-pg250-draw42,teachers,m-pg250,raw/teachers-m-pg250-draw42/measurements.json,routed/math/sampled_pg,1e-07,0.1670598515086157
teachers-m-pg250-draw42,teachers,m-pg250,raw/teachers-m-pg250-draw42/measurements.json,routed/math/sampled_pg,1e-06,0.0897244828928629
teachers-m-pg250-draw42,teachers,m-pg250,raw/teachers-m-pg250-draw42/measurements.json,routed/math/sampled_pg,1e-05,0.0364850709069013
teachers-m-pg250-draw42,teachers,m-pg250,raw/teachers-m-pg250-draw42/measurements.json,routed/math/topk_intersection,0.0,0.19222440440747174
teachers-m-pg250-draw42,teachers,m-pg250,raw/teachers-m-pg250-draw42/measurements.json,routed/math/topk_intersection,1e-08,0.19165163076276193
teachers-m-pg250-draw42,teachers,m-pg250,raw/teachers-m-pg250-draw42/measurements.json,routed/math/topk_intersection,1e-07,0.17111547250586073
teachers-m-pg250-draw42,teachers,m-pg250,raw/teachers-m-pg250-draw42/measurements.json,routed/math/topk_intersection,1e-06,0.09195484196092366
teachers-m-pg250-draw42,teachers,m-pg250,raw/teachers-m-pg250-draw42/measurements.json,routed/math/topk_intersection,1e-05,0.03739139583999157
teachers-m-pg250-draw42,teachers,m-pg250,raw/teachers-m-pg250-draw42/measurements.json,routed/code/sampled_pg,0.0,0.1818664715951326
teachers-m-pg250-draw42,teachers,m-pg250,raw/teachers-m-pg250-draw42/measurements.json,routed/code/sampled_pg,1e-08,0.18126876442494536
teachers-m-pg250-draw42,teachers,m-pg250,raw/teachers-m-pg250-draw42/measurements.json,routed/code/sampled_pg,1e-07,0.16017721043503078
teachers-m-pg250-draw42,teachers,m-pg250,raw/teachers-m-pg250-draw42/measurements.json,routed/code/sampled_pg,1e-06,0.08622675679318959
teachers-m-pg250-draw42,teachers,m-pg250,raw/teachers-m-pg250-draw42/measurements.json,routed/code/sampled_pg,1e-05,0.03515022643221332
teachers-m-pg250-draw42,teachers,m-pg250,raw/teachers-m-pg250-draw42/measurements.json,routed/code/topk_intersection,0.0,0.19010714706570275
teachers-m-pg250-draw42,teachers,m-pg250,raw/teachers-m-pg250-draw42/measurements.json,routed/code/topk_intersection,1e-08,0.18952693404742393
teachers-m-pg250-draw42,teachers,m-pg250,raw/teachers-m-pg250-draw42/measurements.json,routed/code/topk_intersection,1e-07,0.16888063818963736
teachers-m-pg250-draw42,teachers,m-pg250,raw/teachers-m-pg250-draw42/measurements.json,routed/code/topk_intersection,1e-06,0.09071589566114903
teachers-m-pg250-draw42,teachers,m-pg250,raw/teachers-m-pg250-draw42/measurements.json,routed/code/topk_intersection,1e-05,0.03686232851499986
teachers-m-pg250-draw42,teachers,m-pg250,raw/teachers-m-pg250-draw42/measurements.json,routed/if/sampled_pg,0.0,0.18781907473237597
teachers-m-pg250-draw42,teachers,m-pg250,raw/teachers-m-pg250-draw42/measurements.json,routed/if/sampled_pg,1e-08,0.18724850965169448
teachers-m-pg250-draw42,teachers,m-pg250,raw/teachers-m-pg250-draw42/measurements.json,routed/if/sampled_pg,1e-07,0.16648167269404712
teachers-m-pg250-draw42,teachers,m-pg250,raw/teachers-m-pg250-draw42/measurements.json,routed/if/sampled_pg,1e-06,0.08948287761218725
teachers-m-pg250-draw42,teachers,m-pg250,raw/teachers-m-pg250-draw42/measurements.json,routed/if/sampled_pg,1e-05,0.036335760354566496
teachers-m-pg250-draw42,teachers,m-pg250,raw/teachers-m-pg250-draw42/measurements.json,routed/if/topk_intersection,0.0,0.18783459280068013
teachers-m-pg250-draw42,teachers,m-pg250,raw/teachers-m-pg250-draw42/measurements.json,routed/if/topk_intersection,1e-08,0.18724519680565202
teachers-m-pg250-draw42,teachers,m-pg250,raw/teachers-m-pg250-draw42/measurements.json,routed/if/topk_intersection,1e-07,0.1664814983337291
teachers-m-pg250-draw42,teachers,m-pg250,raw/teachers-m-pg250-draw42/measurements.json,routed/if/topk_intersection,1e-06,0.08941121552147926
teachers-m-pg250-draw42,teachers,m-pg250,raw/teachers-m-pg250-draw42/measurements.json,routed/if/topk_intersection,1e-05,0.03630443361742813
teachers-m-pg250-draw42,teachers,m-pg250,raw/teachers-m-pg250-draw42/measurements.json,routed/science/sampled_pg,0.0,0.18991163102909153
teachers-m-pg250-draw42,teachers,m-pg250,raw/teachers-m-pg250-draw42/measurements.json,routed/science/sampled_pg,1e-08,0.1893307786896466
teachers-m-pg250-draw42,teachers,m-pg250,raw/teachers-m-pg250-draw42/measurements.json,routed/science/sampled_pg,1e-07,0.1686950025710475
teachers-m-pg250-draw42,teachers,m-pg250,raw/teachers-m-pg250-draw42/measurements.json,routed/science/sampled_pg,1e-06,0.09054147722301874
teachers-m-pg250-draw42,teachers,m-pg250,raw/teachers-m-pg250-draw42/measurements.json,routed/science/sampled_pg,1e-05,0.03672929159234733
teachers-m-pg250-draw42,teachers,m-pg250,raw/teachers-m-pg250-draw42/measurements.json,routed/science/topk_intersection,0.0,0.1906766078643701
teachers-m-pg250-draw42,teachers,m-pg250,raw/teachers-m-pg250-draw42/measurements.json,routed/science/topk_intersection,1e-08,0.19010139317520797
teachers-m-pg250-draw42,teachers,m-pg250,raw/teachers-m-pg250-draw42/measurements.json,routed/science/topk_intersection,1e-07,0.16949136426357045
teachers-m-pg250-draw42,teachers,m-pg250,raw/teachers-m-pg250-draw42/measurements.json,routed/science/topk_intersection,1e-06,0.09099138496362741
teachers-m-pg250-draw42,teachers,m-pg250,raw/teachers-m-pg250-draw42/measurements.json,routed/science/topk_intersection,1e-05,0.036940151336944706
teachers-m-pg250-draw42,teachers,m-pg250,raw/teachers-m-pg250-draw42/measurements.json,common/math/sampled_pg,0.0,0.1899048890967946
teachers-m-pg250-draw42,teachers,m-pg250,raw/teachers-m-pg250-draw42/measurements.json,common/math/sampled_pg,1e-08,0.18933409153568906
teachers-m-pg250-draw42,teachers,m-pg250,raw/teachers-m-pg250-draw42/measurements.json,common/math/sampled_pg,1e-07,0.1686857033540862
teachers-m-pg250-draw42,teachers,m-pg250,raw/teachers-m-pg250-draw42/measurements.json,common/math/sampled_pg,1e-06,0.09055647221036882
teachers-m-pg250-draw42,teachers,m-pg250,raw/teachers-m-pg250-draw42/measurements.json,common/math/sampled_pg,1e-05,0.03672539754524478
teachers-m-pg250-draw42,teachers,m-pg250,raw/teachers-m-pg250-draw42/measurements.json,common/math/topk_intersection,0.0,0.1926474606591047
teachers-m-pg250-draw42,teachers,m-pg250,raw/teachers-m-pg250-draw42/measurements.json,common/math/topk_intersection,1e-08,0.19207288529110864
teachers-m-pg250-draw42,teachers,m-pg250,raw/teachers-m-pg250-draw42/measurements.json,common/math/topk_intersection,1e-07,0.17156851873219386
teachers-m-pg250-draw42,teachers,m-pg250,raw/teachers-m-pg250-draw42/measurements.json,common/math/topk_intersection,1e-06,0.09220661826015072
teachers-m-pg250-draw42,teachers,m-pg250,raw/teachers-m-pg250-draw42/measurements.json,common/math/topk_intersection,1e-05,0.03749897615621256
teachers-m-pg250-draw42,teachers,m-pg250,raw/teachers-m-pg250-draw42/measurements.json,common/code/sampled_pg,0.0,0.1899172686793743
teachers-m-pg250-draw42,teachers,m-pg250,raw/teachers-m-pg250-draw42/measurements.json,common/code/sampled_pg,1e-08,0.18934513435583059
teachers-m-pg250-draw42,teachers,m-pg250,raw/teachers-m-pg250-draw42/measurements.json,common/code/sampled_pg,1e-07,0.16870250006472257
teachers-m-pg250-draw42,teachers,m-pg250,raw/teachers-m-pg250-draw42/measurements.json,common/code/sampled_pg,1e-06,0.09056379534372584
teachers-m-pg250-draw42,teachers,m-pg250,raw/teachers-m-pg250-draw42/measurements.json,common/code/sampled_pg,1e-05,0.036737254046870435
teachers-m-pg250-draw42,teachers,m-pg250,raw/teachers-m-pg250-draw42/measurements.json,common/code/topk_intersection,0.0,0.19260631162405095
teachers-m-pg250-draw42,teachers,m-pg250,raw/teachers-m-pg250-draw42/measurements.json,common/code/topk_intersection,1e-08,0.1920317943761609
teachers-m-pg250-draw42,teachers,m-pg250,raw/teachers-m-pg250-draw42/measurements.json,common/code/topk_intersection,1e-07,0.17153126374424266
teachers-m-pg250-draw42,teachers,m-pg250,raw/teachers-m-pg250-draw42/measurements.json,common/code/topk_intersection,1e-06,0.09218447449976165
teachers-m-pg250-draw42,teachers,m-pg250,raw/teachers-m-pg250-draw42/measurements.json,common/code/topk_intersection,1e-05,0.03749130430221949
teachers-m-pg250-draw42,teachers,m-pg250,raw/teachers-m-pg250-draw42/measurements.json,common/if/sampled_pg,0.0,0.1901972332300153
teachers-m-pg250-draw42,teachers,m-pg250,raw/teachers-m-pg250-draw42/measurements.json,common/if/sampled_pg,1e-08,0.18962480830594156
teachers-m-pg250-draw42,teachers,m-pg250,raw/teachers-m-pg250-draw42/measurements.json,common/if/sampled_pg,1e-07,0.16898263897568158
teachers-m-pg250-draw42,teachers,m-pg250,raw/teachers-m-pg250-draw42/measurements.json,common/if/sampled_pg,1e-06,0.0907099092902302
teachers-m-pg250-draw42,teachers,m-pg250,raw/teachers-m-pg250-draw42/measurements.json,common/if/sampled_pg,1e-05,0.036785086894115096
teachers-m-pg250-draw42,teachers,m-pg250,raw/teachers-m-pg250-draw42/measurements.json,common/if/topk_intersection,0.0,0.1926489717818609
teachers-m-pg250-draw42,teachers,m-pg250,raw/teachers-m-pg250-draw42/measurements.json,common/if/topk_intersection,1e-08,0.1920775930196953
teachers-m-pg250-draw42,teachers,m-pg250,raw/teachers-m-pg250-draw42/measurements.json,common/if/topk_intersection,1e-07,0.17158455988145208
teachers-m-pg250-draw42,teachers,m-pg250,raw/teachers-m-pg250-draw42/measurements.json,common/if/topk_intersection,1e-06,0.0922101054665112
teachers-m-pg250-draw42,teachers,m-pg250,raw/teachers-m-pg250-draw42/measurements.json,common/if/topk_intersection,1e-05,0.03749694195250228
teachers-m-pg250-draw42,teachers,m-pg250,raw/teachers-m-pg250-draw42/measurements.json,common/science/sampled_pg,0.0,0.18993935431965736
teachers-m-pg250-draw42,teachers,m-pg250,raw/teachers-m-pg250-draw42/measurements.json,common/science/sampled_pg,1e-08,0.18937064908236814
teachers-m-pg250-draw42,teachers,m-pg250,raw/teachers-m-pg250-draw42/measurements.json,common/science/sampled_pg,1e-07,0.16872476006532366
teachers-m-pg250-draw42,teachers,m-pg250,raw/teachers-m-pg250-draw42/measurements.json,common/science/sampled_pg,1e-06,0.09058762458718916
teachers-m-pg250-draw42,teachers,m-pg250,raw/teachers-m-pg250-draw42/measurements.json,common/science/sampled_pg,1e-05,0.036748296867011976
teachers-m-pg250-draw42,teachers,m-pg250,raw/teachers-m-pg250-draw42/measurements.json,common/science/topk_intersection,0.0,0.19252918624337823
teachers-m-pg250-draw42,teachers,m-pg250,raw/teachers-m-pg250-draw42/measurements.json,common/science/topk_intersection,1e-08,0.1919562382383504
teachers-m-pg250-draw42,teachers,m-pg250,raw/teachers-m-pg250-draw42/measurements.json,common/science/topk_intersection,1e-07,0.1714488494339232
teachers-m-pg250-draw42,teachers,m-pg250,raw/teachers-m-pg250-draw42/measurements.json,common/science/topk_intersection,1e-06,0.09213768781442512
teachers-m-pg250-draw42,teachers,m-pg250,raw/teachers-m-pg250-draw42/measurements.json,common/science/topk_intersection,1e-05,0.03747346142967501
teachers-m-pg500-draw42,teachers,m-pg500,raw/teachers-m-pg500-draw42/measurements.json,zero_gradient,0.0,0.16236554866644767
teachers-m-pg500-draw42,teachers,m-pg500,raw/teachers-m-pg500-draw42/measurements.json,zero_gradient,1e-08,0.16169577256481033
teachers-m-pg500-draw42,teachers,m-pg500,raw/teachers-m-pg500-draw42/measurements.json,zero_gradient,1e-07,0.1402264960059491
teachers-m-pg500-draw42,teachers,m-pg500,raw/teachers-m-pg500-draw42/measurements.json,zero_gradient,1e-06,0.07914150903006043
teachers-m-pg500-draw42,teachers,m-pg500,raw/teachers-m-pg500-draw42/measurements.json,zero_gradient,1e-05,0.036317452521173944
teachers-m-pg500-draw42,teachers,m-pg500,raw/teachers-m-pg500-draw42/measurements.json,routed/math/sampled_pg,0.0,0.16237542908446903
teachers-m-pg500-draw42,teachers,m-pg500,raw/teachers-m-pg500-draw42/measurements.json,routed/math/sampled_pg,1e-08,0.16170722222569392
teachers-m-pg500-draw42,teachers,m-pg500,raw/teachers-m-pg500-draw42/measurements.json,routed/math/sampled_pg,1e-07,0.14023626018375848
teachers-m-pg500-draw42,teachers,m-pg500,raw/teachers-m-pg500-draw42/measurements.json,routed/math/sampled_pg,1e-06,0.07915040140627967
teachers-m-pg500-draw42,teachers,m-pg500,raw/teachers-m-pg500-draw42/measurements.json,routed/math/sampled_pg,1e-05,0.0363192542444602
teachers-m-pg500-draw42,teachers,m-pg500,raw/teachers-m-pg500-draw42/measurements.json,routed/math/topk_intersection,0.0,0.16281307348270999
teachers-m-pg500-draw42,teachers,m-pg500,raw/teachers-m-pg500-draw42/measurements.json,routed/math/topk_intersection,1e-08,0.162145505945101
teachers-m-pg500-draw42,teachers,m-pg500,raw/teachers-m-pg500-draw42/measurements.json,routed/math/topk_intersection,1e-07,0.1407036620762756
teachers-m-pg500-draw42,teachers,m-pg500,raw/teachers-m-pg500-draw42/measurements.json,routed/math/topk_intersection,1e-06,0.0794003759822205
teachers-m-pg500-draw42,teachers,m-pg500,raw/teachers-m-pg500-draw42/measurements.json,routed/math/topk_intersection,1e-05,0.03643096108820776
teachers-m-pg500-draw42,teachers,m-pg500,raw/teachers-m-pg500-draw42/measurements.json,routed/code/sampled_pg,0.0,0.1638336625442122
teachers-m-pg500-draw42,teachers,m-pg500,raw/teachers-m-pg500-draw42/measurements.json,routed/code/sampled_pg,1e-08,0.16316964033306966
teachers-m-pg500-draw42,teachers,m-pg500,raw/teachers-m-pg500-draw42/measurements.json,routed/code/sampled_pg,1e-07,0.1417673181363298
teachers-m-pg500-draw42,teachers,m-pg500,raw/teachers-m-pg500-draw42/measurements.json,routed/code/sampled_pg,1e-06,0.0799609444046686
teachers-m-pg500-draw42,teachers,m-pg500,raw/teachers-m-pg500-draw42/measurements.json,routed/code/sampled_pg,1e-05,0.03669982469860122
teachers-m-pg500-draw42,teachers,m-pg500,raw/teachers-m-pg500-draw42/measurements.json,routed/code/topk_intersection,0.0,0.16914438723070213
teachers-m-pg500-draw42,teachers,m-pg500,raw/teachers-m-pg500-draw42/measurements.json,routed/code/topk_intersection,1e-08,0.16848861807461274
teachers-m-pg500-draw42,teachers,m-pg500,raw/teachers-m-pg500-draw42/measurements.json,routed/code/topk_intersection,1e-07,0.1473183113410572
teachers-m-pg500-draw42,teachers,m-pg500,raw/teachers-m-pg500-draw42/measurements.json,routed/code/topk_intersection,1e-06,0.08293495022910295
teachers-m-pg500-draw42,teachers,m-pg500,raw/teachers-m-pg500-draw42/measurements.json,routed/code/topk_intersection,1e-05,0.038034029852123105
teachers-m-pg500-draw42,teachers,m-pg500,raw/teachers-m-pg500-draw42/measurements.json,routed/if/sampled_pg,0.0,0.17285907568610367
teachers-m-pg500-draw42,teachers,m-pg500,raw/teachers-m-pg500-draw42/measurements.json,routed/if/sampled_pg,1e-08,0.1722212656427708
teachers-m-pg500-draw42,teachers,m-pg500,raw/teachers-m-pg500-draw42/measurements.json,routed/if/sampled_pg,1e-07,0.15114214935554193
teachers-m-pg500-draw42,teachers,m-pg500,raw/teachers-m-pg500-draw42/measurements.json,routed/if/sampled_pg,1e-06,0.08493544427790167
teachers-m-pg500-draw42,teachers,m-pg500,raw/teachers-m-pg500-draw42/measurements.json,routed/if/sampled_pg,1e-05,0.03878389545983958
teachers-m-pg500-draw42,teachers,m-pg500,raw/teachers-m-pg500-draw42/measurements.json,routed/if/topk_intersection,0.0,0.17443006215150256
teachers-m-pg500-draw42,teachers,m-pg500,raw/teachers-m-pg500-draw42/measurements.json,routed/if/topk_intersection,1e-08,0.1737938213510319
teachers-m-pg500-draw42,teachers,m-pg500,raw/teachers-m-pg500-draw42/measurements.json,routed/if/topk_intersection,1e-07,0.15280525618896365
teachers-m-pg500-draw42,teachers,m-pg500,raw/teachers-m-pg500-draw42/measurements.json,routed/if/topk_intersection,1e-06,0.0858198579310269
teachers-m-pg500-draw42,teachers,m-pg500,raw/teachers-m-pg500-draw42/measurements.json,routed/if/topk_intersection,1e-05,0.03919788497493526
teachers-m-pg500-draw42,teachers,m-pg500,raw/teachers-m-pg500-draw42/measurements.json,routed/science/sampled_pg,0.0,0.16868523839323815
teachers-m-pg500-draw42,teachers,m-pg500,raw/teachers-m-pg500-draw42/measurements.json,routed/science/sampled_pg,1e-08,0.16802999231810284
teachers-m-pg500-draw42,teachers,m-pg500,raw/teachers-m-pg500-draw42/measurements.json,routed/science/sampled_pg,1e-07,0.14685393169405248
teachers-m-pg500-draw42,teachers,m-pg500,raw/teachers-m-pg500-draw42/measurements.json,routed/science/sampled_pg,1e-06,0.08270316724634265
teachers-m-pg500-draw42,teachers,m-pg500,raw/teachers-m-pg500-draw42/measurements.json,routed/science/sampled_pg,1e-05,0.03790866478346364
teachers-m-pg500-draw42,teachers,m-pg500,raw/teachers-m-pg500-draw42/measurements.json,routed/science/topk_intersection,0.0,0.16853749708376556
teachers-m-pg500-draw42,teachers,m-pg500,raw/teachers-m-pg500-draw42/measurements.json,routed/science/topk_intersection,1e-08,0.16788846985997313
teachers-m-pg500-draw42,teachers,m-pg500,raw/teachers-m-pg500-draw42/measurements.json,routed/science/topk_intersection,1e-07,0.14670311001896147
teachers-m-pg500-draw42,teachers,m-pg500,raw/teachers-m-pg500-draw42/measurements.json,routed/science/topk_intersection,1e-06,0.08259302964545731
teachers-m-pg500-draw42,teachers,m-pg500,raw/teachers-m-pg500-draw42/measurements.json,routed/science/topk_intersection,1e-05,0.037872223476996564
teachers-m-pg500-draw42,teachers,m-pg500,raw/teachers-m-pg500-draw42/measurements.json,common/math/sampled_pg,0.0,0.17267657855323823
teachers-m-pg500-draw42,teachers,m-pg500,raw/teachers-m-pg500-draw42/measurements.json,common/math/sampled_pg,1e-08,0.1720376642278912
teachers-m-pg500-draw42,teachers,m-pg500,raw/teachers-m-pg500-draw42/measurements.json,common/math/sampled_pg,1e-07,0.15095761801896623
teachers-m-pg500-draw42,teachers,m-pg500,raw/teachers-m-pg500-draw42/measurements.json,common/math/sampled_pg,1e-06,0.08484059226489644
teachers-m-pg500-draw42,teachers,m-pg500,raw/teachers-m-pg500-draw42/measurements.json,common/math/sampled_pg,1e-05,0.03873367968824859
teachers-m-pg500-draw42,teachers,m-pg500,raw/teachers-m-pg500-draw42/measurements.json,common/math/topk_intersection,0.0,0.17424547269482082
teachers-m-pg500-draw42,teachers,m-pg500,raw/teachers-m-pg500-draw42/measurements.json,common/math/topk_intersection,1e-08,0.17360487288639956
teachers-m-pg500-draw42,teachers,m-pg500,raw/teachers-m-pg500-draw42/measurements.json,common/math/topk_intersection,1e-07,0.1525988135724229
teachers-m-pg500-draw42,teachers,m-pg500,raw/teachers-m-pg500-draw42/measurements.json,common/math/topk_intersection,1e-06,0.08569809630893993
teachers-m-pg500-draw42,teachers,m-pg500,raw/teachers-m-pg500-draw42/measurements.json,common/math/topk_intersection,1e-05,0.039160746227196085
teachers-m-pg500-draw42,teachers,m-pg500,raw/teachers-m-pg500-draw42/measurements.json,common/code/sampled_pg,0.0,0.17287860404172237
teachers-m-pg500-draw42,teachers,m-pg500,raw/teachers-m-pg500-draw42/measurements.json,common/code/sampled_pg,1e-08,0.17223753927245308
teachers-m-pg500-draw42,teachers,m-pg500,raw/teachers-m-pg500-draw42/measurements.json,common/code/sampled_pg,1e-07,0.1511634213143409
teachers-m-pg500-draw42,teachers,m-pg500,raw/teachers-m-pg500-draw42/measurements.json,common/code/sampled_pg,1e-06,0.08495491451341439
teachers-m-pg500-draw42,teachers,m-pg500,raw/teachers-m-pg500-draw42/measurements.json,common/code/sampled_pg,1e-05,0.03878924250959233
teachers-m-pg500-draw42,teachers,m-pg500,raw/teachers-m-pg500-draw42/measurements.json,common/code/topk_intersection,0.0,0.1741878756697668
teachers-m-pg500-draw42,teachers,m-pg500,raw/teachers-m-pg500-draw42/measurements.json,common/code/topk_intersection,1e-08,0.1735555289163987
teachers-m-pg500-draw42,teachers,m-pg500,raw/teachers-m-pg500-draw42/measurements.json,common/code/topk_intersection,1e-07,0.15255731581673312
teachers-m-pg500-draw42,teachers,m-pg500,raw/teachers-m-pg500-draw42/measurements.json,common/code/topk_intersection,1e-06,0.085655552391342
teachers-m-pg500-draw42,teachers,m-pg500,raw/teachers-m-pg500-draw42/measurements.json,common/code/topk_intersection,1e-05,0.0391587120234858
teachers-m-pg500-draw42,teachers,m-pg500,raw/teachers-m-pg500-draw42/measurements.json,common/if/sampled_pg,0.0,0.17285907568610367
teachers-m-pg500-draw42,teachers,m-pg500,raw/teachers-m-pg500-draw42/measurements.json,common/if/sampled_pg,1e-08,0.17222039384118068
teachers-m-pg500-draw42,teachers,m-pg500,raw/teachers-m-pg500-draw42/measurements.json,common/if/sampled_pg,1e-07,0.15114290491692006
teachers-m-pg500-draw42,teachers,m-pg500,raw/teachers-m-pg500-draw42/measurements.json,common/if/sampled_pg,1e-06,0.08493224767207122
teachers-m-pg500-draw42,teachers,m-pg500,raw/teachers-m-pg500-draw42/measurements.json,common/if/sampled_pg,1e-05,0.03878029201326708
teachers-m-pg500-draw42,teachers,m-pg500,raw/teachers-m-pg500-draw42/measurements.json,common/if/topk_intersection,0.0,0.17441582272553058
teachers-m-pg500-draw42,teachers,m-pg500,raw/teachers-m-pg500-draw42/measurements.json,common/if/topk_intersection,1e-08,0.17377632719912348
teachers-m-pg500-draw42,teachers,m-pg500,raw/teachers-m-pg500-draw42/measurements.json,common/if/topk_intersection,1e-07,0.15278921503970544
teachers-m-pg500-draw42,teachers,m-pg500,raw/teachers-m-pg500-draw42/measurements.json,common/if/topk_intersection,1e-06,0.08579608680766958
teachers-m-pg500-draw42,teachers,m-pg500,raw/teachers-m-pg500-draw42/measurements.json,common/if/topk_intersection,1e-05,0.039198466175995345
teachers-m-pg500-draw42,teachers,m-pg500,raw/teachers-m-pg500-draw42/measurements.json,common/science/sampled_pg,0.0,0.17258463254553344
teachers-m-pg500-draw42,teachers,m-pg500,raw/teachers-m-pg500-draw42/measurements.json,common/science/sampled_pg,1e-08,0.17194595070061044
teachers-m-pg500-draw42,teachers,m-pg500,raw/teachers-m-pg500-draw42/measurements.json,common/science/sampled_pg,1e-07,0.15086235916521895
teachers-m-pg500-draw42,teachers,m-pg500,raw/teachers-m-pg500-draw42/measurements.json,common/science/sampled_pg,1e-06,0.08479101581447154
teachers-m-pg500-draw42,teachers,m-pg500,raw/teachers-m-pg500-draw42/measurements.json,common/science/sampled_pg,1e-05,0.038714441933159906
teachers-m-pg500-draw42,teachers,m-pg500,raw/teachers-m-pg500-draw42/measurements.json,common/science/topk_intersection,0.0,0.17427209170337254
teachers-m-pg500-draw42,teachers,m-pg500,raw/teachers-m-pg500-draw42/measurements.json,common/science/topk_intersection,1e-08,0.1736374201457641
teachers-m-pg500-draw42,teachers,m-pg500,raw/teachers-m-pg500-draw42/measurements.json,common/science/topk_intersection,1e-07,0.15265036610645208
teachers-m-pg500-draw42,teachers,m-pg500,raw/teachers-m-pg500-draw42/measurements.json,common/science/topk_intersection,1e-06,0.08570396643964674
teachers-m-pg500-draw42,teachers,m-pg500,raw/teachers-m-pg500-draw42/measurements.json,common/science/topk_intersection,1e-05,0.039182192546313076
normalization-m-pg500-draw42-quota1234-uniform,normalization,m-pg500,raw/normalization-m-pg500-draw42-quota1234-uniform/measurements.json,zero_gradient,0.0,0.16236554866644767
normalization-m-pg500-draw42-quota1234-uniform,normalization,m-pg500,raw/normalization-m-pg500-draw42-quota1234-uniform/measurements.json,zero_gradient,1e-08,0.16169577256481033
normalization-m-pg500-draw42-quota1234-uniform,normalization,m-pg500,raw/normalization-m-pg500-draw42-quota1234-uniform/measurements.json,zero_gradient,1e-07,0.1402264960059491
normalization-m-pg500-draw42-quota1234-uniform,normalization,m-pg500,raw/normalization-m-pg500-draw42-quota1234-uniform/measurements.json,zero_gradient,1e-06,0.07914150903006043
normalization-m-pg500-draw42-quota1234-uniform,normalization,m-pg500,raw/normalization-m-pg500-draw42-quota1234-uniform/measurements.json,zero_gradient,1e-05,0.036317452521173944
normalization-m-pg500-draw42-quota1234-uniform,normalization,m-pg500,raw/normalization-m-pg500-draw42-quota1234-uniform/measurements.json,DR,0.0,0.17523206149430828
normalization-m-pg500-draw42-quota1234-uniform,normalization,m-pg500,raw/normalization-m-pg500-draw42-quota1234-uniform/measurements.json,DR,1e-08,0.1745968087356398
normalization-m-pg500-draw42-quota1234-uniform,normalization,m-pg500,raw/normalization-m-pg500-draw42-quota1234-uniform/measurements.json,DR,1e-07,0.15352007537275725
normalization-m-pg500-draw42-quota1234-uniform,normalization,m-pg500,raw/normalization-m-pg500-draw42-quota1234-uniform/measurements.json,DR,1e-06,0.08633503455068266
normalization-m-pg500-draw42-quota1234-uniform,normalization,m-pg500,raw/normalization-m-pg500-draw42-quota1234-uniform/measurements.json,DR,1e-05,0.039621871148264334
normalization-m-pg500-draw42-quota1234-uniform,normalization,m-pg500,raw/normalization-m-pg500-draw42-quota1234-uniform/measurements.json,DT,0.0,0.1754697146077754
normalization-m-pg500-draw42-quota1234-uniform,normalization,m-pg500,raw/normalization-m-pg500-draw42-quota1234-uniform/measurements.json,DT,1e-08,0.17482859171840007
normalization-m-pg500-draw42-quota1234-uniform,normalization,m-pg500,raw/normalization-m-pg500-draw42-quota1234-uniform/measurements.json,DT,1e-07,0.1538024809678506
normalization-m-pg500-draw42-quota1234-uniform,normalization,m-pg500,raw/normalization-m-pg500-draw42-quota1234-uniform/measurements.json,DT,1e-06,0.08649870076920146
normalization-m-pg500-draw42-quota1234-uniform,normalization,m-pg500,raw/normalization-m-pg500-draw42-quota1234-uniform/measurements.json,DT,1e-05,0.03966952963519097
normalization-m-pg500-draw42-quota1234-uniform,normalization,m-pg500,raw/normalization-m-pg500-draw42-quota1234-uniform/measurements.json,GT,0.0,0.17592607368015098
normalization-m-pg500-draw42-quota1234-uniform,normalization,m-pg500,raw/normalization-m-pg500-draw42-quota1234-uniform/measurements.json,GT,1e-08,0.17529128588233053
normalization-m-pg500-draw42-quota1234-uniform,normalization,m-pg500,raw/normalization-m-pg500-draw42-quota1234-uniform/measurements.json,GT,1e-07,0.1542201901697308
normalization-m-pg500-draw42-quota1234-uniform,normalization,m-pg500,raw/normalization-m-pg500-draw42-quota1234-uniform/measurements.json,GT,1e-06,0.08669869205397533
normalization-m-pg500-draw42-quota1234-uniform,normalization,m-pg500,raw/normalization-m-pg500-draw42-quota1234-uniform/measurements.json,GT,1e-05,0.0397715885413412
normalization-m-pg500-draw42-long2048,normalization,m-pg500,raw/normalization-m-pg500-draw42-long2048/measurements.json,zero_gradient,0.0,0.16236554866644767
normalization-m-pg500-draw42-long2048,normalization,m-pg500,raw/normalization-m-pg500-draw42-long2048/measurements.json,zero_gradient,1e-08,0.16169577256481033
normalization-m-pg500-draw42-long2048,normalization,m-pg500,raw/normalization-m-pg500-draw42-long2048/measurements.json,zero_gradient,1e-07,0.1402264960059491
normalization-m-pg500-draw42-long2048,normalization,m-pg500,raw/normalization-m-pg500-draw42-long2048/measurements.json,zero_gradient,1e-06,0.07914150903006043
normalization-m-pg500-draw42-long2048,normalization,m-pg500,raw/normalization-m-pg500-draw42-long2048/measurements.json,zero_gradient,1e-05,0.036317452521173944
normalization-m-pg500-draw42-long2048,normalization,m-pg500,raw/normalization-m-pg500-draw42-long2048/measurements.json,DR,0.0,0.17348898139501942
normalization-m-pg500-draw42-long2048,normalization,m-pg500,raw/normalization-m-pg500-draw42-long2048/measurements.json,DR,1e-08,0.172847161064372
normalization-m-pg500-draw42-long2048,normalization,m-pg500,raw/normalization-m-pg500-draw42-long2048/measurements.json,DR,1e-07,0.15169463908325492
normalization-m-pg500-draw42-long2048,normalization,m-pg500,raw/normalization-m-pg500-draw42-long2048/measurements.json,DR,1e-06,0.08534809703055916
normalization-m-pg500-draw42-long2048,normalization,m-pg500,raw/normalization-m-pg500-draw42-long2048/measurements.json,DR,1e-05,0.0391637103526025
normalization-m-pg500-draw42-long2048,normalization,m-pg500,raw/normalization-m-pg500-draw42-long2048/measurements.json,DT,0.0,0.17374337309901688
normalization-m-pg500-draw42-long2048,normalization,m-pg500,raw/normalization-m-pg500-draw42-long2048/measurements.json,DT,1e-08,0.17310114592762738
normalization-m-pg500-draw42-long2048,normalization,m-pg500,raw/normalization-m-pg500-draw42-long2048/measurements.json,DT,1e-07,0.15203051517587574
normalization-m-pg500-draw42-long2048,normalization,m-pg500,raw/normalization-m-pg500-draw42-long2048/measurements.json,DT,1e-06,0.0855306522835306
normalization-m-pg500-draw42-long2048,normalization,m-pg500,raw/normalization-m-pg500-draw42-long2048/measurements.json,DT,1e-05,0.03924507850101384
normalization-m-pg500-draw42-long2048,normalization,m-pg500,raw/normalization-m-pg500-draw42-long2048/measurements.json,GT,0.0,0.17523543246045675
normalization-m-pg500-draw42-long2048,normalization,m-pg500,raw/normalization-m-pg500-draw42-long2048/measurements.json,GT,1e-08,0.17460041218221228
normalization-m-pg500-draw42-long2048,normalization,m-pg500,raw/normalization-m-pg500-draw42-long2048/measurements.json,GT,1e-07,0.15352123777487742
normalization-m-pg500-draw42-long2048,normalization,m-pg500,raw/normalization-m-pg500-draw42-long2048/measurements.json,GT,1e-06,0.08629847700400357
normalization-m-pg500-draw42-long2048,normalization,m-pg500,raw/normalization-m-pg500-draw42-long2048/measurements.json,GT,1e-05,0.03959740258363493
normalization-m-pg250-draw42,normalization,m-pg250,raw/normalization-m-pg250-draw42/measurements.json,zero_gradient,0.0,0.18186612287449658
normalization-m-pg250-draw42,normalization,m-pg250,raw/normalization-m-pg250-draw42/measurements.json,zero_gradient,1e-08,0.18126829946409728
normalization-m-pg250-draw42,normalization,m-pg250,raw/normalization-m-pg250-draw42/measurements.json,zero_gradient,1e-07,0.16017784975619684
normalization-m-pg250-draw42,normalization,m-pg250,raw/normalization-m-pg250-draw42/measurements.json,zero_gradient,1e-06,0.08622669867308357
normalization-m-pg250-draw42,normalization,m-pg250,raw/normalization-m-pg250-draw42/measurements.json,zero_gradient,1e-05,0.03515034267242533
normalization-m-pg250-draw42,normalization,m-pg250,raw/normalization-m-pg250-draw42/measurements.json,DR,0.0,0.1925400547032017
normalization-m-pg250-draw42,normalization,m-pg250,raw/normalization-m-pg250-draw42/measurements.json,DR,1e-08,0.19197565035375708
normalization-m-pg250-draw42,normalization,m-pg250,raw/normalization-m-pg250-draw42/measurements.json,DR,1e-07,0.1713729445754766
normalization-m-pg250-draw42,normalization,m-pg250,raw/normalization-m-pg250-draw42/measurements.json,DR,1e-06,0.09191293736449181
normalization-m-pg250-draw42,normalization,m-pg250,raw/normalization-m-pg250-draw42/measurements.json,DR,1e-05,0.03726289228560767
normalization-m-pg250-draw42,normalization,m-pg250,raw/normalization-m-pg250-draw42/measurements.json,DT,0.0,0.1960990975147136
normalization-m-pg250-draw42,normalization,m-pg250,raw/normalization-m-pg250-draw42/measurements.json,DT,1e-08,0.19553562308696507
normalization-m-pg250-draw42,normalization,m-pg250,raw/normalization-m-pg250-draw42/measurements.json,DT,1e-07,0.17510448786162053
normalization-m-pg250-draw42,normalization,m-pg250,raw/normalization-m-pg250-draw42/measurements.json,DT,1e-06,0.09398892943099504
normalization-m-pg250-draw42,normalization,m-pg250,raw/normalization-m-pg250-draw42/measurements.json,DT,1e-05,0.038197870430959936
normalization-m-pg250-draw42,normalization,m-pg250,raw/normalization-m-pg250-draw42/measurements.json,GT,0.0,0.1968026995180476
normalization-m-pg250-draw42,normalization,m-pg250,raw/normalization-m-pg250-draw42/measurements.json,GT,1e-08,0.19623771396754291
normalization-m-pg250-draw42,normalization,m-pg250,raw/normalization-m-pg250-draw42/measurements.json,GT,1e-07,0.17587562542813595
normalization-m-pg250-draw42,normalization,m-pg250,raw/normalization-m-pg250-draw42/measurements.json,GT,1e-06,0.09443976709329986
normalization-m-pg250-draw42,normalization,m-pg250,raw/normalization-m-pg250-draw42/measurements.json,GT,1e-05,0.038427038008949865
normalization-m-pg250-draw43,normalization,m-pg250,raw/normalization-m-pg250-draw43/measurements.json,zero_gradient,0.0,0.18186612287449658
normalization-m-pg250-draw43,normalization,m-pg250,raw/normalization-m-pg250-draw43/measurements.json,zero_gradient,1e-08,0.18126829946409728
normalization-m-pg250-draw43,normalization,m-pg250,raw/normalization-m-pg250-draw43/measurements.json,zero_gradient,1e-07,0.16017784975619684
normalization-m-pg250-draw43,normalization,m-pg250,raw/normalization-m-pg250-draw43/measurements.json,zero_gradient,1e-06,0.08622669867308357
normalization-m-pg250-draw43,normalization,m-pg250,raw/normalization-m-pg250-draw43/measurements.json,zero_gradient,1e-05,0.03515034267242533
normalization-m-pg250-draw43,normalization,m-pg250,raw/normalization-m-pg250-draw43/measurements.json,DR,0.0,0.19735309692194433
normalization-m-pg250-draw43,normalization,m-pg250,raw/normalization-m-pg250-draw43/measurements.json,DR,1e-08,0.19678985497461982
normalization-m-pg250-draw43,normalization,m-pg250,raw/normalization-m-pg250-draw43/measurements.json,DR,1e-07,0.17649919604549683
normalization-m-pg250-draw43,normalization,m-pg250,raw/normalization-m-pg250-draw43/measurements.json,DR,1e-06,0.0948678216740495
normalization-m-pg250-draw43,normalization,m-pg250,raw/normalization-m-pg250-draw43/measurements.json,DR,1e-05,0.038698052063265626
normalization-m-pg250-draw43,normalization,m-pg250,raw/normalization-m-pg250-draw43/measurements.json,DT,0.0,0.1969251585814067
normalization-m-pg250-draw43,normalization,m-pg250,raw/normalization-m-pg250-draw43/measurements.json,DT,1e-08,0.19636366023726243
normalization-m-pg250-draw43,normalization,m-pg250,raw/normalization-m-pg250-draw43/measurements.json,DT,1e-07,0.17604923018478214
normalization-m-pg250-draw43,normalization,m-pg250,raw/normalization-m-pg250-draw43/measurements.json,DT,1e-06,0.09463231900450468
normalization-m-pg250-draw43,normalization,m-pg250,raw/normalization-m-pg250-draw43/measurements.json,DT,1e-05,0.038595993157115406
normalization-m-pg250-draw43,normalization,m-pg250,raw/normalization-m-pg250-draw43/measurements.json,GT,0.0,0.19678723956984948
normalization-m-pg250-draw43,normalization,m-pg250,raw/normalization-m-pg250-draw43/measurements.json,GT,1e-08,0.19622324206114689
normalization-m-pg250-draw43,normalization,m-pg250,raw/normalization-m-pg250-draw43/measurements.json,GT,1e-07,0.17588998109431994
normalization-m-pg250-draw43,normalization,m-pg250,raw/normalization-m-pg250-draw43/measurements.json,GT,1e-06,0.0945650159217473
normalization-m-pg250-draw43,normalization,m-pg250,raw/normalization-m-pg250-draw43/measurements.json,GT,1e-05,0.03856472454008305
normalization-m-pg500-draw42,normalization,m-pg500,raw/normalization-m-pg500-draw42/measurements.json,zero_gradient,0.0,0.16236554866644767
normalization-m-pg500-draw42,normalization,m-pg500,raw/normalization-m-pg500-draw42/measurements.json,zero_gradient,1e-08,0.16169577256481033
normalization-m-pg500-draw42,normalization,m-pg500,raw/normalization-m-pg500-draw42/measurements.json,zero_gradient,1e-07,0.1402264960059491
normalization-m-pg500-draw42,normalization,m-pg500,raw/normalization-m-pg500-draw42/measurements.json,zero_gradient,1e-06,0.07914150903006043
normalization-m-pg500-draw42,normalization,m-pg500,raw/normalization-m-pg500-draw42/measurements.json,zero_gradient,1e-05,0.036317452521173944
normalization-m-pg500-draw42,normalization,m-pg500,raw/normalization-m-pg500-draw42/measurements.json,DR,0.0,0.17449742335436594
normalization-m-pg500-draw42,normalization,m-pg500,raw/normalization-m-pg500-draw42/measurements.json,DR,1e-08,0.17385961331103308
normalization-m-pg500-draw42,normalization,m-pg500,raw/normalization-m-pg500-draw42/measurements.json,DR,1e-07,0.15271563498549917
normalization-m-pg500-draw42,normalization,m-pg500,raw/normalization-m-pg500-draw42/measurements.json,DR,1e-06,0.08590779365141714
normalization-m-pg500-draw42,normalization,m-pg500,raw/normalization-m-pg500-draw42/measurements.json,DR,1e-05,0.03943838597359677
normalization-m-pg500-draw42,normalization,m-pg500,raw/normalization-m-pg500-draw42/measurements.json,DT,0.0,0.17513000258815806
normalization-m-pg500-draw42,normalization,m-pg500,raw/normalization-m-pg500-draw42/measurements.json,DT,1e-08,0.1744921925448252
normalization-m-pg500-draw42,normalization,m-pg500,raw/normalization-m-pg500-draw42/measurements.json,DT,1e-07,0.1533877940114828
normalization-m-pg500-draw42,normalization,m-pg500,raw/normalization-m-pg500-draw42/measurements.json,DT,1e-06,0.08627807684679473
normalization-m-pg500-draw42,normalization,m-pg500,raw/normalization-m-pg500-draw42/measurements.json,DT,1e-05,0.03959379913706242
normalization-m-pg500-draw42,normalization,m-pg500,raw/normalization-m-pg500-draw42/measurements.json,GT,0.0,0.17570033518841552
normalization-m-pg500-draw42,normalization,m-pg500,raw/normalization-m-pg500-draw42/measurements.json,GT,1e-08,0.17506264138529468
normalization-m-pg500-draw42,normalization,m-pg500,raw/normalization-m-pg500-draw42/measurements.json,GT,1e-07,0.15401293387170592
normalization-m-pg500-draw42,normalization,m-pg500,raw/normalization-m-pg500-draw42/measurements.json,GT,1e-06,0.08661459226058162
normalization-m-pg500-draw42,normalization,m-pg500,raw/normalization-m-pg500-draw42/measurements.json,GT,1e-05,0.03975124650423836
normalization-m-pg500-draw43,normalization,m-pg500,raw/normalization-m-pg500-draw43/measurements.json,zero_gradient,0.0,0.16236554866644767
normalization-m-pg500-draw43,normalization,m-pg500,raw/normalization-m-pg500-draw43/measurements.json,zero_gradient,1e-08,0.16169577256481033
normalization-m-pg500-draw43,normalization,m-pg500,raw/normalization-m-pg500-draw43/measurements.json,zero_gradient,1e-07,0.1402264960059491
normalization-m-pg500-draw43,normalization,m-pg500,raw/normalization-m-pg500-draw43/measurements.json,zero_gradient,1e-06,0.07914150903006043
normalization-m-pg500-draw43,normalization,m-pg500,raw/normalization-m-pg500-draw43/measurements.json,zero_gradient,1e-05,0.036317452521173944
normalization-m-pg500-draw43,normalization,m-pg500,raw/normalization-m-pg500-draw43/measurements.json,DR,0.0,0.18055121359616938
normalization-m-pg500-draw43,normalization,m-pg500,raw/normalization-m-pg500-draw43/measurements.json,DR,1e-08,0.17992799169944454
normalization-m-pg500-draw43,normalization,m-pg500,raw/normalization-m-pg500-draw43/measurements.json,DR,1e-07,0.15919596868529606
normalization-m-pg500-draw43,normalization,m-pg500,raw/normalization-m-pg500-draw43/measurements.json,DR,1e-06,0.08952728137317742
normalization-m-pg500-draw43,normalization,m-pg500,raw/normalization-m-pg500-draw43/measurements.json,DR,1e-05,0.041080104608007505
normalization-m-pg500-draw43,normalization,m-pg500,raw/normalization-m-pg500-draw43/measurements.json,DT,0.0,0.18042956821429443
normalization-m-pg500-draw43,normalization,m-pg500,raw/normalization-m-pg500-draw43/measurements.json,DT,1e-08,0.1798070437588417
normalization-m-pg500-draw43,normalization,m-pg500,raw/normalization-m-pg500-draw43/measurements.json,DT,1e-07,0.1590742070632091
normalization-m-pg500-draw43,normalization,m-pg500,raw/normalization-m-pg500-draw43/measurements.json,DT,1e-06,0.08946358173699255
normalization-m-pg500-draw43,normalization,m-pg500,raw/normalization-m-pg500-draw43/measurements.json,DT,1e-05,0.04103907181316579
normalization-m-pg500-draw43,normalization,m-pg500,raw/normalization-m-pg500-draw43/measurements.json,GT,0.0,0.18075196044232136
normalization-m-pg500-draw43,normalization,m-pg500,raw/normalization-m-pg500-draw43/measurements.json,GT,1e-08,0.1801292616265506
normalization-m-pg500-draw43,normalization,m-pg500,raw/normalization-m-pg500-draw43/measurements.json,GT,1e-07,0.15942048665480532
normalization-m-pg500-draw43,normalization,m-pg500,raw/normalization-m-pg500-draw43/measurements.json,GT,1e-06,0.08965921401381581
normalization-m-pg500-draw43,normalization,m-pg500,raw/normalization-m-pg500-draw43/measurements.json,GT,1e-05,0.04113961959655979
normalization-m-pg500-draw42-quota1234-prompt,normalization,m-pg500,raw/normalization-m-pg500-draw42-quota1234-prompt/measurements.json,zero_gradient,0.0,0.16236554866644767
normalization-m-pg500-draw42-quota1234-prompt,normalization,m-pg500,raw/normalization-m-pg500-draw42-quota1234-prompt/measurements.json,zero_gradient,1e-08,0.16169577256481033
normalization-m-pg500-draw42-quota1234-prompt,normalization,m-pg500,raw/normalization-m-pg500-draw42-quota1234-prompt/measurements.json,zero_gradient,1e-07,0.1402264960059491
normalization-m-pg500-draw42-quota1234-prompt,normalization,m-pg500,raw/normalization-m-pg500-draw42-quota1234-prompt/measurements.json,zero_gradient,1e-06,0.07914150903006043
normalization-m-pg500-draw42-quota1234-prompt,normalization,m-pg500,raw/normalization-m-pg500-draw42-quota1234-prompt/measurements.json,zero_gradient,1e-05,0.036317452521173944
normalization-m-pg500-draw42-quota1234-prompt,normalization,m-pg500,raw/normalization-m-pg500-draw42-quota1234-prompt/measurements.json,DR,0.0,0.17471293270744395
normalization-m-pg500-draw42-quota1234-prompt,normalization,m-pg500,raw/normalization-m-pg500-draw42-quota1234-prompt/measurements.json,DR,1e-08,0.17407419274241498
normalization-m-pg500-draw42-quota1234-prompt,normalization,m-pg500,raw/normalization-m-pg500-draw42-quota1234-prompt/measurements.json,DR,1e-07,0.15293352726292353
normalization-m-pg500-draw42-quota1234-prompt,normalization,m-pg500,raw/normalization-m-pg500-draw42-quota1234-prompt/measurements.json,DR,1e-06,0.08601130556021756
normalization-m-pg500-draw42-quota1234-prompt,normalization,m-pg500,raw/normalization-m-pg500-draw42-quota1234-prompt/measurements.json,DR,1e-05,0.039469247749887075
normalization-m-pg500-draw42-quota1234-prompt,normalization,m-pg500,raw/normalization-m-pg500-draw42-quota1234-prompt/measurements.json,DT,0.0,0.17550121570523178
normalization-m-pg500-draw42-quota1234-prompt,normalization,m-pg500,raw/normalization-m-pg500-draw42-quota1234-prompt/measurements.json,DT,1e-08,0.17486811339048558
normalization-m-pg500-draw42-quota1234-prompt,normalization,m-pg500,raw/normalization-m-pg500-draw42-quota1234-prompt/measurements.json,DT,1e-07,0.1537830688524439
normalization-m-pg500-draw42-quota1234-prompt,normalization,m-pg500,raw/normalization-m-pg500-draw42-quota1234-prompt/measurements.json,DT,1e-06,0.08645853977594987
normalization-m-pg500-draw42-quota1234-prompt,normalization,m-pg500,raw/normalization-m-pg500-draw42-quota1234-prompt/measurements.json,DT,1e-05,0.0396538953266748
normalization-m-pg500-draw42-quota1234-prompt,normalization,m-pg500,raw/normalization-m-pg500-draw42-quota1234-prompt/measurements.json,GT,0.0,0.17592804976375526
normalization-m-pg500-draw42-quota1234-prompt,normalization,m-pg500,raw/normalization-m-pg500-draw42-quota1234-prompt/measurements.json,GT,1e-08,0.17529506368922107
normalization-m-pg500-draw42-quota1234-prompt,normalization,m-pg500,raw/normalization-m-pg500-draw42-quota1234-prompt/measurements.json,GT,1e-07,0.15422210813322906
normalization-m-pg500-draw42-quota1234-prompt,normalization,m-pg500,raw/normalization-m-pg500-draw42-quota1234-prompt/measurements.json,GT,1e-06,0.08670310918203195
normalization-m-pg500-draw42-quota1234-prompt,normalization,m-pg500,raw/normalization-m-pg500-draw42-quota1234-prompt/measurements.json,GT,1e-05,0.03977350650483946
teachers-m-pg250-draw43,teachers,m-pg250,raw/teachers-m-pg250-draw43/measurements.json,zero_gradient,0.0,0.18186612287449658
teachers-m-pg250-draw43,teachers,m-pg250,raw/teachers-m-pg250-draw43/measurements.json,zero_gradient,1e-08,0.18126829946409728
teachers-m-pg250-draw43,teachers,m-pg250,raw/teachers-m-pg250-draw43/measurements.json,zero_gradient,1e-07,0.16017784975619684
teachers-m-pg250-draw43,teachers,m-pg250,raw/teachers-m-pg250-draw43/measurements.json,zero_gradient,1e-06,0.08622669867308357
teachers-m-pg250-draw43,teachers,m-pg250,raw/teachers-m-pg250-draw43/measurements.json,zero_gradient,1e-05,0.03515034267242533
teachers-m-pg250-draw43,teachers,m-pg250,raw/teachers-m-pg250-draw43/measurements.json,routed/math/sampled_pg,0.0,0.18917368004310672
teachers-m-pg250-draw43,teachers,m-pg250,raw/teachers-m-pg250-draw43/measurements.json,routed/math/sampled_pg,1e-08,0.1885980003930965
teachers-m-pg250-draw43,teachers,m-pg250,raw/teachers-m-pg250-draw43/measurements.json,routed/math/sampled_pg,1e-07,0.16791067174046823
teachers-m-pg250-draw43,teachers,m-pg250,raw/teachers-m-pg250-draw43/measurements.json,routed/math/sampled_pg,1e-06,0.0901974061954508
teachers-m-pg250-draw43,teachers,m-pg250,raw/teachers-m-pg250-draw43/measurements.json,routed/math/sampled_pg,1e-05,0.03665204997146256
teachers-m-pg250-draw43,teachers,m-pg250,raw/teachers-m-pg250-draw43/measurements.json,routed/math/topk_intersection,0.0,0.1892848056857942
teachers-m-pg250-draw43,teachers,m-pg250,raw/teachers-m-pg250-draw43/measurements.json,routed/math/topk_intersection,1e-08,0.18870749867281575
teachers-m-pg250-draw43,teachers,m-pg250,raw/teachers-m-pg250-draw43/measurements.json,routed/math/topk_intersection,1e-07,0.1680324333625552
teachers-m-pg250-draw43,teachers,m-pg250,raw/teachers-m-pg250-draw43/measurements.json,routed/math/topk_intersection,1e-06,0.09025901350781937
teachers-m-pg250-draw43,teachers,m-pg250,raw/teachers-m-pg250-draw43/measurements.json,routed/math/topk_intersection,1e-05,0.03666919540273495
teachers-m-pg250-draw43,teachers,m-pg250,raw/teachers-m-pg250-draw43/measurements.json,routed/code/sampled_pg,0.0,0.19138683555978905
teachers-m-pg250-draw43,teachers,m-pg250,raw/teachers-m-pg250-draw43/measurements.json,routed/code/sampled_pg,1e-08,0.19081040034840074
teachers-m-pg250-draw43,teachers,m-pg250,raw/teachers-m-pg250-draw43/measurements.json,routed/code/sampled_pg,1e-07,0.17026598903644638
teachers-m-pg250-draw43,teachers,m-pg250,raw/teachers-m-pg250-draw43/measurements.json,routed/code/sampled_pg,1e-06,0.09141554549727451
teachers-m-pg250-draw43,teachers,m-pg250,raw/teachers-m-pg250-draw43/measurements.json,routed/code/sampled_pg,1e-05,0.03708271995698257
teachers-m-pg250-draw43,teachers,m-pg250,raw/teachers-m-pg250-draw43/measurements.json,routed/code/topk_intersection,0.0,0.19147860720717585
teachers-m-pg250-draw43,teachers,m-pg250,raw/teachers-m-pg250-draw43/measurements.json,routed/code/topk_intersection,1e-08,0.19090746092543426
teachers-m-pg250-draw43,teachers,m-pg250,raw/teachers-m-pg250-draw43/measurements.json,routed/code/topk_intersection,1e-07,0.17036072480923958
teachers-m-pg250-draw43,teachers,m-pg250,raw/teachers-m-pg250-draw43/measurements.json,routed/code/topk_intersection,1e-06,0.0914772109297491
teachers-m-pg250-draw43,teachers,m-pg250,raw/teachers-m-pg250-draw43/measurements.json,routed/code/topk_intersection,1e-05,0.037106723560763916
teachers-m-pg250-draw43,teachers,m-pg250,raw/teachers-m-pg250-draw43/measurements.json,routed/if/sampled_pg,0.0,0.18888958896493913
teachers-m-pg250-draw43,teachers,m-pg250,raw/teachers-m-pg250-draw43/measurements.json,routed/if/sampled_pg,1e-08,0.18831390931492892
teachers-m-pg250-draw43,teachers,m-pg250,raw/teachers-m-pg250-draw43/measurements.json,routed/if/sampled_pg,1e-07,0.16762530201996848
teachers-m-pg250-draw43,teachers,m-pg250,raw/teachers-m-pg250-draw43/measurements.json,routed/if/sampled_pg,1e-06,0.08999700806993487
teachers-m-pg250-draw43,teachers,m-pg250,raw/teachers-m-pg250-draw43/measurements.json,routed/if/sampled_pg,1e-05,0.03653069519011766
teachers-m-pg250-draw43,teachers,m-pg250,raw/teachers-m-pg250-draw43/measurements.json,routed/if/topk_intersection,0.0,0.1893279308044522
teachers-m-pg250-draw43,teachers,m-pg250,raw/teachers-m-pg250-draw43/measurements.json,routed/if/topk_intersection,1e-08,0.18875178619359392
teachers-m-pg250-draw43,teachers,m-pg250,raw/teachers-m-pg250-draw43/measurements.json,routed/if/topk_intersection,1e-07,0.16806794474732614
teachers-m-pg250-draw43,teachers,m-pg250,raw/teachers-m-pg250-draw43/measurements.json,routed/if/topk_intersection,1e-06,0.09020339256636963
teachers-m-pg250-draw43,teachers,m-pg250,raw/teachers-m-pg250-draw43/measurements.json,routed/if/topk_intersection,1e-05,0.03658678109241547
teachers-m-pg250-draw43,teachers,m-pg250,raw/teachers-m-pg250-draw43/measurements.json,routed/science/sampled_pg,0.0,0.18707362625271612
teachers-m-pg250-draw43,teachers,m-pg250,raw/teachers-m-pg250-draw43/measurements.json,routed/science/sampled_pg,1e-08,0.1864886473857446
teachers-m-pg250-draw43,teachers,m-pg250,raw/teachers-m-pg250-draw43/measurements.json,routed/science/sampled_pg,1e-07,0.1657012359105704
teachers-m-pg250-draw43,teachers,m-pg250,raw/teachers-m-pg250-draw43/measurements.json,routed/science/sampled_pg,1e-06,0.08900832694663112
teachers-m-pg250-draw43,teachers,m-pg250,raw/teachers-m-pg250-draw43/measurements.json,routed/science/sampled_pg,1e-05,0.0361039192517002
teachers-m-pg250-draw43,teachers,m-pg250,raw/teachers-m-pg250-draw43/measurements.json,routed/science/topk_intersection,0.0,0.18976185551590866
teachers-m-pg250-draw43,teachers,m-pg250,raw/teachers-m-pg250-draw43/measurements.json,routed/science/topk_intersection,1e-08,0.18918332798070406
teachers-m-pg250-draw43,teachers,m-pg250,raw/teachers-m-pg250-draw43/measurements.json,routed/science/topk_intersection,1e-07,0.16853674152238746
teachers-m-pg250-draw43,teachers,m-pg250,raw/teachers-m-pg250-draw43/measurements.json,routed/science/topk_intersection,1e-06,0.0905592619754572
teachers-m-pg250-draw43,teachers,m-pg250,raw/teachers-m-pg250-draw43/measurements.json,routed/science/topk_intersection,1e-05,0.03677416031418558
teachers-m-pg250-draw43,teachers,m-pg250,raw/teachers-m-pg250-draw43/measurements.json,common/math/sampled_pg,0.0,0.19164262214633068
teachers-m-pg250-draw43,teachers,m-pg250,raw/teachers-m-pg250-draw43/measurements.json,common/math/sampled_pg,1e-08,0.19107263826670928
teachers-m-pg250-draw43,teachers,m-pg250,raw/teachers-m-pg250-draw43/measurements.json,common/math/sampled_pg,1e-07,0.17053206288175146
teachers-m-pg250-draw43,teachers,m-pg250,raw/teachers-m-pg250-draw43/measurements.json,common/math/sampled_pg,1e-06,0.09154143364688805
teachers-m-pg250-draw43,teachers,m-pg250,raw/teachers-m-pg250-draw43/measurements.json,common/math/sampled_pg,1e-05,0.03713671353546409
teachers-m-pg250-draw43,teachers,m-pg250,raw/teachers-m-pg250-draw43/measurements.json,common/math/topk_intersection,0.0,0.19176990517848844
teachers-m-pg250-draw43,teachers,m-pg250,raw/teachers-m-pg250-draw43/measurements.json,common/math/topk_intersection,1e-08,0.19119527169038636
teachers-m-pg250-draw43,teachers,m-pg250,raw/teachers-m-pg250-draw43/measurements.json,common/math/topk_intersection,1e-07,0.17066602972610012
teachers-m-pg250-draw43,teachers,m-pg250,raw/teachers-m-pg250-draw43/measurements.json,common/math/topk_intersection,1e-06,0.09161972142968096
teachers-m-pg250-draw43,teachers,m-pg250,raw/teachers-m-pg250-draw43/measurements.json,common/math/topk_intersection,1e-05,0.037157404293202974
teachers-m-pg250-draw43,teachers,m-pg250,raw/teachers-m-pg250-draw43/measurements.json,common/code/sampled_pg,0.0,0.19164674867385725
teachers-m-pg250-draw43,teachers,m-pg250,raw/teachers-m-pg250-draw43/measurements.json,common/code/sampled_pg,1e-08,0.19107757847571996
teachers-m-pg250-draw43,teachers,m-pg250,raw/teachers-m-pg250-draw43/measurements.json,common/code/sampled_pg,1e-07,0.1705381073727763
teachers-m-pg250-draw43,teachers,m-pg250,raw/teachers-m-pg250-draw43/measurements.json,common/code/sampled_pg,1e-06,0.09153916696275373
teachers-m-pg250-draw43,teachers,m-pg250,raw/teachers-m-pg250-draw43/measurements.json,common/code/sampled_pg,1e-05,0.03713502805238986
teachers-m-pg250-draw43,teachers,m-pg250,raw/teachers-m-pg250-draw43/measurements.json,common/code/topk_intersection,0.0,0.1917963498267221
teachers-m-pg250-draw43,teachers,m-pg250,raw/teachers-m-pg250-draw43/measurements.json,common/code/topk_intersection,1e-08,0.1912207282968179
teachers-m-pg250-draw43,teachers,m-pg250,raw/teachers-m-pg250-draw43/measurements.json,common/code/topk_intersection,1e-07,0.17069415985740802
teachers-m-pg250-draw43,teachers,m-pg250,raw/teachers-m-pg250-draw43/measurements.json,common/code/topk_intersection,1e-06,0.09163680874084733
teachers-m-pg250-draw43,teachers,m-pg250,raw/teachers-m-pg250-draw43/measurements.json,common/code/topk_intersection,1e-05,0.03716571546836213
teachers-m-pg250-draw43,teachers,m-pg250,raw/teachers-m-pg250-draw43/measurements.json,common/if/sampled_pg,0.0,0.19157944559109988
teachers-m-pg250-draw43,teachers,m-pg250,raw/teachers-m-pg250-draw43/measurements.json,common/if/sampled_pg,1e-08,0.19100876427020638
teachers-m-pg250-draw43,teachers,m-pg250,raw/teachers-m-pg250-draw43/measurements.json,common/if/sampled_pg,1e-07,0.17046975812811077
teachers-m-pg250-draw43,teachers,m-pg250,raw/teachers-m-pg250-draw43/measurements.json,common/if/sampled_pg,1e-06,0.09151719756268267
teachers-m-pg250-draw43,teachers,m-pg250,raw/teachers-m-pg250-draw43/measurements.json,common/if/sampled_pg,1e-05,0.03712177666822001
teachers-m-pg250-draw43,teachers,m-pg250,raw/teachers-m-pg250-draw43/measurements.json,common/if/topk_intersection,0.0,0.1916769711289815
teachers-m-pg250-draw43,teachers,m-pg250,raw/teachers-m-pg250-draw43/measurements.json,common/if/topk_intersection,1e-08,0.19110390688374165
teachers-m-pg250-draw43,teachers,m-pg250,raw/teachers-m-pg250-draw43/measurements.json,common/if/topk_intersection,1e-07,0.17058303421472054
teachers-m-pg250-draw43,teachers,m-pg250,raw/teachers-m-pg250-draw43/measurements.json,common/if/topk_intersection,1e-06,0.09157642195070492
teachers-m-pg250-draw43,teachers,m-pg250,raw/teachers-m-pg250-draw43/measurements.json,common/if/topk_intersection,1e-05,0.03715507948896265
teachers-m-pg250-draw43,teachers,m-pg250,raw/teachers-m-pg250-draw43/measurements.json,common/science/sampled_pg,0.0,0.19168318998032435
teachers-m-pg250-draw43,teachers,m-pg250,raw/teachers-m-pg250-draw43/measurements.json,common/science/sampled_pg,1e-08,0.19111338046102097
teachers-m-pg250-draw43,teachers,m-pg250,raw/teachers-m-pg250-draw43/measurements.json,common/science/sampled_pg,1e-07,0.17056501698185803
teachers-m-pg250-draw43,teachers,m-pg250,raw/teachers-m-pg250-draw43/measurements.json,common/science/sampled_pg,1e-06,0.09155224398660555
teachers-m-pg250-draw43,teachers,m-pg250,raw/teachers-m-pg250-draw43/measurements.json,common/science/sampled_pg,1e-05,0.03713613233440401
teachers-m-pg250-draw43,teachers,m-pg250,raw/teachers-m-pg250-draw43/measurements.json,common/science/topk_intersection,0.0,0.19175659567421258
teachers-m-pg250-draw43,teachers,m-pg250,raw/teachers-m-pg250-draw43/measurements.json,common/science/topk_intersection,1e-08,0.1911803929432483
teachers-m-pg250-draw43,teachers,m-pg250,raw/teachers-m-pg250-draw43/measurements.json,common/science/topk_intersection,1e-07,0.17064847745408568
teachers-m-pg250-draw43,teachers,m-pg250,raw/teachers-m-pg250-draw43/measurements.json,common/science/topk_intersection,1e-06,0.09161042221271967
teachers-m-pg250-draw43,teachers,m-pg250,raw/teachers-m-pg250-draw43/measurements.json,common/science/topk_intersection,1e-05,0.03715507948896265
teachers-m-pg500-draw43,teachers,m-pg500,raw/teachers-m-pg500-draw43/measurements.json,zero_gradient,0.0,0.16236554866644767
teachers-m-pg500-draw43,teachers,m-pg500,raw/teachers-m-pg500-draw43/measurements.json,zero_gradient,1e-08,0.16169577256481033
teachers-m-pg500-draw43,teachers,m-pg500,raw/teachers-m-pg500-draw43/measurements.json,zero_gradient,1e-07,0.1402264960059491
teachers-m-pg500-draw43,teachers,m-pg500,raw/teachers-m-pg500-draw43/measurements.json,zero_gradient,1e-06,0.07914150903006043
teachers-m-pg500-draw43,teachers,m-pg500,raw/teachers-m-pg500-draw43/measurements.json,zero_gradient,1e-05,0.036317452521173944
teachers-m-pg500-draw43,teachers,m-pg500,raw/teachers-m-pg500-draw43/measurements.json,routed/math/sampled_pg,0.0,0.16886029615253453
teachers-m-pg500-draw43,teachers,m-pg500,raw/teachers-m-pg500-draw43/measurements.json,routed/math/sampled_pg,1e-08,0.1682069680408975
teachers-m-pg500-draw43,teachers,m-pg500,raw/teachers-m-pg500-draw43/measurements.json,routed/math/sampled_pg,1e-07,0.1470470648063174
teachers-m-pg500-draw43,teachers,m-pg500,raw/teachers-m-pg500-draw43/measurements.json,routed/math/sampled_pg,1e-06,0.08278935936355265
teachers-m-pg500-draw43,teachers,m-pg500,raw/teachers-m-pg500-draw43/measurements.json,routed/math/sampled_pg,1e-05,0.03799567058215776
teachers-m-pg500-draw43,teachers,m-pg500,raw/teachers-m-pg500-draw43/measurements.json,routed/math/topk_intersection,0.0,0.16907185333840402
teachers-m-pg500-draw43,teachers,m-pg500,raw/teachers-m-pg500-draw43/measurements.json,routed/math/topk_intersection,1e-08,0.16842032695005324
teachers-m-pg500-draw43,teachers,m-pg500,raw/teachers-m-pg500-draw43/measurements.json,routed/math/topk_intersection,1e-07,0.14726949045201038
teachers-m-pg500-draw43,teachers,m-pg500,raw/teachers-m-pg500-draw43/measurements.json,routed/math/topk_intersection,1e-06,0.08293431090793685
teachers-m-pg500-draw43,teachers,m-pg500,raw/teachers-m-pg500-draw43/measurements.json,routed/math/topk_intersection,1e-05,0.038027171679614155
teachers-m-pg500-draw43,teachers,m-pg500,raw/teachers-m-pg500-draw43/measurements.json,routed/code/sampled_pg,0.0,0.16693187103518586
teachers-m-pg500-draw43,teachers,m-pg500,raw/teachers-m-pg500-draw43/measurements.json,routed/code/sampled_pg,1e-08,0.166272498432524
teachers-m-pg500-draw43,teachers,m-pg500,raw/teachers-m-pg500-draw43/measurements.json,routed/code/sampled_pg,1e-07,0.14498537028589215
teachers-m-pg500-draw43,teachers,m-pg500,raw/teachers-m-pg500-draw43/measurements.json,routed/code/sampled_pg,1e-06,0.08170082789812701
teachers-m-pg500-draw43,teachers,m-pg500,raw/teachers-m-pg500-draw43/measurements.json,routed/code/sampled_pg,1e-05,0.037419525971299494
teachers-m-pg500-draw43,teachers,m-pg500,raw/teachers-m-pg500-draw43/measurements.json,routed/code/topk_intersection,0.0,0.16788143732714617
teachers-m-pg500-draw43,teachers,m-pg500,raw/teachers-m-pg500-draw43/measurements.json,routed/code/topk_intersection,1e-08,0.16722624937211686
teachers-m-pg500-draw43,teachers,m-pg500,raw/teachers-m-pg500-draw43/measurements.json,routed/code/topk_intersection,1e-07,0.14603891344750095
teachers-m-pg500-draw43,teachers,m-pg500,raw/teachers-m-pg500-draw43/measurements.json,routed/code/topk_intersection,1e-06,0.08226598780894975
teachers-m-pg500-draw43,teachers,m-pg500,raw/teachers-m-pg500-draw43/measurements.json,routed/code/topk_intersection,1e-05,0.03774406864324871
teachers-m-pg500-draw43,teachers,m-pg500,raw/teachers-m-pg500-draw43/measurements.json,routed/if/sampled_pg,0.0,0.16860468392631092
teachers-m-pg500-draw43,teachers,m-pg500,raw/teachers-m-pg500-draw43/measurements.json,routed/if/sampled_pg,1e-08,0.16795902766866697
teachers-m-pg500-draw43,teachers,m-pg500,raw/teachers-m-pg500-draw43/measurements.json,routed/if/sampled_pg,1e-07,0.1467182212465236
teachers-m-pg500-draw43,teachers,m-pg500,raw/teachers-m-pg500-draw43/measurements.json,routed/if/sampled_pg,1e-06,0.08259297152535129
teachers-m-pg500-draw43,teachers,m-pg500,raw/teachers-m-pg500-draw43/measurements.json,routed/if/sampled_pg,1e-05,0.0378085819609177
teachers-m-pg500-draw43,teachers,m-pg500,raw/teachers-m-pg500-draw43/measurements.json,routed/if/topk_intersection,0.0,0.16908132691568334
teachers-m-pg500-draw43,teachers,m-pg500,raw/teachers-m-pg500-draw43/measurements.json,routed/if/topk_intersection,1e-08,0.16844014590620202
teachers-m-pg500-draw43,teachers,m-pg500,raw/teachers-m-pg500-draw43/measurements.json,routed/if/topk_intersection,1e-07,0.14724043039900633
teachers-m-pg500-draw43,teachers,m-pg500,raw/teachers-m-pg500-draw43/measurements.json,routed/if/topk_intersection,1e-06,0.08286683346486146
teachers-m-pg500-draw43,teachers,m-pg500,raw/teachers-m-pg500-draw43/measurements.json,routed/if/topk_intersection,1e-05,0.037912675070778196
teachers-m-pg500-draw43,teachers,m-pg500,raw/teachers-m-pg500-draw43/measurements.json,routed/science/sampled_pg,0.0,0.16546759308441783
teachers-m-pg500-draw43,teachers,m-pg500,raw/teachers-m-pg500-draw43/measurements.json,routed/science/sampled_pg,1e-08,0.16480083922829294
teachers-m-pg500-draw43,teachers,m-pg500,raw/teachers-m-pg500-draw43/measurements.json,routed/science/sampled_pg,1e-07,0.14349226476254412
teachers-m-pg500-draw43,teachers,m-pg500,raw/teachers-m-pg500-draw43/measurements.json,routed/science/sampled_pg,1e-06,0.08087377878963177
teachers-m-pg500-draw43,teachers,m-pg500,raw/teachers-m-pg500-draw43/measurements.json,routed/science/sampled_pg,1e-05,0.03709794742475669
teachers-m-pg500-draw43,teachers,m-pg500,raw/teachers-m-pg500-draw43/measurements.json,routed/science/topk_intersection,0.0,0.17013301023389987
teachers-m-pg500-draw43,teachers,m-pg500,raw/teachers-m-pg500-draw43/measurements.json,routed/science/topk_intersection,1e-08,0.1694760205555843
teachers-m-pg500-draw43,teachers,m-pg500,raw/teachers-m-pg500-draw43/measurements.json,routed/science/topk_intersection,1e-07,0.148379468236553
teachers-m-pg500-draw43,teachers,m-pg500,raw/teachers-m-pg500-draw43/measurements.json,routed/science/topk_intersection,1e-06,0.08347604841603834
teachers-m-pg500-draw43,teachers,m-pg500,raw/teachers-m-pg500-draw43/measurements.json,routed/science/topk_intersection,1e-05,0.03825616489728605
teachers-m-pg500-draw43,teachers,m-pg500,raw/teachers-m-pg500-draw43/measurements.json,common/math/sampled_pg,0.0,0.16871493776740829
teachers-m-pg500-draw43,teachers,m-pg500,raw/teachers-m-pg500-draw43/measurements.json,common/math/sampled_pg,1e-08,0.16806370197958753
teachers-m-pg500-draw43,teachers,m-pg500,raw/teachers-m-pg500-draw43/measurements.json,common/math/sampled_pg,1e-07,0.1468784002586819
teachers-m-pg500-draw43,teachers,m-pg500,raw/teachers-m-pg500-draw43/measurements.json,common/math/sampled_pg,1e-06,0.08267689695842699
teachers-m-pg500-draw43,teachers,m-pg500,raw/teachers-m-pg500-draw43/measurements.json,common/math/sampled_pg,1e-05,0.03788256885586601
teachers-m-pg500-draw43,teachers,m-pg500,raw/teachers-m-pg500-draw43/measurements.json,common/math/topk_intersection,0.0,0.1691090502062492
teachers-m-pg500-draw43,teachers,m-pg500,raw/teachers-m-pg500-draw43/measurements.json,common/math/topk_intersection,1e-08,0.16846008110256278
teachers-m-pg500-draw43,teachers,m-pg500,raw/teachers-m-pg500-draw43/measurements.json,common/math/topk_intersection,1e-07,0.14731209248971433
teachers-m-pg500-draw43,teachers,m-pg500,raw/teachers-m-pg500-draw43/measurements.json,common/math/topk_intersection,1e-06,0.08295163069952727
teachers-m-pg500-draw43,teachers,m-pg500,raw/teachers-m-pg500-draw43/measurements.json,common/math/topk_intersection,1e-05,0.0380275204002502
teachers-m-pg500-draw43,teachers,m-pg500,raw/teachers-m-pg500-draw43/measurements.json,common/code/sampled_pg,0.0,0.16858643421302438
teachers-m-pg500-draw43,teachers,m-pg500,raw/teachers-m-pg500-draw43/measurements.json,common/code/sampled_pg,1e-08,0.16793508218499162
teachers-m-pg500-draw43,teachers,m-pg500,raw/teachers-m-pg500-draw43/measurements.json,common/code/sampled_pg,1e-07,0.14675477879320267
teachers-m-pg500-draw43,teachers,m-pg500,raw/teachers-m-pg500-draw43/measurements.json,common/code/sampled_pg,1e-06,0.0826360385239033
teachers-m-pg500-draw43,teachers,m-pg500,raw/teachers-m-pg500-draw43/measurements.json,common/code/sampled_pg,1e-05,0.03791715031894082
teachers-m-pg500-draw43,teachers,m-pg500,raw/teachers-m-pg500-draw43/measurements.json,common/code/topk_intersection,0.0,0.16931799198734832
teachers-m-pg500-draw43,teachers,m-pg500,raw/teachers-m-pg500-draw43/measurements.json,common/code/topk_intersection,1e-08,0.1686706502466301
teachers-m-pg500-draw43,teachers,m-pg500,raw/teachers-m-pg500-draw43/measurements.json,common/code/topk_intersection,1e-07,0.14753271641212107
teachers-m-pg500-draw43,teachers,m-pg500,raw/teachers-m-pg500-draw43/measurements.json,common/code/topk_intersection,1e-06,0.08306973075493572
teachers-m-pg500-draw43,teachers,m-pg500,raw/teachers-m-pg500-draw43/measurements.json,common/code/topk_intersection,1e-05,0.03809168499728314
teachers-m-pg500-draw43,teachers,m-pg500,raw/teachers-m-pg500-draw43/measurements.json,common/if/sampled_pg,0.0,0.16827711900884929
teachers-m-pg500-draw43,teachers,m-pg500,raw/teachers-m-pg500-draw43/measurements.json,common/if/sampled_pg,1e-08,0.16762460457869638
teachers-m-pg500-draw43,teachers,m-pg500,raw/teachers-m-pg500-draw43/measurements.json,common/if/sampled_pg,1e-07,0.14643174724400967
teachers-m-pg500-draw43,teachers,m-pg500,raw/teachers-m-pg500-draw43/measurements.json,common/if/sampled_pg,1e-06,0.08246278248789317
teachers-m-pg500-draw43,teachers,m-pg500,raw/teachers-m-pg500-draw43/measurements.json,common/if/sampled_pg,1e-05,0.03784560446844486
teachers-m-pg500-draw43,teachers,m-pg500,raw/teachers-m-pg500-draw43/measurements.json,common/if/topk_intersection,0.0,0.169208319347311
teachers-m-pg500-draw43,teachers,m-pg500,raw/teachers-m-pg500-draw43/measurements.json,common/if/topk_intersection,1e-08,0.16855597927747612
teachers-m-pg500-draw43,teachers,m-pg500,raw/teachers-m-pg500-draw43/measurements.json,common/if/topk_intersection,1e-07,0.14742100956837348
teachers-m-pg500-draw43,teachers,m-pg500,raw/teachers-m-pg500-draw43/measurements.json,common/if/topk_intersection,1e-06,0.0830064379594929
teachers-m-pg500-draw43,teachers,m-pg500,raw/teachers-m-pg500-draw43/measurements.json,common/if/topk_intersection,1e-05,0.03805902149770659
teachers-m-pg500-draw43,teachers,m-pg500,raw/teachers-m-pg500-draw43/measurements.json,common/science/sampled_pg,0.0,0.16812095028400553
teachers-m-pg500-draw43,teachers,m-pg500,raw/teachers-m-pg500-draw43/measurements.json,common/science/sampled_pg,1e-08,0.16746942389565475
teachers-m-pg500-draw43,teachers,m-pg500,raw/teachers-m-pg500-draw43/measurements.json,common/science/sampled_pg,1e-07,0.1462482039492361
teachers-m-pg500-draw43,teachers,m-pg500,raw/teachers-m-pg500-draw43/measurements.json,common/science/sampled_pg,1e-06,0.08234875083990528
teachers-m-pg500-draw43,teachers,m-pg500,raw/teachers-m-pg500-draw43/measurements.json,common/science/sampled_pg,1e-05,0.03775249605861988
teachers-m-pg500-draw43,teachers,m-pg500,raw/teachers-m-pg500-draw43/measurements.json,common/science/topk_intersection,0.0,0.1688393147942656
teachers-m-pg500-draw43,teachers,m-pg500,raw/teachers-m-pg500-draw43/measurements.json,common/science/topk_intersection,1e-08,0.1681781404683175
teachers-m-pg500-draw43,teachers,m-pg500,raw/teachers-m-pg500-draw43/measurements.json,common/science/topk_intersection,1e-07,0.14701207650250053
teachers-m-pg500-draw43,teachers,m-pg500,raw/teachers-m-pg500-draw43/measurements.json,common/science/topk_intersection,1e-06,0.0827788396243652
teachers-m-pg500-draw43,teachers,m-pg500,raw/teachers-m-pg500-draw43/measurements.json,common/science/topk_intersection,1e-05,0.03794777961480709
